seq,room,deposit,rent,new_deposit,deposit_refund,plate,parking_fee,commission,period_start,period_end,remark,sheet,property,building
1.0,Q101,2300,2300.0,,,,,,2026-07-11,2026-08-11,27年4月10日（1年）,7月租金1,嘉定公寓,
2.0,Q102,2300,2300.0,,,,,,2026-07-22,2026-08-22,27年5月21日（1年）,7月租金1,嘉定公寓,
3.0,Q103,2300,2300.0,,,,,,2026-07-22,2026-08-22,27年3月21日（1年）,7月租金1,嘉定公寓,
4.0,Q105,2400,2400.0,,,,,,2026-07-19,2026-08-19,27年1月18日（1年）,7月租金1,嘉定公寓,
5.0,Q106,2260,2260.0,,,,,,2026-07-14,2026-08-14,26年7月13日（1年）,7月租金1,嘉定公寓,
6.0,Q108,2300,2300.0,,,豫Q851DY,150.0,,2026-07-06,2026-08-06,27年4月5日（1年）,7月租金1,嘉定公寓,
7.0,Q201,2060,2060.0,,,,,,2026-07-29,2026-08-29,26年7月28日（1年）,7月租金1,嘉定公寓,
8.0,Q202,2200,1700.0,,,,,,2026-07-26,2026-08-26,续27年7月25日（1年）减500（福利）,7月租金1,嘉定公寓,
9.0,Q205,2100,2100.0,,,苏UH001C,150.0,,2026-07-01,2026-08-01,26年8月30日（1年）,7月租金1,嘉定公寓,
10.0,Q206,2200,2200.0,,,,,,2026-07-05,2026-08-05,27年4月4日（1年）,7月租金1,嘉定公寓,
11.0,R101,1750,1750.0,,,,,,2026-07-19,2026-08-19,26年12月18日（1年）,7月租金1,嘉定公寓,
12.0,R102,1880,1880.0,,,,,,2026-07-06,2026-08-06,27年5月5日（1年）,7月租金1,嘉定公寓,
13.0,R103,1600,,,,,,,2025-01-15,2026-01-15,续27年1月15日（1年）（付清）,7月租金1,嘉定公寓,
14.0,R104,1880,1880.0,,,,,,2026-07-22,2026-08-22,27年6月22日（1年）,7月租金1,嘉定公寓,
15.0,R105,1880,1880.0,,,,,,2026-07-06,2026-08-06,27年2月5日（1年）,7月租金1,嘉定公寓,
16.0,R106,1750,1750.0,,,,,,2026-07-01,2026-08-01,27年1月31日（1年）,7月租金1,嘉定公寓,
17.0,R107,1800,3600.0,,,,,,2026-07-27,2026-08-27,26年12月26日（6个月）,7月租金1,嘉定公寓,
18.0,R108,1700,1700.0,,,,,,2026-07-24,2026-08-24,26年8月23日（1年）,7月租金1,嘉定公寓,
19.0,R109,1500,1500.0,,,,,,2026-07-04,2026-08-04,26年11月3日（1年）,7月租金1,嘉定公寓,
20.0,R110,1880,1880.0,,,,,,2026-07-17,2026-08-17,27年6月16日（1年）,7月租金1,嘉定公寓,
21.0,R111,1800,1800.0,,,,,,2026-07-18,2026-08-18,27年4月17日（1年）,7月租金1,嘉定公寓,
22.0,R112,1800,1800.0,,,,,,2026-07-19,2026-08-19,续27年2月18日（1年）,7月租金1,嘉定公寓,
23.0,R113,1800,1800.0,,,苏UEA054,150.0,,2026-07-17,2026-08-17,26年12月16日（1年）,7月租金1,嘉定公寓,
24.0,R114,1850,1850.0,,,,,,2026-07-20,2026-08-20,27年3月19日（1年）,7月租金1,嘉定公寓,
25.0,R115,1800,1800.0,,,,,,2026-07-11,2026-08-11,续27年6月10日（1年）,7月租金1,嘉定公寓,
26.0,R116,1800,1800.0,,,,,,2026-07-27,2026-08-27,26年8月26日（1年）,7月租金1,嘉定公寓,
27.0,R117,1880,1880.0,,,,,,2026-07-21,2026-08-21,27年4月20日（1年）,7月租金1,嘉定公寓,
28.0,R118,1600,1600.0,,,,,,2026-07-01,2026-08-01,续27年5月31日（1年）,7月租金1,嘉定公寓,
29.0,R119,1880,1880.0,,,苏U81R07,,,2026-07-25,2026-08-25,28年5月24日（3年包停车）,7月租金1,嘉定公寓,
30.0,R201,1880,1880.0,,,,,,2026-07-20,2026-08-20,27年6月19日（1年）,7月租金1,嘉定公寓,
31.0,R202,1600,1600.0,,,,,,2026-07-26,2026-08-26,27年6月25日（1年）,7月租金1,嘉定公寓,
32.0,R203,1750,1750.0,,,,,,2026-07-13,2026-08-13,27年1月12日（1年）,7月租金1,嘉定公寓,
33.0,R204,1800,1800.0,,,,,,2026-07-13,2026-08-13,27年4月25日（1年）,7月租金1,嘉定公寓,
34.0,R206,1800,1800.0,,,,,,2026-07-07,2026-08-07,27年3月6日（1年）,7月租金1,嘉定公寓,
35.0,R207,2200,2200.0,,,,,,2026-07-14,2026-08-14,27年5月13日（1年）,7月租金1,嘉定公寓,
36.0,R208,1620,,,,,,,2026-08-10,2027-08-10,续27年5月9日（1年）,7月租金1,嘉定公寓,
37.0,R209,2150,2150.0,,,,,,2026-07-03,2026-08-03,26年9月2日（1年）,7月租金1,嘉定公寓,
38.0,R210,1880,1880.0,,,,,,2026-07-23,2026-08-23,26年11月22日（1年）,7月租金1,嘉定公寓,
39.0,R211,2250,2250.0,,,,,,2026-07-13,2026-08-13,27年5月12日（1年）,7月租金1,嘉定公寓,
40.0,R212,1800,1800.0,,,,,,2026-07-19,2026-08-19,27年3月18日（1年）,7月租金1,嘉定公寓,
41.0,R213,2300,2300.0,,,,,,2026-07-13,2026-08-13,27年6月12日（1年）,7月租金1,嘉定公寓,
42.0,R214,1700,1700.0,,,,,,2026-07-03,2026-08-03,27年3月2日（1年）,7月租金1,嘉定公寓,
43.0,R215,2300,2300.0,2300.0,,鄂LD02260,150.0,2300.0,2026-07-01,2026-08-01,27年6月30日（1年）,7月租金1,嘉定公寓,
44.0,R216,1750,1750.0,,,,,,2026-07-01,2026-08-01,27年5月31日（1年）,7月租金1,嘉定公寓,
45.0,R217,2200,6600.0,,,浙F32F5J,450.0,,2026-07-01,2026-10-01,27年3月31日（1年）,7月租金1,嘉定公寓,
46.0,R218,1750,1750.0,,,,,,2026-07-22,2026-08-22,27年1月21日（1年）,7月租金1,嘉定公寓,
47.0,R219,2300,2300.0,,,,,,2026-07-03,2026-08-03,28年4月2日（2年）,7月租金1,嘉定公寓,
48.0,R220,1800,1800.0,,,,,,2026-07-06,2026-08-06,27年4月5日（1年）,7月租金1,嘉定公寓,
49.0,R301,1600,1600.0,,,辽AFJ1105,150.0,,2026-07-24,2026-08-24,27年3月23日（1年）,7月租金1,嘉定公寓,
50.0,R302,1800,1800.0,,,,,,2026-07-16,2026-08-16,续26年11月15日（1年）,7月租金1,嘉定公寓,
51.0,R303,1800,1800.0,,,,,,2026-07-03,2026-08-03,27年4月2日（1年）,7月租金1,嘉定公寓,
52.0,R304,2800,2800.0,,,,,,2026-07-01,2026-08-01,27年5月30日（1年）,7月租金1,嘉定公寓,
52.0,R305,1800,1800.0,,,,,,2026-07-03,2026-08-03,27年6月2日（1年）,7月租金1,嘉定公寓,
53.0,R306,2150,2150.0,,,,,,2026-07-10,2026-08-10,26年12月9日（1年）,7月租金1,嘉定公寓,
54.0,R307,1700,1700.0,,,,,,2026-07-19,2026-08-19,续27年3月18日（1年）,7月租金1,嘉定公寓,
55.0,R308,2000,2000.0,,,,,,2026-07-06,2026-08-06,27年3月5日（1年）唐总推荐,7月租金1,嘉定公寓,
56.0,R309,1700,1700.0,,,,,,2026-07-06,2026-08-06,续27年3月5日（1年）减300,7月租金1,嘉定公寓,
57.0,R310,2300,2300.0,,,,,,2026-07-18,2026-08-18,27年3月17日（1年）,7月租金1,嘉定公寓,
58.0,R311,1800,1800.0,,,,,,2026-07-26,2026-08-26,27年3月25日（1年）,7月租金1,嘉定公寓,
59.0,R312,2200,2200.0,,,,,,2026-07-01,2026-08-01,续26年12月31日（1年）减500,7月租金1,嘉定公寓,
60.0,R313,1800,1800.0,,,,,,2026-07-01,2026-08-01,27年3月30日（1年）,7月租金1,嘉定公寓,
61.0,R314,2300,2300.0,220.0,2400.0,,,,2026-07-25,2026-08-25,27年5月24日（1年）S110调房前客户到期退房,7月租金1,嘉定公寓,
62.0,R315,1800,1800.0,,,,,,2026-07-15,2026-08-15,27年3月14日（1年）,7月租金1,嘉定公寓,
63.0,R316,2150,,,,,,,2026-12-26,2027-12-26,27年6月25日（1年）,7月租金1,嘉定公寓,
64.0,R317,1700,1700.0,,,,,,2026-07-10,2026-08-10,26年12月9日（1年）,7月租金1,嘉定公寓,
65.0,R318,无押金,1500.0,,,,,,2026-07-20,2026-08-20,唐总小舅子,7月租金1,嘉定公寓,
66.0,R319,1800,1800.0,,,,,,2026-07-10,2026-08-10,26年9月9日（1年）,7月租金1,嘉定公寓,
67.0,R401,1400,1400.0,,,,,,2026-07-19,2026-08-19,27年3月18日（1年） ,7月租金1,嘉定公寓,
68.0,R402,1500,1500.0,,,普MWF781,150.0,,2026-07-10,2026-08-10,续26年11月9日（1年）减300,7月租金1,嘉定公寓,
69.0,R403,1500,1500.0,,,,,,2026-07-13,2026-08-13,26年11月12日（6个月）,7月租金1,嘉定公寓,
70.0,R404,1300,1300.0,,,,,,2026-07-01,2026-08-01,26年9月1日（1年）,7月租金1,嘉定公寓,
71.0,S003,1600,1600.0,,,,,,2026-07-01,2026-08-01,续27年2月28日（1年）减300,7月租金1,嘉定公寓,
72.0,S004,2000,2000.0,,,苏U3711J,150.0,,2026-07-01,2026-08-01,26年8月31日（1年）,7月租金1,嘉定公寓,
73.0,S005,2000,2000.0,,,,,,2026-07-20,2026-08-20,26年9月19日（1年）,7月租金1,嘉定公寓,
74.0,S101,2100,2100.0,,,,,,2026-07-01,2026-08-01,25年9月30日（6个月）,7月租金1,嘉定公寓,
75.0,S102,2300,2300.0,,,,,,2026-07-09,2026-08-09,26年10月8日（1年）,7月租金1,嘉定公寓,
76.0,S103,2180,2180.0,,,,,,2026-07-01,2026-08-01,27年2月28日（1年）,7月租金1,嘉定公寓,
77.0,S104,2900,2900.0,,,蒙AC11A2,150.0,,2026-07-18,2026-08-18,续26年11月17日（6个月）,7月租金1,嘉定公寓,
78.0,S105,2000,2000.0,,,,,,2026-07-01,2026-08-01,26年10月31日（1年）,7月租金1,嘉定公寓,
79.0,S106,1800,1800.0,,,,,,2026-07-01,2026-08-01,续27年4月30日（1年）,7月租金1,嘉定公寓,
80.0,S107,2000,2000.0,2000.0,,,,2000.0,2026-07-22,2026-08-22,27年7月21日（1年）前客户退房,7月租金1,嘉定公寓,
81.0,S108,2080,2080.0,,,,,,2026-07-03,2026-08-03,27年3月2日（1年）,7月租金1,嘉定公寓,
82.0,S109,1800,1800.0,,,,,,2026-07-08,2026-08-08,续2026年9月7日（1年）,7月租金1,嘉定公寓,
83.0,S110,2180,6540.0,2180.0,,,,545.0,2026-07-14,2026-10-14,26年10月13日（3个月）,7月租金1,嘉定公寓,
84.0,S111,2300,2300.0,,,,,,2026-07-25,2026-08-25,27年5月24日（1年）,7月租金1,嘉定公寓,
85.0,S201,1500,1500.0,,,,,,2026-07-01,2026-08-01,27年5月31日（1年）,7月租金1,嘉定公寓,
86.0,S202,1680,1680.0,1680.0,840.0,,,840.0,2026-07-13,2026-08-13,27年7月12日（1年）转租,7月租金1,嘉定公寓,
87.0,S203,1500,1500.0,,,,,,2026-07-26,2026-08-26,26年10月25日（1年）,7月租金1,嘉定公寓,
88.0,S204,1600,1600.0,,,,,,2026-07-14,2026-08-14,27年5月13日（1年）,7月租金1,嘉定公寓,
89.0,S205,1500,1500.0,,,,,,2026-07-04,2026-08-04,27年5月3日（1年）,7月租金1,嘉定公寓,
90.0,S206,1600,1600.0,,,,,,2026-07-05,2026-08-05,26年1月4日（1年）,7月租金1,嘉定公寓,
91.0,S207,1400,1400.0,,,,,,2026-07-15,2026-08-15,27年6月14日（1年）,7月租金1,嘉定公寓,
92.0,S208,1850,1850.0,1850.0,,,,925.0,2026-07-09,2026-08-09,27年1月8日（6个月）,7月租金1,嘉定公寓,
93.0,S209,2100,2100.0,,,,,,2026-07-13,2026-08-13,27年4月12日（1年）,7月租金1,嘉定公寓,
94.0,S210,2000,2000.0,,,,,,2026-07-14,2026-08-14,2026年10月13日（1年）,7月租金1,嘉定公寓,
95.0,S211,2000,2000.0,,,,,,2026-07-27,2026-08-27,27年5月26日（1年）,7月租金1,嘉定公寓,
96.0,S212,2050,2050.0,,,浙F7JK00,,,2026-07-02,2026-08-02,续27年1月1日（10个月）（包停车）减500,7月租金1,嘉定公寓,
97.0,S213,2080,2080.0,,,,,,2026-07-12,2026-08-12,27年6月11日（1年）,7月租金1,嘉定公寓,
98.0,S214,2000,2000.0,,,,,,2026-07-25,2026-08-25,续26年8月24日（6个月）,7月租金1,嘉定公寓,
99.0,S215,2300,2300.0,,,,,,2026-07-22,2026-08-22,27年6月21日（1年）,7月租金1,嘉定公寓,
100.0,S301,1400,1400.0,,,,,,2026-07-21,2026-08-21,续26年12月20日（1年）,7月租金1,嘉定公寓,
101.0,S302,1600,1600.0,,,,,,2026-07-08,2026-08-08,续27年6月7日（1年）,7月租金1,嘉定公寓,
102.0,S303,1500,1500.0,,,,,,2026-07-01,2026-08-01,续26年11月30日（1年）,7月租金1,嘉定公寓,
103.0,S304,1680,1680.0,,,,,,2026-07-10,2026-08-10,27年3月9日（1年）,7月租金1,嘉定公寓,
104.0,S305,1500,1500.0,,,,,,2026-07-14,2026-08-14,续27年6月13日（1年）,7月租金1,嘉定公寓,
105.0,S306,1800,,,,,,,2026-08-01,2027-08-01,2027年6月30日（1年）,7月租金1,嘉定公寓,
106.0,S307,1400,1400.0,,,,,,2026-07-15,2026-08-15,续27年6月14日（1年）,7月租金1,嘉定公寓,
107.0,S308,1880,1880.0,,,,,,2026-07-17,2026-08-17,27年1月16日（1年）,7月租金1,嘉定公寓,
108.0,S309,2100,2100.0,,,,,,2026-07-30,2026-08-30,续26年12月29日（6个月）,7月租金1,嘉定公寓,
109.0,S310,2000,2000.0,,,皖M7L937,150.0,,2026-07-03,2026-08-03,续27年4月2日（1年）减500,7月租金1,嘉定公寓,
110.0,S311,2080,2080.0,2080.0,,,,2080.0,2026-07-02,2026-08-02,2027年7月1日（1年）,7月租金1,嘉定公寓,
111.0,S312,2000,2000.0,,,,,,2026-07-22,2026-08-22,27年4月21日（1年）,7月租金1,嘉定公寓,
112.0,S313,2000,2000.0,,,,,,2026-07-18,2026-08-18,26年9月17日（1年）,7月租金1,嘉定公寓,
113.0,S314,2000,2000.0,,,,,,2026-07-13,2026-08-13,续27年4月12日（1年）减500,7月租金1,嘉定公寓,
114.0,S315,2200,,,,川G7SX21,,,2026-08-01,2027-08-01,续26年10月30日（1年）,7月租金1,嘉定公寓,
115.0,S401,1500,1500.0,,,豫S598H8,150.0,,2026-07-15,2026-08-15,27年3月14日（1年）,7月租金1,嘉定公寓,
116.0,S402,1600,1600.0,,,,,,2026-07-28,2026-08-28,续26年12月27日（1年）减200,7月租金1,嘉定公寓,
117.0,S403,1500,1500.0,,,苏FQ90D6,150.0,,2026-07-25,2026-08-25,续27年4月24日（1年）,7月租金1,嘉定公寓,
118.0,S404,1600,1600.0,,,,,,2026-07-10,2026-08-10,续27年7月9日（1年）,7月租金1,嘉定公寓,
119.0,S405,1500,1500.0,,,,,,2026-07-11,2026-08-11,26年11月10日（1年）,7月租金1,嘉定公寓,
120.0,S406,1600,1600.0,,,,,,2026-07-15,2026-08-15,续27年8月14日（6个月）减300,7月租金1,嘉定公寓,
121.0,S407,1400,1400.0,,,苏FDK751,150.0,,2026-07-15,2026-08-15,续26年6月14日（4个月）,7月租金1,嘉定公寓,
122.0,S408,1900,1900.0,,,,,,2026-07-01,2026-08-01,27年4月30日（1年）,7月租金1,嘉定公寓,
123.0,S409,2100,2000.0,,,,,,2026-07-01,2026-08-01,续27年2月28日（1年）减100,7月租金1,嘉定公寓,
124.0,S410,2080,2080.0,,,,,,2026-07-28,2026-08-28,27年3月27日（1年）,7月租金1,嘉定公寓,
125.0,S411,4160,4160.0,4160.0,1380.0,,,4160.0,2026-08-01,2026-09-01,27年7月31日（1年）前客户退房减10天租金,7月租金1,嘉定公寓,
126.0,S412,2080,2080.0,,,,,,2026-07-08,2026-08-08,27年4月7日（1年）,7月租金1,嘉定公寓,
127.0,S413,2000,2000.0,2000.0,2000.0,,,2000.0,2026-07-09,2026-08-09,27年7月8日（1年）前客户到期退房,7月租金1,嘉定公寓,
128.0,S414,2000,2000.0,,,,,,2026-07-07,2026-08-07,26年7月6日（6个月）,7月租金1,嘉定公寓,
129.0,S415,2300,2300.0,,,,,,2026-07-28,2026-08-28,27年3月27日（1年）,7月租金1,嘉定公寓,
1.0,Q101,2300,2300.0,,,,,,2026-06-11,2026-07-11,27年4月10日（1年）,6月租金1,嘉定公寓,
2.0,Q102,2300,2300.0,,,,,,2026-06-22,2026-07-22,27年5月21日（1年）,6月租金1,嘉定公寓,
3.0,Q103,2300,2300.0,,,,,,2026-06-22,2026-07-22,27年3月21日（1年）,6月租金1,嘉定公寓,
4.0,Q105,2400,2400.0,,,,,,2026-06-19,2026-07-19,27年1月18日（1年）,6月租金1,嘉定公寓,
5.0,Q106,2260,2260.0,,,,,,2026-06-14,2026-07-14,26年7月13日（1年）,6月租金1,嘉定公寓,
6.0,Q108,2300,2300.0,,,豫Q851DY,150.0,,2026-06-06,2026-07-06,27年4月5日（1年）,6月租金1,嘉定公寓,
7.0,Q201,2060,2060.0,,,,,,2026-06-29,2026-07-29,26年7月28日（1年）,6月租金1,嘉定公寓,
8.0,Q202,2200,2200.0,,,,,,2026-06-26,2026-07-26,26年7月25日（1年）,6月租金1,嘉定公寓,
9.0,Q205,2100,2100.0,,,苏UH001C,150.0,,2026-06-01,2026-07-01,26年8月30日（1年）,6月租金1,嘉定公寓,
10.0,Q206,2200,2200.0,,,,,,2026-06-05,2026-07-05,27年4月4日（1年）,6月租金1,嘉定公寓,
11.0,R101,1750,1750.0,,,,,,2026-06-19,2026-07-19,26年12月18日（1年）,6月租金1,嘉定公寓,
12.0,R102,1880,1880.0,,,,,,2026-06-06,2026-07-06,27年5月5日（1年）,6月租金1,嘉定公寓,
13.0,R103,1600,,,,,,,2025-01-15,2026-01-15,续27年1月15日（1年）（付清）,6月租金1,嘉定公寓,
14.0,R104,1880,3760.0,1880.0,1750.0,,,940.0,2026-06-06,2026-07-06,27年6月22日（1年）转租13天租金814+押金940,6月租金1,嘉定公寓,
15.0,R105,1880,1880.0,,,,,,2026-06-06,2026-07-06,27年2月5日（1年）,6月租金1,嘉定公寓,
16.0,R106,1750,1750.0,,,,,,2026-06-01,2026-07-01,27年1月31日（1年）,6月租金1,嘉定公寓,
17.0,R107,1800,,,,沪BAR8032,,,2026-06-27,2027-06-27,26年12月26日（6个月）,6月租金1,嘉定公寓,
18.0,R108,1700,1700.0,,,,,,2026-06-24,2026-07-24,26年8月23日（1年）,6月租金1,嘉定公寓,
19.0,R109,1500,1500.0,,,,,,2026-06-04,2026-07-04,26年11月3日（1年）,6月租金1,嘉定公寓,
20.0,R110,1880,1880.0,1880.0,,,,1880.0,2026-06-17,2026-07-17,27年6月16日（1年）,6月租金1,嘉定公寓,
21.0,R111,1800,1800.0,,,,,,2026-06-18,2026-07-18,27年4月17日（1年）,6月租金1,嘉定公寓,
22.0,R112,1800,1800.0,,,,,,2026-06-19,2026-07-19,续27年2月18日（1年）,6月租金1,嘉定公寓,
23.0,R113,1800,1800.0,,,苏UEA054,150.0,,2026-06-17,2026-07-17,26年12月16日（1年）,6月租金1,嘉定公寓,
24.0,R114,1850,1850.0,,,,,,2026-06-20,2026-07-20,27年3月19日（1年）,6月租金1,嘉定公寓,
25.0,R115,1800,1800.0,,,,,,2026-06-11,2026-07-11,26年6月10日（1年）,6月租金1,嘉定公寓,
26.0,R116,1800,1800.0,,,,,,2026-06-27,2026-07-27,26年8月26日（1年）,6月租金1,嘉定公寓,
27.0,R117,1880,1880.0,,,,,,2026-06-21,2026-07-21,27年4月20日（1年）,6月租金1,嘉定公寓,
28.0,R118,1600,1600.0,,,,,,2026-06-01,2026-07-01,续27年5月31日（1年）,6月租金1,嘉定公寓,
29.0,R119,1880,1880.0,,,苏U81R07,,,2026-06-25,2026-07-25,28年5月24日（3年包停车）,6月租金1,嘉定公寓,
30.0,R201,1880,3680.0,1880.0,1980.0,,,940.0,2026-06-20,2026-07-20,27年6月19日（1年）转租18天租金1080+押金900,6月租金1,嘉定公寓,
31.0,R202,1600,1600.0,1600.0,,,,1600.0,2026-06-26,2026-07-26,27年6月25日（1年）前客户退房,6月租金1,嘉定公寓,
32.0,R203,1750,1750.0,,,,,,2026-06-13,2026-07-13,27年1月12日（1年）,6月租金1,嘉定公寓,
33.0,R204,1800,1800.0,,,,,,2026-06-13,2026-07-13,27年4月25日（1年）,6月租金1,嘉定公寓,
34.0,R206,1800,1800.0,,,,,,2026-06-07,2026-07-07,27年3月6日（1年）,6月租金1,嘉定公寓,
35.0,R207,2200,2200.0,,,,,,2026-06-14,2026-07-14,27年5月13日（1年）,6月租金1,嘉定公寓,
36.0,R208,1620,,,,,,,2026-08-10,2027-08-10,26年5月9日（1年）,6月租金1,嘉定公寓,
37.0,R209,2150,2150.0,,,,,,2026-06-03,2026-07-03,26年9月2日（1年）,6月租金1,嘉定公寓,
38.0,R210,1880,1880.0,,,,,,2026-06-23,2026-07-23,26年11月22日（1年）,6月租金1,嘉定公寓,
39.0,R211,2250,2250.0,,,,,,2026-06-13,2026-07-13,27年5月12日（1年）,6月租金1,嘉定公寓,
40.0,R212,1800,1800.0,,,,,,2026-06-19,2026-07-19,27年3月18日（1年）,6月租金1,嘉定公寓,
41.0,R213,2300,2300.0,2300.0,,,,2300.0,2026-06-13,2026-07-13,27年6月12日（1年）前客户退房,6月租金1,嘉定公寓,
42.0,R214,1700,1700.0,,,,,,2026-06-03,2026-07-03,27年3月2日（1年）,6月租金1,嘉定公寓,
43.0,R215,2300,,,2300.0,,,,2026-06-24,2027-06-24,到期退房,6月租金1,嘉定公寓,
44.0,R216,1750,1750.0,1750.0,1880.0,沪BDC0596,,1750.0,2026-06-01,2026-07-01,27年5月31日（1年）前客户到期退房,6月租金1,嘉定公寓,
45.0,R217,2200,,,,浙F32F5J,,,2026-07-01,2027-07-01,27年3月31日（1年）,6月租金1,嘉定公寓,
46.0,R218,1750,1750.0,,,,,,2026-06-22,2026-07-22,27年1月21日（1年）,6月租金1,嘉定公寓,
47.0,R219,2300,2300.0,,,,,,2026-06-03,2026-07-03,28年4月2日（2年）,6月租金1,嘉定公寓,
48.0,R220,1800,1800.0,,,,,,2026-06-06,2026-07-06,27年4月5日（1年）,6月租金1,嘉定公寓,
49.0,R301,1600,1600.0,,,辽AFJ1105,150.0,,2026-06-24,2027-06-24,27年3月23日（1年）,6月租金1,嘉定公寓,
50.0,R302,1800,1800.0,,,,,,2026-06-16,2026-07-16,续26年11月15日（1年）,6月租金1,嘉定公寓,
51.0,R303,1800,1800.0,,,,,,2026-06-03,2026-07-03,27年4月2日（1年）,6月租金1,嘉定公寓,
52.0,R304,2800,,,,,,,2026-07-01,2027-07-01,27年5月30日（1年）,6月租金1,嘉定公寓,
52.0,R305,1800,1800.0,1800.0,,,,1800.0,2026-06-03,2026-07-03,27年6月2日（1年）,6月租金1,嘉定公寓,
53.0,R306,2150,2150.0,,,,,,2026-06-10,2026-07-10,26年12月9日（1年）,6月租金1,嘉定公寓,
54.0,R307,1700,1700.0,,,,,,2026-06-19,2026-07-19,续27年3月18日（1年）,6月租金1,嘉定公寓,
55.0,R308,2000,2000.0,,,,,,2026-06-06,2026-07-06,27年3月5日（1年）唐总推荐,6月租金1,嘉定公寓,
56.0,R309,1700,1700.0,,,,,,2026-06-06,2026-07-06,续27年3月5日（1年）减300,6月租金1,嘉定公寓,
57.0,R310,2300,2300.0,,,,,,2026-06-18,2026-07-18,27年3月17日（1年）,6月租金1,嘉定公寓,
58.0,R311,1800,1800.0,,,,,,2026-06-26,2026-07-26,27年3月25日（1年）,6月租金1,嘉定公寓,
59.0,R312,2200,2200.0,,,,,,2026-06-01,2026-07-01,续26年12月31日（1年）减500,6月租金1,嘉定公寓,
60.0,R313,1800,1800.0,,,,,,2026-06-01,2026-07-01,27年3月30日（1年）,6月租金1,嘉定公寓,
61.0,R314,2400,2400.0,,,,,,2026-06-14,2026-07-14,26年7月13日（3个月）,6月租金1,嘉定公寓,
62.0,R315,1800,1800.0,,,,,,2026-06-15,2026-07-15,27年3月14日（1年）,6月租金1,嘉定公寓,
63.0,R316,2150,14900.0,,2000.0,苏E55B9P,150.0,2150.0,2026-06-26,2026-12-26,27年6月25日（1年）前客户到期退房,6月租金1,嘉定公寓,
64.0,R317,1700,1700.0,,,,,,2026-06-10,2026-07-10,26年12月9日（1年）,6月租金1,嘉定公寓,
65.0,R318,无押金,1500.0,,,,,,2026-06-20,2026-07-20,唐总小舅子,6月租金1,嘉定公寓,
66.0,R319,1800,1800.0,,,,,,2026-06-10,2026-07-10,26年9月9日（1年）,6月租金1,嘉定公寓,
67.0,R401,1400,1400.0,,,,,,2026-06-19,2026-07-19,27年3月18日（1年） ,6月租金1,嘉定公寓,
68.0,R402,1500,1500.0,,,普MWF781,150.0,,2026-06-10,2026-07-10,续26年11月9日（1年）减300,6月租金1,嘉定公寓,
69.0,R403,1500,1500.0,,,,,,2026-06-13,2026-07-13,26年11月12日（6个月）,6月租金1,嘉定公寓,
70.0,R404,1300,1300.0,,,,,,2026-06-01,2026-07-01,26年9月1日（1年）,6月租金1,嘉定公寓,
71.0,S003,1600,1600.0,,,,,,2026-06-01,2026-07-01,续27年2月28日（1年）减300,6月租金1,嘉定公寓,
72.0,S004,2000,2000.0,,,苏U3711J,150.0,,2026-06-01,2026-07-01,26年8月31日（1年）,6月租金1,嘉定公寓,
73.0,S005,2000,2000.0,,,,,,2026-06-20,2026-07-20,26年9月19日（1年）,6月租金1,嘉定公寓,
74.0,S101,2100,2100.0,,,,,,2026-06-01,2026-07-01,25年9月30日（6个月）,6月租金1,嘉定公寓,
75.0,S102,2300,2300.0,,,,,,2026-06-09,2026-07-09,26年10月8日（1年）,6月租金1,嘉定公寓,
76.0,S103,2180,2180.0,,,,,,2026-06-01,2026-07-01,27年2月28日（1年）,6月租金1,嘉定公寓,
77.0,S104,2900,2900.0,,,蒙AC11A2,150.0,,2026-06-18,2026-07-18,续26年11月17日（6个月）,6月租金1,嘉定公寓,
78.0,S105,2000,2000.0,,,,,,2026-06-01,2026-07-01,26年10月31日（1年）,6月租金1,嘉定公寓,
79.0,S106,1800,1800.0,,,,,,2026-06-01,2026-07-01,续27年4月30日（1年）,6月租金1,嘉定公寓,
80.0,S107,2000,2000.0,,,,,,2026-06-13,2026-07-13,26年8月12日（1年）,6月租金1,嘉定公寓,
81.0,S108,2080,2080.0,,,,,,2026-06-03,2026-07-03,27年3月2日（1年）,6月租金1,嘉定公寓,
82.0,S109,1800,1800.0,,,,,,2026-06-08,2026-07-08,续2026年9月7日（1年）,6月租金1,嘉定公寓,
83.0,S110,2080,2080.0,,,,,,2026-06-25,2026-07-25,27年5月24日（1年）,6月租金1,嘉定公寓,
84.0,S111,2300,2300.0,,,,,,2026-06-25,2026-07-25,27年5月24日（1年）,6月租金1,嘉定公寓,
85.0,S201,1500,1500.0,1500.0,1500.0,,,1500.0,2026-06-01,2026-07-01,27年5月31日（1年）前客户到期退房,6月租金1,嘉定公寓,
86.0,S202,1680,1680.0,,,,,,2026-06-14,2026-07-14,27年3月13日（1年）,6月租金1,嘉定公寓,
87.0,S203,1500,1500.0,,,,,,2026-06-26,2026-07-26,26年10月25日（1年）,6月租金1,嘉定公寓,
88.0,S204,1600,1600.0,,,,,,2026-06-14,2026-07-14,27年5月13日（1年）,6月租金1,嘉定公寓,
89.0,S205,1500,1500.0,,,,,,2026-06-04,2026-07-04,27年5月3日（1年）,6月租金1,嘉定公寓,
90.0,S206,1600,1600.0,,,,,,2026-06-05,2026-07-05,26年1月4日（1年）,6月租金1,嘉定公寓,
91.0,S207,1400,1400.0,1400.0,1400.0,,,1400.0,2026-06-15,2026-07-15,27年6月14日（1年）前客户到期退房,6月租金1,嘉定公寓,
92.0,S208,1900,,,1900.0,,,,2026-06-30,2027-06-30,到期退房,6月租金1,嘉定公寓,
93.0,S209,2100,2100.0,,,,,,2026-06-13,2026-07-13,27年4月12日（1年）,6月租金1,嘉定公寓,
94.0,S210,2000,2000.0,,,,,,2026-06-14,2026-07-14,2026年10月13日（1年）,6月租金1,嘉定公寓,
95.0,S211,2000,2000.0,,,,,,2026-06-27,2026-07-27,27年5月26日（1年）,6月租金1,嘉定公寓,
96.0,S212,2050,2050.0,,,浙F7JK00,,,2026-06-02,2026-07-02,续27年1月1日（10个月）（包停车）减500,6月租金1,嘉定公寓,
97.0,S213,2080,2080.0,2080.0,2180.0,,,2080.0,2026-06-12,2026-07-12,27年6月11日（1年）前客户到期退房,6月租金1,嘉定公寓,
98.0,S214,2000,2000.0,,,,,,2026-06-25,2026-07-25,续26年8月24日（6个月）,6月租金1,嘉定公寓,
99.0,S215,2300,2300.0,2300.0,2300.0,,,2300.0,2026-06-22,2026-07-22,27年6月21日（1年）前客户到期退房,6月租金1,嘉定公寓,
100.0,S301,1400,1400.0,,,,,,2026-06-21,2026-07-21,续26年12月20日（1年）,6月租金1,嘉定公寓,
101.0,S302,1600,1600.0,,,,,,2026-06-08,2026-07-08,续27年6月7日（1年）,6月租金1,嘉定公寓,
102.0,S303,1500,1500.0,,,,,,2026-06-01,2026-07-01,续26年11月30日（1年）,6月租金1,嘉定公寓,
103.0,S304,1680,1680.0,,,,,,2026-06-10,2026-07-10,27年3月9日（1年）,6月租金1,嘉定公寓,
104.0,S305,1500,1500.0,,,,,,2026-06-14,2026-07-14,续27年6月13日（1年）,6月租金1,嘉定公寓,
105.0,S306,1800,3600.0,1800.0,1320.0,,,900.0,2026-07-01,2026-08-01,2027年6月30日（1年）转租7天租金420+900押金,6月租金1,嘉定公寓,
106.0,S307,1400,1400.0,,,,,,2026-06-15,2026-07-15,续27年6月14日（1年）,6月租金1,嘉定公寓,
107.0,S308,1880,1880.0,,,,,,2026-06-17,2026-07-17,27年1月16日（1年）,6月租金1,嘉定公寓,
108.0,S309,2100,2100.0,,,,,,2026-06-30,2026-07-30,续26年12月29日（1年）,6月租金1,嘉定公寓,
109.0,S310,2000,2000.0,,,皖M7L937,150.0,,2026-06-03,2026-07-03,续27年4月2日（1年）减500,6月租金1,嘉定公寓,
110.0,S311,2050,2050.0,,2537.0,,,,2026-06-08,2026-07-08,提前退房新客户入住乙付订金2号开始,6月租金1,嘉定公寓,
111.0,S312,2000,2000.0,,,,,,2026-06-22,2026-07-22,27年4月21日（1年）,6月租金1,嘉定公寓,
112.0,S313,2000,2000.0,,,,,,2026-06-18,2026-07-18,26年9月17日（1年）,6月租金1,嘉定公寓,
113.0,S314,2000,2000.0,,,皖A868SR,150.0,,2026-06-13,2026-07-13,续27年4月12日（1年）减500,6月租金1,嘉定公寓,
114.0,S315,2200,,,,川G7SX21,,,2026-08-01,2027-08-01,续26年10月30日（1年）,6月租金1,嘉定公寓,
115.0,S401,1500,1500.0,,,豫S598H8,150.0,,2026-06-15,2026-07-15,27年3月14日（1年）,6月租金1,嘉定公寓,
116.0,S402,1600,1600.0,,,,,,2026-06-28,2026-07-28,续26年12月27日（1年）减200,6月租金1,嘉定公寓,
117.0,S403,1500,1500.0,,,苏FQ90D6,150.0,,2026-06-25,2026-07-25,续27年4月24日（1年）,6月租金1,嘉定公寓,
118.0,S404,1600,1600.0,,,,,,2026-06-10,2026-07-10,26年7月9日（1年）,6月租金1,嘉定公寓,
119.0,S405,1500,1500.0,,,,,,2026-06-11,2026-07-11,26年11月10日（1年）,6月租金1,嘉定公寓,
120.0,S406,1600,1600.0,,,,,,2026-06-15,2026-07-15,续27年8月14日（6个月）减300,6月租金1,嘉定公寓,
121.0,S407,1400,1400.0,,,苏FDK751,150.0,,2026-06-15,2026-07-15,续26年6月14日（4个月）,6月租金1,嘉定公寓,
122.0,S408,1900,1900.0,100.0,1880.0,,,,2026-06-01,2026-07-01,27年4月30日（1年）R305调房,6月租金1,嘉定公寓,
123.0,S409,2100,2000.0,,,,,,2026-06-01,2026-07-01,续27年2月28日（1年）减100,6月租金1,嘉定公寓,
124.0,S410,2080,4160.0,,,,,,2026-06-28,2026-07-28,27年3月27日（1年）,6月租金1,嘉定公寓,
125.0,S411,2080,4130.0,2080.0,1571.0,鄂AK7792,150.0,1040.0,2026-06-22,2026-07-22,27年6月21日（1年）转租8天租金546+押金1025,6月租金1,嘉定公寓,
126.0,S412,2080,2080.0,,,,,,2026-06-08,2026-07-08,27年4月7日（1年）,6月租金1,嘉定公寓,
127.0,S413,2000,2000.0,,,,,,2026-06-08,2026-07-08,26年7月7日（1年）,6月租金1,嘉定公寓,
128.0,S414,2000,2000.0,,,,,,2026-06-07,2026-07-07,26年7月6日（6个月）,6月租金1,嘉定公寓,
129.0,S415,2300,2300.0,,,,,,2026-06-28,2026-07-28,27年3月27日（1年）,6月租金1,嘉定公寓,
1.0,Q101,2300,2300.0,,,,,,2026-05-11,2026-06-11,27年4月10日（1年）,5月租金1,嘉定公寓,
2.0,Q102,2300,3360.0,2300.0,1130.0,,,1150.0,2026-05-22,2026-06-22,27年5月21日（1年）转租,5月租金1,嘉定公寓,
3.0,Q103,2300,2300.0,,,,,,2026-05-22,2026-06-22,27年3月21日（1年）,5月租金1,嘉定公寓,
4.0,Q105,2400,2400.0,,,,,,2026-05-19,2026-06-19,27年1月18日（1年）,5月租金1,嘉定公寓,
5.0,Q106,2260,2260.0,,,,,,2026-05-14,2026-06-14,26年7月13日（1年）,5月租金1,嘉定公寓,
6.0,Q108,2300,2300.0,,,豫Q851DY,150.0,,2026-05-06,2026-06-06,27年4月5日（1年）,5月租金1,嘉定公寓,
7.0,Q201,2060,2060.0,,,,,,2026-05-29,2026-06-29,26年7月28日（1年）,5月租金1,嘉定公寓,
8.0,Q202,2200,2200.0,,,,,,2026-05-26,2026-06-26,26年7月25日（1年）,5月租金1,嘉定公寓,
9.0,Q205,2100,2100.0,,,苏UH001C,150.0,,2026-05-01,2026-06-01,26年8月30日（1年）,5月租金1,嘉定公寓,
10.0,Q206,2200,2200.0,,,,,,2026-05-05,2026-06-05,27年4月4日（1年）,5月租金1,嘉定公寓,
11.0,R101,1750,1750.0,,,,,,2026-05-19,2026-06-19,26年12月18日（1年）,5月租金1,嘉定公寓,
12.0,R102,1880,1880.0,1880.0,1560.0,,,940.0,2026-05-06,2026-06-06,27年5月5日（1年）转租11天租金660+900押金,5月租金1,嘉定公寓,
13.0,R103,1600,,,,,,,2025-01-15,2026-01-15,续27年1月15日（1年）（付清）,5月租金1,嘉定公寓,
14.0,R104,1880,,,,,,,2026-06-06,2027-06-06,27年5月5日（1年）,5月租金1,嘉定公寓,
15.0,R105,1880,1880.0,,,,,,2026-05-06,2026-06-06,27年2月5日（1年）,5月租金1,嘉定公寓,
16.0,R106,1750,1750.0,,,,,,2026-05-01,2026-06-01,27年1月31日（1年）,5月租金1,嘉定公寓,
17.0,R107,1800,2500.0,,,沪BAR8032,150.0,900.0,2026-05-27,2026-06-27,26年12月26日（6个月）,5月租金1,嘉定公寓,
18.0,R108,1700,1700.0,,,,,,2026-05-24,2026-06-24,26年8月23日（1年）,5月租金1,嘉定公寓,
19.0,R109,1500,1500.0,,,,,,2026-05-04,2026-06-04,26年11月3日（1年）,5月租金1,嘉定公寓,
20.0,R110,1800,,,,,,,2026-05-21,2027-05-21,26年6月20日（1年）,5月租金1,嘉定公寓,
21.0,R111,1800,1800.0,,,,,,2026-05-18,2026-06-18,27年4月17日（1年）,5月租金1,嘉定公寓,
22.0,R112,1800,1800.0,,,,,,2026-05-19,2026-06-19,续27年2月18日（1年）,5月租金1,嘉定公寓,
23.0,R113,1800,1800.0,,,苏UEA054,150.0,,2026-05-17,2026-06-17,26年12月16日（1年）,5月租金1,嘉定公寓,
24.0,R114,1850,1850.0,,,,,,2026-05-20,2026-06-20,27年3月19日（1年）,5月租金1,嘉定公寓,
25.0,R115,1800,1800.0,,,,,,2026-05-11,2026-06-11,26年6月10日（1年）,5月租金1,嘉定公寓,
26.0,R116,1800,1800.0,,,,,,2026-05-27,2026-06-27,26年8月26日（1年）,5月租金1,嘉定公寓,
27.0,R117,1880,1880.0,,,,,,2026-05-21,2026-06-21,27年4月20日（1年）,5月租金1,嘉定公寓,
28.0,R118,1600,1600.0,,,,,,2026-05-01,2026-06-01,26年5月31日（1年）,5月租金1,嘉定公寓,
29.0,R119,1880,1880.0,,,苏U81R07,,,2026-05-25,2026-06-25,28年5月24日（3年包停车）,5月租金1,嘉定公寓,
30.0,R201,1800,1800.0,,,,,,2026-05-09,2026-06-09,26年12月8日（1年）,5月租金1,嘉定公寓,
31.0,R202,1600,1600.0,,,豫S593K9,150.0,,2026-05-26,2026-06-25,27年1月25日（1年）,5月租金1,嘉定公寓,
32.0,R203,1750,1750.0,,,,,,2026-05-13,2026-06-13,27年1月12日（1年）,5月租金1,嘉定公寓,
33.0,R204,1800,1800.0,1800.0,1620.0,,,900.0,2026-05-13,2026-06-13,27年4月25日（1年）转租12天租金+900押金合计1620,5月租金1,嘉定公寓,
34.0,R206,1800,1800.0,,,,,,2026-05-07,2026-06-07,27年3月6日（1年）,5月租金1,嘉定公寓,
35.0,R207,2200,2200.0,2200.0,1467.0,,,2200.0,2026-05-14,2026-06-14,27年5月13日（1年）,5月租金1,嘉定公寓,
36.0,R208,1620,4860.0,,,,,,2025-05-10,2026-08-10,26年5月9日（1年）,5月租金1,嘉定公寓,
37.0,R209,2150,2150.0,,,,,,2026-05-03,2026-06-03,26年9月2日（1年）,5月租金1,嘉定公寓,
38.0,R210,1880,1880.0,,,,,,2026-05-23,2026-06-23,26年11月22日（1年）,5月租金1,嘉定公寓,
39.0,R211,2250,2250.0,2250.0,,,,2250.0,2026-05-13,2026-06-13,27年5月12日（1年）,5月租金1,嘉定公寓,
40.0,R212,1800,1800.0,,,,,,2026-05-19,2026-06-19,27年3月18日（1年）,5月租金1,嘉定公寓,
41.0,R213,2300,2300.0,,,沪BDS3229,150.0,,2026-05-08,2026-06-08,27年3月7日（1年）,5月租金1,嘉定公寓,
42.0,R214,1700,1700.0,,,,,,2026-05-03,2026-06-03,27年3月2日（1年）,5月租金1,嘉定公寓,
43.0,R215,2300,2300.0,,,,,,2026-05-24,2026-06-24,26年5月23日（3个月）,5月租金1,嘉定公寓,
44.0,R216,1880,1880.0,,,沪BDC0596,150.0,,2026-05-01,2026-06-01,26年5月31日（3个月）,5月租金1,嘉定公寓,
45.0,R217,2200,,,,浙F32F5J,300.0,,2026-07-01,2027-07-01,27年3月31日（1年）,5月租金1,嘉定公寓,
46.0,R218,1750,1750.0,,,,,,2026-05-22,2026-06-22,27年1月21日（1年）,5月租金1,嘉定公寓,
47.0,R219,2300,2300.0,,,,,,2026-05-03,2026-06-03,28年4月2日（2年）,5月租金1,嘉定公寓,
48.0,R220,1800,1800.0,,,,,,2026-05-06,2026-06-06,27年4月5日（1年）,5月租金1,嘉定公寓,
49.0,R301,1600,1600.0,,,辽AFJ1105,150.0,,2026-05-24,2026-06-24,27年3月23日（1年）,5月租金1,嘉定公寓,
50.0,R302,1800,1800.0,,,,,,2026-05-16,2026-06-16,续26年11月15日（1年）,5月租金1,嘉定公寓,
51.0,R303,1800,1800.0,,,,,,2026-05-03,2026-06-03,27年4月2日（1年）,5月租金1,嘉定公寓,
52.0,R304,2800,5600.0,2800.0,,,,2800.0,2026-06-01,2026-07-01,27年5月30日（1年）,5月租金1,嘉定公寓,
52.0,R305,1800,1800.0,1800.0,1260.0,,,900.0,2026-05-01,2026-06-01,27年4月30日（1年）转租6天租金+900押金,5月租金1,嘉定公寓,
53.0,R306,2150,2150.0,,,,,,2026-05-10,2026-06-10,26年12月9日（1年）,5月租金1,嘉定公寓,
54.0,R307,1700,1700.0,,,,,,2026-05-19,2026-06-19,续27年3月18日（1年）,5月租金1,嘉定公寓,
55.0,R308,2000,2000.0,,,,,,2026-05-06,2026-06-06,27年3月5日（1年）唐总推荐,5月租金1,嘉定公寓,
56.0,R309,1700,1700.0,,,,,,2026-05-06,2026-06-06,续27年3月5日（1年）减300,5月租金1,嘉定公寓,
57.0,R310,2300,2300.0,,,,,,2026-05-18,2026-06-18,27年3月17日（1年）,5月租金1,嘉定公寓,
58.0,R311,1800,1800.0,,,,,,2026-05-26,2026-06-26,27年3月25日（1年）,5月租金1,嘉定公寓,
59.0,R312,2200,2200.0,,,,,,2026-05-01,2026-06-01,续26年12月31日（1年）减500,5月租金1,嘉定公寓,
60.0,R313,1800,1800.0,,,,,,2026-05-01,2026-06-01,27年3月30日（1年）,5月租金1,嘉定公寓,
61.0,R314,2400,2400.0,,,,,,2026-05-14,2026-06-14,26年7月13日（3个月）,5月租金1,嘉定公寓,
62.0,R315,1800,1800.0,,,,,,2026-05-15,2026-06-15,27年3月14日（1年）,5月租金1,嘉定公寓,
63.0,R316,2000,2000.0,,,苏E55B9P,150.0,,2026-05-01,2026-06-01,续26年6月31日（6个月）,5月租金1,嘉定公寓,
64.0,R317,1700,1700.0,,,,,,2026-05-10,2026-06-10,26年12月9日（1年）,5月租金1,嘉定公寓,
65.0,R318,无押金,1500.0,,,,,,2026-05-20,2026-06-20,唐总小舅子,5月租金1,嘉定公寓,
66.0,R319,1800,1800.0,,,,,,2026-05-10,2026-06-10,26年9月9日（1年）,5月租金1,嘉定公寓,
67.0,R401,1400,1400.0,,,,,,2026-05-19,2026-06-19,27年3月18日（1年）客户月底搬家,5月租金1,嘉定公寓,
68.0,R402,1500,1500.0,,,普MWF781,150.0,,2026-05-10,2026-06-10,续26年11月9日（1年）减300,5月租金1,嘉定公寓,
69.0,R403,1500,1500.0,1500.0,,,,750.0,2026-05-13,2026-06-13,26年11月12日（6个月）,5月租金1,嘉定公寓,
70.0,R404,1300,1300.0,,,,,,2026-05-01,2026-06-01,26年9月1日（1年）,5月租金1,嘉定公寓,
71.0,S003,1600,1600.0,,,,,,2026-05-01,2026-06-01,续27年2月28日（1年）减300,5月租金1,嘉定公寓,
72.0,S004,2000,2000.0,,,苏U3711J,150.0,,2026-05-01,2026-06-01,26年8月31日（1年）,5月租金1,嘉定公寓,
73.0,S005,2000,2000.0,,,,,,2026-05-20,2026-06-20,26年9月19日（1年）,5月租金1,嘉定公寓,
74.0,S101,2100,2100.0,,,,,,2026-05-01,2026-06-01,25年9月30日（6个月）,5月租金1,嘉定公寓,
75.0,S102,2300,2300.0,,,,,,2026-05-09,2026-06-09,26年10月8日（1年）,5月租金1,嘉定公寓,
76.0,S103,2180,2180.0,,,,,,2026-05-01,2026-06-01,27年2月28日（1年）,5月租金1,嘉定公寓,
77.0,S104,2900,2900.0,,,,,,2026-05-18,2026-06-18,续26年11月17日（6个月）,5月租金1,嘉定公寓,
78.0,S105,2000,2000.0,,,,,,2026-05-01,2026-06-01,26年10月31日（1年）,5月租金1,嘉定公寓,
79.0,S106,1800,1800.0,,,,,,2026-05-01,2026-06-01,续27年4月30日（1年）,5月租金1,嘉定公寓,
80.0,S107,2000,2000.0,,,,,,2026-05-13,2026-06-13,26年8月12日（1年）,5月租金1,嘉定公寓,
81.0,S108,2080,2080.0,,,,,,2026-05-03,2026-06-03,27年3月2日（1年）,5月租金1,嘉定公寓,
82.0,S109,1800,1800.0,,,,,,2026-05-08,2026-06-08,续2026年9月7日（1年）,5月租金1,嘉定公寓,
83.0,S110,2080,4080.0,2080.0,1333.0,,,1040.0,2026-05-25,2026-06-25,27年5月24日（1年）转租5天租金+押金1000,5月租金1,嘉定公寓,
84.0,S111,2300,2300.0,2300.0,2566.0,,,2300.0,2026-05-25,2026-06-25,27年5月24日（1年）新客户提前入住多退5天租金,5月租金1,嘉定公寓,
85.0,S201,1500,1500.0,,,,,,2026-05-01,2026-06-01,26年5月31日（3个月）,5月租金1,嘉定公寓,
86.0,S202,1680,1680.0,,,,,,2026-05-14,2026-06-14,27年3月13日（1年）,5月租金1,嘉定公寓,
87.0,S203,1500,1500.0,,,,,,2026-05-26,2026-06-26,26年10月25日（1年）,5月租金1,嘉定公寓,
88.0,S204,1600,1600.0,1600.0,2026.0,,,1600.0,2026-05-14,2026-06-14,26年5月13日（1年）（新客户急需住房前客户提前退房）,5月租金1,嘉定公寓,
89.0,S205,1500,1500.0,,,,,,2026-05-04,2026-06-04,27年5月3日（1年）,5月租金1,嘉定公寓,
90.0,S206,1600,1600.0,,,,,,2026-05-05,2026-06-05,26年1月4日（1年）,5月租金1,嘉定公寓,
91.0,S207,1400,1400.0,,,,,,2026-05-12,2026-06-12,26年3月10日（1年）,5月租金1,嘉定公寓,
92.0,S208,1900,,,,,,,2026-06-30,2027-06-30,3个月,5月租金1,嘉定公寓,
93.0,S209,2100,2100.0,,,,,,2026-05-13,2026-06-13,27年4月12日（1年）,5月租金1,嘉定公寓,
94.0,S210,2000,2000.0,,,,,,2026-05-14,2026-06-14,2026年10月13日（1年）,5月租金1,嘉定公寓,
95.0,S211,2000,2000.0,2000.0,1540.0,,,2000.0,2026-05-27,2026-06-27,27年5月26日（1年）（前客户退房多住8天）,5月租金1,嘉定公寓,
96.0,S212,2050,2050.0,,,浙F7JK00,,,2026-05-02,2026-06-02,续27年1月1日（10个月）（包停车）减500,5月租金1,嘉定公寓,
97.0,S213,2180,,,,,,,2026-06-10,2027-06-10,26年6月9日（3个月）,5月租金1,嘉定公寓,
98.0,S214,2000,2000.0,,,,,,2026-05-25,2026-06-25,续26年8月24日（6个月）,5月租金1,嘉定公寓,
99.0,S215,2300,2300.0,,,,,,2026-05-21,2026-06-21,26年6月20日（1年）,5月租金1,嘉定公寓,
100.0,S301,1400,1400.0,,,,,,2026-05-21,2026-06-21,续26年12月20日（1年）,5月租金1,嘉定公寓,
101.0,S302,1600,1600.0,,,,,,2026-05-08,2026-06-08,26年6月7日（1年）,5月租金1,嘉定公寓,
102.0,S303,1500,1500.0,,,,,,2026-05-01,2026-06-01,续26年11月30日（1年）,5月租金1,嘉定公寓,
103.0,S304,1680,1680.0,,,,,,2026-05-10,2026-06-10,27年3月9日（1年）,5月租金1,嘉定公寓,
104.0,S305,1500,1500.0,,,,,,2026-05-14,2026-06-14,26年6月13日（1年）,5月租金1,嘉定公寓,
105.0,S306,1800,1800.0,,,,,,2026-05-08,2026-06-08,26年11月7日（1年）,5月租金1,嘉定公寓,
106.0,S307,1400,1400.0,,,,,,2026-05-15,2026-06-15,26年6月14日（1年）,5月租金1,嘉定公寓,
107.0,S308,1880,1880.0,,,,,,2026-05-17,2026-06-17,27年1月16日（1年）,5月租金1,嘉定公寓,
108.0,S309,2100,2100.0,,,,,,2026-05-30,2026-06-30,26年6月29日（1年）,5月租金1,嘉定公寓,
109.0,S310,2000,2000.0,,,皖M7L937,150.0,,2026-05-03,2026-06-03,续27年4月2日（1年）减500,5月租金1,嘉定公寓,
110.0,S311,2050,2050.0,,,,,,2026-05-08,2026-06-08,26年3月7日（1年包停车）,5月租金1,嘉定公寓,
111.0,S312,2000,2000.0,,,,,,2026-05-22,2026-06-22,27年4月21日（1年）,5月租金1,嘉定公寓,
112.0,S313,2000,2000.0,,,,,,2026-05-18,2026-06-18,26年9月17日（1年）,5月租金1,嘉定公寓,
113.0,S314,2000,2000.0,,,皖A868SR,150.0,,2026-05-13,2026-06-13,续27年4月12日（1年）减500,5月租金1,嘉定公寓,
114.0,S315,2200,6600.0,,,川G7SX21,450.0,,2026-05-01,2026-08-01,续26年10月30日（1年）,5月租金1,嘉定公寓,
115.0,S401,1500,1500.0,,,豫S598H8,150.0,,2026-05-15,2026-06-15,27年3月14日（1年）,5月租金1,嘉定公寓,
116.0,S402,1600,1600.0,,,,,,2026-05-28,2026-06-28,续26年12月27日（1年）减200,5月租金1,嘉定公寓,
117.0,S403,1500,1500.0,,,苏FQ90D6,150.0,,2026-05-25,2026-06-25,续27年4月24日（1年）,5月租金1,嘉定公寓,
118.0,S404,1600,1600.0,,,,,,2026-05-10,2026-06-10,26年7月9日（1年）,5月租金1,嘉定公寓,
119.0,S405,1500,1500.0,,,,,,2026-05-11,2026-06-11,26年11月10日（1年）,5月租金1,嘉定公寓,
120.0,S406,1600,1600.0,,,,,,2026-05-15,2026-06-15,续27年8月14日（6个月）减300,5月租金1,嘉定公寓,
121.0,S407,1400,1400.0,,,苏FDK751,150.0,,2026-05-15,2026-06-15,续26年6月14日（4个月）,5月租金1,嘉定公寓,
122.0,S408,1880,1880.0,,,,,,2026-05-08,2026-06-08,26年6月7日（3个月）,5月租金1,嘉定公寓,
123.0,S409,2100,2000.0,,,,,,2026-05-01,2026-06-01,续27年2月28日（1年）减100,5月租金1,嘉定公寓,
124.0,S410,2080,2080.0,,,,,,2026-05-28,2027-05-28,27年3月27日（1年）,5月租金1,嘉定公寓,
125.0,S411,2050,2050.0,,,,,,2026-05-01,2026-06-01,26年10月31日（1年）,5月租金1,嘉定公寓,
126.0,S412,2080,2080.0,,,豫GU698L,150.0,,2026-05-08,2026-06-08,27年4月7日（1年）,5月租金1,嘉定公寓,
127.0,S413,2000,2000.0,,,,,,2026-05-08,2026-06-08,26年7月7日（1年）,5月租金1,嘉定公寓,
128.0,S414,2000,4000.0,,,,,,2026-04-07,2026-06-07,26年7月6日（6个月）,5月租金1,嘉定公寓,
129.0,S415,2300,2300.0,,,,,,2026-05-28,2026-06-28,27年3月27日（1年）,5月租金1,嘉定公寓,
1.0,Q101,2300,2300.0,2300.0,1150.0,,,1150.0,2026-04-11,2026-05-11,27年4月10日（1年）转租,4月租金1,嘉定公寓,
2.0,Q102,2260,1200.0,,,,,,2026-04-22,2027-04-22,27年1月21日（1年）,4月租金1,嘉定公寓,
3.0,Q103,2300,2300.0,,,,,,2026-04-22,2026-05-22,27年3月21日（1年）,4月租金1,嘉定公寓,
4.0,Q105,2400,2400.0,,,,,,2026-04-19,2026-05-19,27年1月18日（1年）,4月租金1,嘉定公寓,
5.0,Q106,2260,2260.0,,,,,,2026-04-14,2026-05-14,26年7月13日（1年）,4月租金1,嘉定公寓,
6.0,Q108,2300,,,,,,,2026-05-06,2027-05-06,27年4月5日（1年）,4月租金1,嘉定公寓,
7.0,Q201,2060,2060.0,,,,,,2026-04-29,2026-05-29,26年7月28日（1年）,4月租金1,嘉定公寓,
8.0,Q202,2200,2200.0,,,,,,2026-04-26,2026-05-26,26年7月25日（1年）,4月租金1,嘉定公寓,
9.0,Q205,2100,2100.0,,,苏UH001C,150.0,,2026-04-01,2026-05-01,26年8月30日（1年）,4月租金1,嘉定公寓,
10.0,Q206,2200,2200.0,2200.0,,,,2200.0,2026-04-05,2026-05-05,27年4月4日（1年）前客户退房,4月租金1,嘉定公寓,
11.0,R101,1750,1750.0,,,,,,2026-04-19,2026-05-19,26年12月18日（1年）,4月租金1,嘉定公寓,
12.0,R102,1800,1800.0,1800.0,,,,1800.0,2026-04-18,2026-05-18,27年4月17日（1年）,4月租金1,嘉定公寓,
13.0,R103,1600,14200.0,,,,,,2025-01-15,2026-01-15,续27年1月15日（1年）（付清）,4月租金1,嘉定公寓,
14.0,R104,1880,1880.0,1880.0,,,,1880.0,2026-05-06,2026-06-06,27年5月5日（1年）前客户退房,4月租金1,嘉定公寓,
15.0,R105,1880,1880.0,,,,,,2026-04-06,2026-05-06,27年2月5日（1年）,4月租金1,嘉定公寓,
16.0,R106,1750,1750.0,,,,,,2026-04-01,2026-05-01,27年1月31日（1年）,4月租金1,嘉定公寓,
17.0,R107,1800,1800.0,,,,,,2026-04-18,2026-05-18,26年6月17日（1年）,4月租金1,嘉定公寓,
18.0,R108,1700,1700.0,,,,,,2026-04-24,2026-05-24,26年8月23日（1年）,4月租金1,嘉定公寓,
19.0,R109,1500,1500.0,,,,,,2026-04-04,2026-05-04,26年11月3日（1年）,4月租金1,嘉定公寓,
20.0,R110,1800,1800.0,,,,,,2026-04-21,2026-05-21,26年6月20日（1年）,4月租金1,嘉定公寓,
21.0,R111,1800,1930.0,1800.0,,,,1800.0,2026-04-18,2026-05-18,27年4月17日（1年）四件套130,4月租金1,嘉定公寓,
22.0,R112,1800,1800.0,,,,,,2026-04-19,2026-05-19,续27年2月18日（1年）,4月租金1,嘉定公寓,
23.0,R113,1800,1800.0,,,苏UEA054,150.0,,2026-04-17,2026-05-17,26年12月16日（1年）,4月租金1,嘉定公寓,
24.0,R114,1850,1850.0,,,,,,2026-04-20,2026-05-20,27年3月19日（1年）,4月租金1,嘉定公寓,
25.0,R115,1800,1800.0,,,,,,2026-04-11,2026-05-11,26年6月10日（1年）,4月租金1,嘉定公寓,
26.0,R116,1800,1800.0,,,,,,2026-04-27,2026-05-27,26年8月26日（1年）,4月租金1,嘉定公寓,
27.0,R117,1880,1880.0,1880.0,,,,1880.0,2026-04-21,2026-05-21,27年4月20日（1年）,4月租金1,嘉定公寓,
28.0,R118,1600,1600.0,,,,,,2026-04-01,2026-05-01,26年5月31日（1年）,4月租金1,嘉定公寓,
29.0,R119,1880,1880.0,,,苏U81R07,,,2026-04-25,2026-05-25,28年5月24日（3年包停车）,4月租金1,嘉定公寓,
30.0,R201,1800,1800.0,,,,,,2026-04-09,2026-05-09,26年12月8日（1年）,4月租金1,嘉定公寓,
31.0,R202,1600,1600.0,,,豫S593K9,150.0,,2026-04-26,2026-05-26,27年1月25日（1年）,4月租金1,嘉定公寓,
32.0,R203,1750,1750.0,,,,,,2026-04-13,2026-05-13,27年1月12日（1年）,4月租金1,嘉定公寓,
33.0,R204,1800,1800.0,1800.0,,,,1800.0,2026-04-26,2026-05-26,27年4月25日（1年）,4月租金1,嘉定公寓,
34.0,R206,1800,1800.0,,,,,,2026-04-07,2026-05-07,27年3月6日（1年）,4月租金1,嘉定公寓,
35.0,R207,2200,,,,,,,2026-04-24,2027-04-24,26年3月23日（1年）,4月租金1,嘉定公寓,
36.0,R208,1620,,,,,,,2025-05-10,2026-05-10,26年5月9日（1年）,4月租金1,嘉定公寓,
37.0,R209,2150,2150.0,,,,,,2026-04-03,2026-05-03,26年9月2日（1年）,4月租金1,嘉定公寓,
38.0,R210,1880,1880.0,,,,,,2026-04-23,2026-05-23,26年11月22日（1年）,4月租金1,嘉定公寓,
40.0,R212,1800,1800.0,,,,,,2026-04-19,2026-05-19,27年3月18日（1年）,4月租金1,嘉定公寓,
41.0,R213,2300,2300.0,,,沪BDS3229,150.0,,2026-04-08,2026-05-08,27年3月7日（1年）,4月租金1,嘉定公寓,
42.0,R214,1700,1700.0,,,,,,2026-04-03,2026-05-03,27年3月2日（1年）,4月租金1,嘉定公寓,
43.0,R215,2300,2300.0,,,,,,2026-04-24,2026-05-24,26年5月23日（3个月）,4月租金1,嘉定公寓,
44.0,R216,1880,1880.0,,,沪BDC0596,300.0,,2026-04-01,2026-05-01,26年5月31日（3个月）,4月租金1,嘉定公寓,
45.0,R217,2200,,,,,,,2026-07-01,2027-07-01,27年3月31日（1年）,4月租金1,嘉定公寓,
46.0,R218,1750,1750.0,,,,,,2026-04-22,2026-05-22,27年1月21日（1年）,4月租金1,嘉定公寓,
47.0,R219,2300,2300.0,2300.0,2100.0,,,2300.0,2026-04-03,2026-05-03,28年4月2日（2年）,4月租金1,嘉定公寓,
48.0,R220,1800,1800.0,1800.0,1700.0,,,1800.0,2026-04-06,2026-05-06,27年4月5日（1年）,4月租金1,嘉定公寓,
49.0,R301,1600,1600.0,,,辽AFJ1105,150.0,,2026-04-24,2026-05-24,27年3月23日（1年）,4月租金1,嘉定公寓,
50.0,R302,1800,1800.0,,,,,,2026-04-16,2026-05-16,续26年11月15日（1年）,4月租金1,嘉定公寓,
51.0,R303,1800,1800.0,1800.0,1700.0,沪BDS6302,150.0,1800.0,2026-04-03,2026-05-03,27年4月2日（1年）,4月租金1,嘉定公寓,
52.0,R304,2800,,,,,,,2026-05-01,2027-05-01,27年4月30日（1年）,4月租金1,嘉定公寓,
52.0,R305,1800,3600.0,1800.0,1260.0,,,900.0,2026-05-01,2026-06-01,27年3月7日（1年）,4月租金1,嘉定公寓,
53.0,R306,2150,2150.0,,,,,,2026-04-10,2026-05-10,26年12月9日（1年）R315调换,4月租金1,嘉定公寓,
54.0,R307,1700,1700.0,,,,,,2026-04-19,2026-05-19,续27年3月18日（1年）,4月租金1,嘉定公寓,
55.0,R308,2000,2000.0,,,,,,2026-04-06,2026-05-06,27年3月5日（1年）唐总推荐,4月租金1,嘉定公寓,
56.0,R309,1700,1700.0,,,,,,2026-04-06,2026-05-06,续27年3月5日（1年）减300,4月租金1,嘉定公寓,
57.0,R310,2300,2300.0,,,,,,2026-04-18,2026-05-18,27年3月17日（1年）,4月租金1,嘉定公寓,
58.0,R311,1800,1800.0,,,,,,2026-04-26,2026-05-26,27年3月25日（1年）,4月租金1,嘉定公寓,
59.0,R312,2200,2200.0,,,,,,2026-04-01,2026-05-01,续26年12月31日（1年）减500,4月租金1,嘉定公寓,
60.0,R313,1800,,,,,,,2026-05-01,2027-05-01,27年3月30日（1年）,4月租金1,嘉定公寓,
61.0,R314,2400,2400.0,2400.0,,,,554.0,2026-04-14,2026-05-14,26年7月13日（3个月）,4月租金1,嘉定公寓,
62.0,R315,1800,1800.0,,,,,,2026-04-15,2026-05-15,27年3月14日（1年）,4月租金1,嘉定公寓,
63.0,R316,2000,2000.0,,,苏E55B9P,150.0,,2026-04-01,2026-05-01,续26年6月31日（6个月）,4月租金1,嘉定公寓,
64.0,R317,1700,1700.0,,,,,,2026-04-10,2026-05-10,26年12月9日（1年）,4月租金1,嘉定公寓,
65.0,R318,无押金,1500.0,,,,,,2026-04-20,2026-05-20,唐总小舅子,4月租金1,嘉定公寓,
66.0,R319,1800,1800.0,,,,,,2026-04-10,2026-05-10,26年9月9日（1年）,4月租金1,嘉定公寓,
67.0,R401,1400,1400.0,,,,,,2026-04-19,2026-05-19,27年3月18日（1年）,4月租金1,嘉定公寓,
68.0,R402,1500,1500.0,,,普MWF781,150.0,,2026-04-10,2026-05-10,续26年11月9日（1年）减300,4月租金1,嘉定公寓,
69.0,R403,1500,1500.0,,,,,,2026-04-11,2026-05-11,26年6月10日（1年）,4月租金1,嘉定公寓,
70.0,R404,1300,1300.0,,,,,,2026-04-01,2026-05-01,26年9月1日（1年）,4月租金1,嘉定公寓,
71.0,S003,1600,1300.0,,,,,,2026-04-01,2026-05-01,续27年2月28日（1年）减300,4月租金1,嘉定公寓,
72.0,S004,2000,2000.0,,,苏U3711J,150.0,,2026-04-01,2026-05-01,26年8月31日（1年）,4月租金1,嘉定公寓,
73.0,S005,2000,2000.0,,,,,,2026-04-20,2026-05-20,26年9月19日（1年）,4月租金1,嘉定公寓,
74.0,S101,2100,2100.0,,,,,,2026-04-01,2026-05-01,25年9月30日（6个月）,4月租金1,嘉定公寓,
75.0,S102,2300,2300.0,,,,,,2026-04-09,2026-05-09,26年10月8日（1年）,4月租金1,嘉定公寓,
76.0,S103,2180,2180.0,,,,,,2026-04-01,2026-05-01,27年2月28日（1年）,4月租金1,嘉定公寓,
77.0,S104,2900,2900.0,,,,,,2026-04-18,2026-05-18,26年5月17日（6个月）,4月租金1,嘉定公寓,
78.0,S105,2000,2000.0,,,,,,2026-04-01,2026-05-01,26年10月31日（1年）,4月租金1,嘉定公寓,
79.0,S106,1800,1800.0,,,,,,2026-04-01,2026-05-01,26年4月30日（1年）,4月租金1,嘉定公寓,
80.0,S107,2000,2000.0,,,,,,2026-04-13,2026-05-13,26年8月12日（1年）,4月租金1,嘉定公寓,
81.0,S108,2080,2080.0,,,,,,2026-04-03,2026-05-03,27年3月2日（1年）,4月租金1,嘉定公寓,
82.0,S109,1800,1800.0,,,,,,2026-04-08,2026-05-08,续2026年9月7日（1年）,4月租金1,嘉定公寓,
83.0,S110,2000,2000.0,,,,,,2026-04-01,2026-05-01,26年8月31日（1年）,4月租金1,嘉定公寓,
84.0,S111,2200,2200.0,,,,,,2026-05-01,2026-06-01,续26年4月30日（6个月）,4月租金1,嘉定公寓,
85.0,S201,1500,1500.0,,,,,,2026-04-01,2026-05-01,26年5月31日（3个月）,4月租金1,嘉定公寓,
86.0,S202,1680,1680.0,,,,,,2026-04-14,2026-05-14,27年3月13日（1年）,4月租金1,嘉定公寓,
87.0,S203,1500,1500.0,,,,,,2026-04-26,2026-05-26,26年10月25日（1年）,4月租金1,嘉定公寓,
88.0,S204,1600,1600.0,,,,,,2026-04-24,2026-05-24,26年5月23日（1年）,4月租金1,嘉定公寓,
89.0,S205,1700,1700.0,,200.0,,,,2026-04-04,2026-05-04,27年5月3日（1年）R204转S205,4月租金1,嘉定公寓,
90.0,S206,1600,1600.0,,,,,,2026-04-05,2026-05-05,26年1月4日（1年）,4月租金1,嘉定公寓,
91.0,S207,1400,1400.0,,,,,,2026-04-12,2026-05-12,26年3月10日（1年）,4月租金1,嘉定公寓,
92.0,S208,1900,5700.0,1900.0,,,,475.0,2026-04-01,2026-06-30,3个月,4月租金1,嘉定公寓,
93.0,S209,2100,2100.0,2100.0,,,,2100.0,2026-04-13,2026-05-13,27年4月12日（1年）,4月租金1,嘉定公寓,
94.0,S210,2000,2000.0,,,,,,2026-04-14,2026-05-14,2026年10月13日（1年）,4月租金1,嘉定公寓,
95.0,S211,2100,2100.0,,,,,,2026-04-19,2026-05-19,26年4月18日（3个月）,4月租金1,嘉定公寓,
96.0,S212,2050,2050.0,,,浙F7JK00,,,2026-04-02,2026-05-02,续27年1月1日（10个月）（包停车）减500,4月租金1,嘉定公寓,
97.0,S213,2180,,,,,,,2026-06-10,2027-06-10,26年6月9日（3个月）,4月租金1,嘉定公寓,
98.0,S214,2000,2000.0,,,,,,2026-04-25,2026-05-25,续26年8月24日（6个月）,4月租金1,嘉定公寓,
99.0,S215,2300,2300.0,,,,,,2026-04-21,2026-05-21,26年6月20日（1年）,4月租金1,嘉定公寓,
100.0,S301,1400,1400.0,,,,,,2026-04-21,2026-05-21,续26年12月20日（1年）,4月租金1,嘉定公寓,
101.0,S302,1600,1600.0,,,,,,2026-04-08,2026-05-08,26年6月7日（1年）,4月租金1,嘉定公寓,
102.0,S303,1500,1500.0,,,,,,2026-04-01,2026-05-01,续26年11月30日（1年）,4月租金1,嘉定公寓,
103.0,S304,1680,1680.0,,,,,,2026-04-10,2026-05-10,27年3月9日（1年）,4月租金1,嘉定公寓,
104.0,S305,1500,1500.0,,,,,,2026-04-14,2026-05-14,26年6月13日（1年）,4月租金1,嘉定公寓,
105.0,S306,1800,1800.0,,,,,,2026-04-08,2026-05-08,26年11月7日（1年）,4月租金1,嘉定公寓,
106.0,S307,1400,1400.0,,,,,,2026-04-15,2026-05-15,26年6月14日（1年）,4月租金1,嘉定公寓,
107.0,S308,1880,1880.0,,,,,,2026-04-17,2026-05-17,27年1月16日（1年）,4月租金1,嘉定公寓,
108.0,S309,2100,2100.0,,,,,,2026-04-30,2026-05-30,26年6月29日（1年）,4月租金1,嘉定公寓,
109.0,S310,2000,1500.0,,,皖M7L937,150.0,,2026-04-03,2026-05-03,续27年4月2日（1年）减500,4月租金1,嘉定公寓,
110.0,S311,2050,2050.0,,,,,,2026-04-08,2026-05-08,26年3月7日（1年包停车）,4月租金1,嘉定公寓,
111.0,S312,2000,,,,,,,2026-05-22,2027-05-22,27年4月21日（1年）,4月租金1,嘉定公寓,
112.0,S313,2000,2000.0,,,,,,2026-04-18,2026-05-18,26年9月17日（1年）,4月租金1,嘉定公寓,
113.0,S314,2000,1500.0,,,皖A868SR,150.0,,2026-04-13,2026-05-13,续27年4月12日（1年）减500,4月租金1,嘉定公寓,
114.0,S315,2200,,,,川G7SX21,,,2026-05-01,2027-05-01,续26年10月30日（1年）,4月租金1,嘉定公寓,
115.0,S401,1500,1500.0,,,豫S598H8,150.0,,2026-04-15,2026-05-15,27年3月14日（1年）,4月租金1,嘉定公寓,
116.0,S402,1600,1600.0,,,,,,2026-04-28,2026-05-28,续26年12月27日（1年）减200,4月租金1,嘉定公寓,
117.0,S403,1500,1500.0,,,苏FQ90D6,150.0,,2026-04-25,2026-05-25,26年4月24日（1年）,4月租金1,嘉定公寓,
118.0,S404,1600,1600.0,,,,,,2026-04-10,2026-05-10,26年7月9日（1年）,4月租金1,嘉定公寓,
119.0,S405,1500,1500.0,,,,,,2026-04-11,2026-05-11,26年11月10日（1年）,4月租金1,嘉定公寓,
120.0,S406,1600,1600.0,,,,,,2026-04-15,2026-05-15,续27年8月14日（6个月）减300,4月租金1,嘉定公寓,
121.0,S407,1400,1400.0,,,苏FDK751,150.0,,2026-04-15,2026-05-15,续26年6月14日（4个月）,4月租金1,嘉定公寓,
122.0,S408,1880,1880.0,,,,,,2026-04-08,2026-05-08,26年6月7日（3个月）,4月租金1,嘉定公寓,
123.0,S409,2100,2000.0,,,,,,2026-04-01,2026-05-01,续27年2月28日（1年）减100,4月租金1,嘉定公寓,
124.0,S410,2080,,,,,,,2026-04-28,2027-04-28,27年3月27日（1年）,4月租金1,嘉定公寓,
125.0,S411,2050,2050.0,,,,,,2026-04-01,2026-05-01,26年10月31日（1年）,4月租金1,嘉定公寓,
126.0,S412,2080,2080.0,2080.0,2000.0,,,2080.0,2026-04-08,2026-05-08,27年4月7日（1年）,4月租金1,嘉定公寓,
127.0,S413,2000,2000.0,,,,,,2026-04-08,2026-05-08,26年7月7日（1年）,4月租金1,嘉定公寓,
128.0,S414,2000,,,,,,,2026-04-07,2027-04-07,26年7月6日（6个月）（鸿翼付员工）,4月租金1,嘉定公寓,
129.0,S415,2300,2300.0,,,,,,2026-04-28,2026-05-28,27年3月27日（1年）,4月租金1,嘉定公寓,
1.0,Q101,2300,2300.0,,,,,,2026-03-11,2026-04-11,26年10月10日（1年）,3月租金1,嘉定公寓,
2.0,Q102,2260,2260.0,,,,,,2026-03-22,2026-04-22,27年1月21日（1年）,3月租金1,嘉定公寓,
3.0,Q103,2300,2300.0,2300.0,,,,2300.0,2026-03-22,2026-04-22,27年3月21日（1年）,3月租金1,嘉定公寓,
4.0,Q105,2400,2400.0,,,,,,2026-03-19,2026-04-19,27年1月18日（1年）,3月租金1,嘉定公寓,
5.0,Q106,2260,2260.0,,,,,,2026-03-14,2026-04-14,26年7月13日（1年）,3月租金1,嘉定公寓,
6.0,Q108,2300,4550.0,2300.0,1650.0,,,1150.0,2026-04-06,2026-05-06,27年4月5日（1年）（转租7天租金525+押金1125合计退1650）,3月租金1,嘉定公寓,
7.0,Q201,2060,2060.0,,,,,,2026-03-19,2026-04-29,26年7月28日（1年）,3月租金1,嘉定公寓,
8.0,Q202,2200,2200.0,,,,,,2026-03-26,2026-04-26,26年7月25日（1年）,3月租金1,嘉定公寓,
9.0,Q205,2100,2100.0,,,苏UH001C,150.0,,2026-03-01,2026-04-01,26年8月30日（1年）,3月租金1,嘉定公寓,
10.0,Q206,2200,2200.0,2200.0,,,,2200.0,2026-03-03,2026-04-03,27年3月2日（1年）,3月租金1,嘉定公寓,
11.0,R101,1750,1750.0,,,,,,2026-03-19,2026-04-19,26年12月18日（1年）,3月租金1,嘉定公寓,
12.0,R102,1800,1800.0,,,,,,2026-03-16,2026-04-16,26年9月15日（1年）,3月租金1,嘉定公寓,
13.0,R103,1600,,,,,,,2025-01-15,2026-01-15,26年1月15日（1年）（付清）,3月租金1,嘉定公寓,
14.0,R104,1880,1880.0,1880.0,,贵FEY180,150.0,1880.0,2026-03-22,2026-04-22,27年3月21日（1年）,3月租金1,嘉定公寓,
15.0,R105,1880,1880.0,,,,,,2026-03-06,2026-04-06,27年2月5日（1年）,3月租金1,嘉定公寓,
16.0,R106,1750,1750.0,,,,,,2026-03-01,2026-04-01,27年1月31日（1年）,3月租金1,嘉定公寓,
17.0,R107,1800,1800.0,,,,,,2026-03-18,2026-04-18,26年6月17日（1年）,3月租金1,嘉定公寓,
18.0,R108,1700,1700.0,,,,,,2026-03-24,2026-04-24,26年8月23日（1年）,3月租金1,嘉定公寓,
19.0,R109,1500,1500.0,,,,,,2026-03-04,2026-04-04,26年11月3日（1年）,3月租金1,嘉定公寓,
20.0,R110,1800,,,,浙CE8M92,,,2026-04-21,2027-04-21,26年6月17日（1年）,3月租金1,嘉定公寓,
21.0,R111,1850,1850.0,,,,,,2026-03-24,2026-04-24,26年8月23日（6个月）,3月租金1,嘉定公寓,
22.0,R112,1800,1800.0,,,,,,2026-03-19,2026-04-19,续27年2月18日（1年）,3月租金1,嘉定公寓,
23.0,R113,1800,1800.0,,,苏UEA054,150.0,,2026-03-17,2026-04-17,26年12月16日（1年）,3月租金1,嘉定公寓,
24.0,R114,1850,1850.0,1850.0,,,,1850.0,2026-03-20,2026-04-20,27年3月19日（1年）,3月租金1,嘉定公寓,
25.0,R115,1800,1800.0,,,,,,2026-03-11,2026-04-11,26年6月10日（1年）,3月租金1,嘉定公寓,
26.0,R116,1800,1800.0,,,,,,2026-03-27,2026-04-27,26年8月26日（1年）,3月租金1,嘉定公寓,
27.0,R117,1800,1800.0,,,,,,2026-03-18,2026-04-18,26年6月17日（1年）,3月租金1,嘉定公寓,
28.0,R118,1600,1600.0,,,,,,2026-03-01,2026-04-01,26年5月31日（1年）,3月租金1,嘉定公寓,
29.0,R119,1880,1880.0,,,苏U81R07,,,2026-03-25,2026-04-25,28年5月24日（3年包停车）,3月租金1,嘉定公寓,
30.0,R201,1800,1800.0,,,,,,2026-03-09,2026-04-09,26年12月8日（1年）,3月租金1,嘉定公寓,
31.0,R202,1600,1600.0,,,豫S593K9,150.0,,2026-03-26,2026-04-26,27年1月25日（1年）,3月租金1,嘉定公寓,
32.0,R203,1750,1750.0,,,,,,2026-03-13,2026-04-13,27年1月12日（1年）,3月租金1,嘉定公寓,
33.0,R204,1700,1700.0,,,,,,2026-03-04,2026-04-04,26年5月3日（1年）,3月租金1,嘉定公寓,
34.0,R206,1800,1800.0,1800.0,,,,1800.0,2026-03-07,2026-04-07,27年3月6日（1年）,3月租金1,嘉定公寓,
35.0,R207,2200,2200.0,,,,,,2026-03-24,2026-04-24,26年3月23日（1年）,3月租金1,嘉定公寓,
36.0,R208,1620,,,,,,,2025-05-10,2026-05-10,26年5月9日（1年）,3月租金1,嘉定公寓,
37.0,R209,2150,2150.0,,,,,,2026-03-03,2026-04-03,26年9月2日（1年）,3月租金1,嘉定公寓,
38.0,R210,1880,1880.0,,,,,,2026-03-23,2026-04-23,26年11月22日（1年）,3月租金1,嘉定公寓,
39.0,R211,2200,2200.0,,,,,,2026-03-25,2026-04-25,26年12月24日（1年）,3月租金1,嘉定公寓,
40.0,R212,1800,3600.0,1800.0,1800.0,,,900.0,2026-03-19,2026-04-19,27年3月18日（1年）（转租15天租金900+900押金1800退客户）,3月租金1,嘉定公寓,
41.0,R213,2300,4500.0,2300.0,1393.0,沪BDS3229,150.0,1150.0,2026-03-08,2026-04-08,27年3月7日（1年）（转租4天租金293+1100押金退客户1393）,3月租金1,嘉定公寓,
42.0,R214,1700,1700.0,,,,,1700.0,2026-03-03,2026-04-03,27年3月2日（1年）,3月租金1,嘉定公寓,
43.0,R215,2300,2300.0,,,,,,2026-03-24,2026-04-24,26年5月23日（3个月）,3月租金1,嘉定公寓,
44.0,R216,1880,,,,沪BDC0596,,,2026-04-01,2027-04-01,26年5月31日（3个月）,3月租金1,嘉定公寓,
45.0,R217,2200,10300.0,2200.0,1840.0,,,1100.0,2026-04-01,2026-07-01,27年3月31日（1年）（转租9天租金690+1150押金退1840客户）,3月租金1,嘉定公寓,
46.0,R218,1750,1750.0,,,,,,2026-03-22,2026-04-22,27年1月21日（1年）,3月租金1,嘉定公寓,
47.0,R219,2100,2100.0,,,,,,2026-03-01,2026-04-01,26年3月31日（6个月）,3月租金1,嘉定公寓,
48.0,R220,1700,1700.0,,,,,,2026-03-10,2026-04-10,26年4月9日（1年）,3月租金1,嘉定公寓,
49.0,R301,1600,1600.0,,,,,,2026-03-24,2026-04-24,27年3月23日（1年）,3月租金1,嘉定公寓,
50.0,R302,1800,1800.0,,,,,,2026-03-16,2026-04-16,续26年11月15日（1年）,3月租金1,嘉定公寓,
51.0,R303,1700,1700.0,,,,,,2026-03-02,2026-04-02,26年3月1日（1年）,3月租金1,嘉定公寓,
52.0,R304,2800,2800.0,2800.0,,,,2800.0,2026-04-01,2026-05-01,27年3月31日（1年）,3月租金1,嘉定公寓,
52.0,R305,1800,1800.0,1800.0,,,,1800.0,2026-03-08,2026-04-08,27年3月7日（1年）,3月租金1,嘉定公寓,
53.0,R306,2150,2150.0,450.0,2000.0,,,,2026-03-10,2026-04-10,26年12月9日（1年）R315调换,3月租金1,嘉定公寓,
54.0,R307,1700,1700.0,,,,,,2026-03-19,2026-04-19,26年3月18日（1年）,3月租金1,嘉定公寓,
55.0,R308,2000,2000.0,2000.0,2200.0,,,,2026-03-06,2026-04-06,27年3月5日（1年）唐总推荐,3月租金1,嘉定公寓,
56.0,R309,1700,1400.0,,,,,,2026-03-06,2026-04-06,续27年3月5日（1年）减300,3月租金1,嘉定公寓,
57.0,R310,2300,2300.0,2300.0,2350.0,,,2300.0,2026-03-18,2026-04-18,27年3月17日（1年）,3月租金1,嘉定公寓,
58.0,R311,1800,1800.0,1800.0,,,,1800.0,2026-03-26,2026-04-26,27年3月25日（1年）,3月租金1,嘉定公寓,
59.0,R312,2200,2200.0,,,,,,2026-03-01,2026-04-01,续26年12月31日（1年）减500,3月租金1,嘉定公寓,
60.0,R313,1800,3350.0,1800.0,,,,1800.0,2026-04-01,2026-05-01,27年3月30日（1年）前客户退房,3月租金1,嘉定公寓,
61.0,R314,2200,2200.0,,,,,,2026-03-01,2026-04-01,26年12月30日（1年）,3月租金1,嘉定公寓,
62.0,R315,1800,1800.0,1800.0,,,,1800.0,2026-03-15,2026-04-15,27年3月14日（1年）,3月租金1,嘉定公寓,
63.0,R316,2000,2000.0,,,苏E55B9P,150.0,,2026-03-01,2026-04-01,续26年6月31日（6个月）,3月租金1,嘉定公寓,
64.0,R317,1700,1700.0,,,,,,2026-03-10,2026-04-10,26年12月9日（1年）,3月租金1,嘉定公寓,
65.0,R318,无押金,3000.0,,,,,,2025-01-20,2026-03-20,唐总小舅子,3月租金1,嘉定公寓,
66.0,R319,1800,1800.0,,,,,,2026-03-10,2026-04-10,26年9月9日（1年）,3月租金1,嘉定公寓,
67.0,R401,1400,1400.0,1400.0,1400.0,,,1400.0,2026-03-19,2026-04-19,27年3月18日（1年）,3月租金1,嘉定公寓,
68.0,R402,1500,1500.0,,,普MWF781,150.0,,2026-03-10,2026-04-10,续26年11月9日（1年）减300,3月租金1,嘉定公寓,
69.0,R403,1500,1500.0,,,,,,2026-03-11,2026-04-11,26年6月10日（1年）,3月租金1,嘉定公寓,
70.0,R404,1300,1300.0,,,,,,2026-03-01,2026-04-01,26年9月1日（1年）,3月租金1,嘉定公寓,
71.0,S003,1600,1600.0,,,,,,2026-03-01,2026-04-01,26年2月28日（1年）,3月租金1,嘉定公寓,
72.0,S004,2000,2000.0,,,苏U3711J,150.0,,2026-03-01,2026-04-04,26年8月31日（1年）,3月租金1,嘉定公寓,
73.0,S005,2000,2000.0,,,,,,2026-03-20,2026-04-20,26年9月19日（1年）,3月租金1,嘉定公寓,
74.0,S101,2100,2100.0,,,,,,2026-03-01,2026-04-01,25年9月30日（6个月）,3月租金1,嘉定公寓,
75.0,S102,2300,2300.0,,,,,,2026-03-09,2026-04-09,26年10月8日（1年）,3月租金1,嘉定公寓,
76.0,S103,2180,,,,,,,2026-04-01,2027-04-01,27年2月28日（1年）,3月租金1,嘉定公寓,
77.0,S104,2900,2900.0,,,,,,2026-03-18,2026-04-18,26年5月17日（6个月）,3月租金1,嘉定公寓,
78.0,S105,2000,2000.0,,,,,,2026-03-01,2026-04-01,26年10月31日（1年）,3月租金1,嘉定公寓,
79.0,S106,1800,1800.0,,,,,,2026-03-01,2026-04-01,26年4月30日（1年）,3月租金1,嘉定公寓,
80.0,S107,2000,4600.0,,2000.0,,,,2026-03-13,2026-04-13,26年8月12日（1年）R304调房,3月租金1,嘉定公寓,
81.0,S108,2080,2080.0,2080.0,,,,2080.0,2026-03-03,2026-04-03,27年3月2日（1年）,3月租金1,嘉定公寓,
82.0,S109,1800,1800.0,,,,,,2026-03-08,2026-04-08,续2026年9月7日（1年）,3月租金1,嘉定公寓,
83.0,S110,2000,,,,,,,2026-04-01,2027-04-01,26年8月31日（1年）,3月租金1,嘉定公寓,
84.0,S111,2200,2200.0,,,,,,2026-04-01,2026-05-01,续26年4月30日（6个月）,3月租金1,嘉定公寓,
85.0,S201,1500,,,,,,,2026-04-01,2027-04-01,26年5月31日（3个月）,3月租金1,嘉定公寓,
86.0,S202,1680,3360.0,1680.0,1120.0,,,840.0,2026-03-14,2026-04-14,27年3月13日（1年）（转租5天租金280+840押金1120退客户）,3月租金1,嘉定公寓,
87.0,S203,1500,1500.0,,,,,,2026-03-26,2026-04-26,26年10月25日（1年）,3月租金1,嘉定公寓,
88.0,S204,1600,1600.0,,,,,,2026-03-24,2026-04-24,26年5月23日（1年）,3月租金1,嘉定公寓,
89.0,S205,1500,1500.0,,,,,,2026-03-09,2026-04-09,26年4月8日（1年）,3月租金1,嘉定公寓,
90.0,S206,1600,1600.0,,,,,,2026-03-05,2026-04-05,26年1月4日（1年）,3月租金1,嘉定公寓,
91.0,S207,1400,1400.0,,,,,,2026-03-12,2026-04-12,26年3月10日（1年）,3月租金1,嘉定公寓,
92.0,S208,1800,1800.0,1800.0,,沪BD92758,150.0,1800.0,2026-03-08,2026-04-08,27年3月7日（1年）,3月租金1,嘉定公寓,
93.0,S209,2100,2100.0,,,浙K1636H,450.0,,2026-03-08,2026-04-08,26年7月7日（6个月）（两部车）,3月租金1,嘉定公寓,
94.0,S210,2000,2000.0,,,,,,2026-03-14,2026-04-14,2026年10月13日（1年）,3月租金1,嘉定公寓,
95.0,S211,2100,2100.0,,,,,,2026-03-19,2026-04-19,26年4月18日（3个月）,3月租金1,嘉定公寓,
96.0,S212,2050,1550.0,,,浙F7JK00,,,2026-03-02,2026-04-02,续27年1月1日（10个月）（包停车）减500,3月租金1,嘉定公寓,
97.0,S213,2180,6540.0,2180.0,2050.0,,,545.0,2026-03-10,2026-06-10,26年6月9日（3个月）,3月租金1,嘉定公寓,
98.0,S214,2000,2000.0,,,,,,2026-03-25,2026-04-25,续26年5月24日（6个月）,3月租金1,嘉定公寓,
99.0,S215,2300,2300.0,,,,,,2026-03-21,2026-04-21,26年6月20日（1年）,3月租金1,嘉定公寓,
100.0,S301,1400,1400.0,,,,,,2026-03-21,2026-04-21,续26年12月20日（1年）,3月租金1,嘉定公寓,
101.0,S302,1600,1600.0,,,,,,2026-03-08,2026-04-08,26年6月7日（1年）,3月租金1,嘉定公寓,
102.0,S303,1500,1500.0,,,,,,2026-03-01,2026-04-01,续26年11月30日（1年）,3月租金1,嘉定公寓,
103.0,S304,1680,1680.0,1680.0,1550.0,,,1680.0,2026-03-10,2026-04-10,27年3月9日（1年）,3月租金1,嘉定公寓,
104.0,S305,1500,1500.0,,,,,,2026-03-14,2026-04-14,26年6月13日（1年）,3月租金1,嘉定公寓,
105.0,S306,1800,1800.0,,,,,,2026-03-08,2026-04-08,26年11月7日（1年）,3月租金1,嘉定公寓,
106.0,S307,1400,1400.0,,,,,,2026-03-15,2026-04-15,26年6月14日（1年）,3月租金1,嘉定公寓,
107.0,S308,1880,1880.0,,,,,,2026-03-17,2026-04-17,27年1月16日（1年）,3月租金1,嘉定公寓,
108.0,S309,2100,2100.0,,,,,,2026-03-30,2026-04-30,26年6月29日（1年）,3月租金1,嘉定公寓,
109.0,S310,2000,2000.0,,,皖M7L937,150.0,,2026-03-03,2026-04-03,26年4月2日（1年）,3月租金1,嘉定公寓,
110.0,S311,2050,2050.0,,,,,,2026-03-08,2026-04-08,26年3月7日（1年包停车）,3月租金1,嘉定公寓,
111.0,S312,2000,3900.0,2000.0,1900.0,,,2000.0,2026-04-22,2026-05-22,27年4月21日（1年）,3月租金1,嘉定公寓,
112.0,S313,2000,2000.0,,,,,,2026-03-18,2026-04-18,26年9月17日（1年）,3月租金1,嘉定公寓,
113.0,S314,2000,2000.0,,,皖A868SR,150.0,,2026-03-13,2026-04-13,26年4月12日（1年）,3月租金1,嘉定公寓,
114.0,S315,2200,,,,川G7SX21,,,2026-05-01,2027-05-01,续26年10月30日（1年）,3月租金1,嘉定公寓,
115.0,S401,1500,1500.0,1500.0,1500.0,,,1500.0,2026-03-15,2026-04-15,27年3月14日（1年）,3月租金1,嘉定公寓,
116.0,S402,1600,1600.0,,,,,,2026-03-28,2026-04-28,续26年12月27日（1年）减200,3月租金1,嘉定公寓,
117.0,S403,1500,1500.0,,,苏FQ90D6,150.0,,2026-03-25,2027-03-25,26年4月24日（1年）,3月租金1,嘉定公寓,
118.0,S404,1600,1600.0,,,,,,2026-03-10,2026-04-10,26年7月9日（1年）,3月租金1,嘉定公寓,
119.0,S405,1500,1500.0,,,,,,2026-03-11,2026-04-11,26年11月10日（1年）,3月租金1,嘉定公寓,
120.0,S406,1600,1600.0,,,,,,2026-03-15,2026-04-15,续27年8月14日（6个月）减300,3月租金1,嘉定公寓,
121.0,S407,1400,1400.0,,,苏FDK751,150.0,,2026-03-15,2026-04-15,续26年6月14日（4个月）,3月租金1,嘉定公寓,
122.0,S408,1880,1880.0,1880.0,1700.0,,,470.0,2026-03-08,2026-04-08,26年6月7日（3个月）,3月租金1,嘉定公寓,
123.0,S409,2100,2100.0,,,,,,2026-03-01,2026-04-01,26年2月28日（1年）,3月租金1,嘉定公寓,
124.0,S410,2080,2080.0,2080.0,1800.0,,,2080.0,2026-03-28,2026-04-28,27年3月27日（1年）,3月租金1,嘉定公寓,
125.0,S411,2050,2050.0,,,,,,2026-03-01,2026-04-01,26年10月31日（1年）,3月租金1,嘉定公寓,
126.0,S412,2000,2000.0,,,,,,2026-03-10,2026-04-10,26年4月9日（1年）,3月租金1,嘉定公寓,
127.0,S413,2000,2000.0,,,,,,2026-03-08,2026-04-08,26年7月7日（1年）,3月租金1,嘉定公寓,
128.0,S414,2000,2000.0,,,,,,2026-03-07,2026-04-07,26年7月6日（6个月）,3月租金1,嘉定公寓,
129.0,S415,2300,2300.0,2300.0,2300.0,,,2300.0,2026-03-28,2026-04-28,27年3月27日（1年）,3月租金1,嘉定公寓,
1.0,Q101,2300,2300.0,,,,,,2026-02-11,2026-03-11,26年10月10日（1年）,2月租金1,嘉定公寓,
2.0,Q102,2260,2260.0,,,,,,2026-02-22,2026-03-22,27年1月21日（1年）,2月租金1,嘉定公寓,
3.0,Q103,2300,2300.0,,,赣E0821W,,,2026-02-16,2026-03-16,26年6月15日（1年）,2月租金1,嘉定公寓,
4.0,Q105,2400,2400.0,,,,,,2026-02-19,2026-03-19,27年1月18日（1年）,2月租金1,嘉定公寓,
5.0,Q106,2260,2260.0,,,,,,2026-02-14,2026-03-14,26年7月13日（1年）,2月租金1,嘉定公寓,
6.0,Q108,2250,2250.0,,,,,,2026-02-14,2026-03-14,26年10月13日（1年）,2月租金1,嘉定公寓,
7.0,Q201,2060,2060.0,,,,,,2026-02-28,2027-02-28,26年7月28日（1年）,2月租金1,嘉定公寓,
8.0,Q202,2200,2200.0,,,,,,2026-02-26,2026-03-26,26年7月25日（1年）,2月租金1,嘉定公寓,
9.0,Q205,2100,2100.0,,,苏UH001C,150.0,,2026-02-01,2026-03-01,26年8月30日（1年）,2月租金1,嘉定公寓,
11.0,R101,1750,1750.0,,,,,,2026-02-19,2026-03-19,26年12月18日（1年）,2月租金1,嘉定公寓,
12.0,R102,1800,1800.0,,,,,,2026-02-16,2026-03-16,26年9月15日（1年）,2月租金1,嘉定公寓,
13.0,R103,1600,5000.0,,,,,,2025-01-15,2026-01-15,26年1月15日（1年）（付清）,2月租金1,嘉定公寓,
14.0,R104,1750,1750.0,,,,,,2026-02-20,2026-03-20,26年9月19日（1年）,2月租金1,嘉定公寓,
15.0,R105,1880,1880.0,1880.0,1700.0,,,1880.0,2026-02-06,2026-03-06,27年2月5日（1年）,2月租金1,嘉定公寓,
16.0,R106,1750,,,,,,,2026-03-01,2027-03-01,27年1月31日（1年）,2月租金1,嘉定公寓,
17.0,R107,1800,1800.0,,,,,,2026-02-18,2026-03-18,26年6月17日（1年）,2月租金1,嘉定公寓,
18.0,R108,1700,1700.0,,,,,,2026-02-24,2026-03-24,26年8月23日（1年）,2月租金1,嘉定公寓,
19.0,R109,1500,1500.0,,,,,,2026-02-04,2026-03-04,26年11月3日（1年）,2月租金1,嘉定公寓,
20.0,R110,1800,3600.0,,,浙CE8M92,300.0,,2026-02-21,2026-04-21,26年6月17日（1年）,2月租金1,嘉定公寓,
21.0,R111,1850,1850.0,1850.0,1880.0,,,925.0,2026-02-24,2026-03-24,26年8月23日（6个月）,2月租金1,嘉定公寓,
22.0,R112,1800,1800.0,,,,,,2026-02-19,2026-03-19,26年2月18日（6个月）,2月租金1,嘉定公寓,
23.0,R113,1800,1800.0,,,苏UEA054,150.0,,2026-02-17,2026-03-17,26年12月16日（1年）,2月租金1,嘉定公寓,
24.0,R114,1800,1800.0,,,,,,2026-02-15,2026-03-15,26年10月14日（1年）,2月租金1,嘉定公寓,
25.0,R115,1800,1800.0,,,,,,2026-02-11,2026-03-11,26年6月10日（1年）,2月租金1,嘉定公寓,
26.0,R116,1800,1800.0,,,,,,2026-02-27,2026-03-27,26年8月26日（1年）,2月租金1,嘉定公寓,
27.0,R117,1800,1800.0,,,,,,2026-02-18,2026-03-18,26年6月17日（1年）,2月租金1,嘉定公寓,
28.0,R118,1600,1600.0,,,,,,2026-02-01,2026-03-01,26年5月31日（1年）,2月租金1,嘉定公寓,
29.0,R119,1880,1880.0,,,苏U81R07,,,2026-02-25,2026-03-25,28年5月24日（3年包停车）,2月租金1,嘉定公寓,
30.0,R201,1800,1800.0,,,,,,2026-02-09,2026-03-09,26年12月8日（1年）,2月租金1,嘉定公寓,
31.0,R202,1600,1600.0,,,豫S593K9,150.0,,2026-02-26,2026-03-26,27年1月25日（1年）,2月租金1,嘉定公寓,
32.0,R203,1750,1750.0,,,,,,2026-02-13,2026-03-13,27年1月12日（1年）,2月租金1,嘉定公寓,
33.0,R204,1700,1700.0,,,,,,2026-02-04,2026-03-04,26年5月3日（1年）,2月租金1,嘉定公寓,
35.0,R207,2200,2200.0,,,,,,2026-02-24,2026-03-24,26年3月23日（1年）,2月租金1,嘉定公寓,
36.0,R208,1620,,,,,,,2025-05-10,2026-05-10,26年5月9日（1年）,2月租金1,嘉定公寓,
37.0,R209,2150,2150.0,,,,,,2026-02-03,2026-03-03,26年9月2日（1年）,2月租金1,嘉定公寓,
38.0,R210,1880,1800.0,,,,,,2026-02-23,2026-03-23,26年11月22日（1年）,2月租金1,嘉定公寓,
39.0,R211,2200,2200.0,,,,,,2026-02-25,2026-03-25,26年12月24日（1年）,2月租金1,嘉定公寓,
40.0,R212,1800,1800.0,,,,,,2026-02-05,2026-03-05,26年11月4日（1年）,2月租金1,嘉定公寓,
41.0,R213,2200,2200.0,,,沪AEF2392,150.0,,2026-02-13,2026-03-13,26年12月12日（1年）,2月租金1,嘉定公寓,
43.0,R215,2300,2300.0,2300.0,,,,575.0,2026-02-24,2026-03-24,26年5月23日（3个月）,2月租金1,嘉定公寓,
44.0,R216,1880,1880.0,1880.0,1650.0,沪BDC0596,150.0,470.0,2026-03-01,2026-04-01,26年5月31日（3个月）,2月租金1,嘉定公寓,
45.0,R217,2300,2300.0,,,,,,2026-02-10,2026-03-10,26年12月9日（1年）,2月租金1,嘉定公寓,
46.0,R218,1750,1750.0,,,,,,2026-02-22,2026-03-22,27年1月21日（1年）,2月租金1,嘉定公寓,
47.0,R219,2100,2100.0,,,,,,2026-02-01,2026-03-01,26年3月31日（6个月）,2月租金1,嘉定公寓,
48.0,R220,1700,1700.0,,,,,,2026-02-10,2026-03-10,26年4月9日（1年）,2月租金1,嘉定公寓,
49.0,R301,1600,1600.0,1600.0,,,,1500.0,2026-02-24,2026-03-24,27年3月23日（1年）S201换房,2月租金1,嘉定公寓,
50.0,R302,1800,1800.0,,,,,,2026-02-16,2026-03-16,续26年11月15日（1年）,2月租金1,嘉定公寓,
51.0,R303,1700,1700.0,,,,,,2026-02-02,2026-03-02,26年3月1日（1年）,2月租金1,嘉定公寓,
52.0,R304,2000,2600.0,,,,,,2026-02-13,2026-03-13,26年8月12日（1年）,2月租金1,嘉定公寓,
52.0,R305,1800,,,2700.0,,,,2026-02-26,2027-02-26,退房,2月租金1,嘉定公寓,
53.0,R306,2000,2000.0,,,,,,2026-02-12,2027-02-12,26年3月11日（1年）,2月租金1,嘉定公寓,
54.0,R307,1700,1700.0,,,,,,2026-02-19,2026-03-19,26年3月18日（1年）,2月租金1,嘉定公寓,
55.0,R308,2200,2200.0,,,,,,2026-02-02,2026-03-02,26年3月1日（1年）,2月租金1,嘉定公寓,
56.0,R309,1700,1700.0,,,,,,2026-02-06,2026-03-06,26年3月5日（1年）,2月租金1,嘉定公寓,
57.0,R310,2350,2350.0,,,,,,2026-02-15,2026-03-15,26年2月14日（1年）,2月租金1,嘉定公寓,
58.0,R311,1800,1800.0,,,,,,2026-02-23,2026-03-23,26年9月24日（1年）,2月租金1,嘉定公寓,
59.0,R312,2200,1700.0,,,,,,2026-02-01,2026-03-01,续26年12月31日（1年）减500,2月租金1,嘉定公寓,
60.0,R313,1700,1700.0,,1700.0,,,,2026-02-01,2026-03-01,退房,2月租金1,嘉定公寓,
61.0,R314,2200,2200.0,,,,,,2026-02-01,2026-03-01,26年12月30日（1年）,2月租金1,嘉定公寓,
62.0,R315,1700,1700.0,,,,,,2026-02-10,2026-03-10,26年12月9日（1年）,2月租金1,嘉定公寓,
63.0,R316,2000,2000.0,,,苏E55B9P,150.0,,2026-02-01,2026-03-01,续26年6月31日（6个月）,2月租金1,嘉定公寓,
64.0,R317,1700,1700.0,,,,,,2026-02-10,2026-03-10,26年12月9日（1年）,2月租金1,嘉定公寓,
65.0,R318,无押金,1500.0,,,,,,2025-01-20,2026-02-20,唐总小舅子,2月租金1,嘉定公寓,
66.0,R319,1800,1800.0,,,,,,2026-02-10,2026-03-10,26年9月9日（1年）,2月租金1,嘉定公寓,
67.0,R401,1400,1400.0,,,浙F51LG1,,,2026-02-02,2026-03-02,26年4月1日（1年包停车）,2月租金1,嘉定公寓,
68.0,R402,1500,1500.0,,,普MWF781,150.0,,2026-02-10,2026-03-10,续26年11月9日（1年）减300,2月租金1,嘉定公寓,
69.0,R403,1500,1500.0,,,,,,2026-02-11,2026-03-11,26年6月10日（1年）,2月租金1,嘉定公寓,
70.0,R404,1300,1300.0,,,,,,2026-02-01,2026-03-01,26年9月1日（1年）,2月租金1,嘉定公寓,
71.0,S003,1600,1600.0,,,,,,2026-02-01,2026-03-01,26年2月28日（1年）,2月租金1,嘉定公寓,
72.0,S004,2000,2000.0,,,苏U3711J,150.0,,2026-02-01,2026-03-01,26年8月31日（1年）,2月租金1,嘉定公寓,
73.0,S005,2000,2000.0,,,,,,2026-02-20,2026-03-20,26年9月19日（1年）,2月租金1,嘉定公寓,
74.0,S101,2100,2100.0,,,,,,2026-02-01,2026-03-01,25年9月30日（6个月）,2月租金1,嘉定公寓,
75.0,S102,2300,2300.0,,,,,,2026-02-09,2026-03-09,26年10月8日（1年）,2月租金1,嘉定公寓,
76.0,S103,2180,2180.0,2180.0,,,,2180.0,2026-03-01,2026-04-01,27年2月28日（1年）,2月租金1,嘉定公寓,
77.0,S104,2900,2900.0,,,,,,2026-02-18,2026-03-18,26年5月17日（6个月）,2月租金1,嘉定公寓,
78.0,S105,2000,2000.0,,,,,,2026-02-01,2026-03-01,26年10月31日（1年）,2月租金1,嘉定公寓,
79.0,S106,1800,1800.0,,,,,,2026-02-01,2026-03-01,26年4月30日（1年）,2月租金1,嘉定公寓,
80.0,S107,2000,,,,,,,2026-02-25,2027-02-25,26年2月24日（1年）下个月付,2月租金1,嘉定公寓,
81.0,S108,1800,2000.0,,,,,,2026-02-01,2026-03-01,26年5月31日（1年）,2月租金1,嘉定公寓,
82.0,S109,1800,1800.0,,,,,,2026-02-08,2026-03-08,2026年3月7日（1年）,2月租金1,嘉定公寓,
83.0,S110,2000,2000.0,2000.0,2000.0,,,1000.0,2026-03-01,2026-04-01,26年8月31日（1年）,2月租金1,嘉定公寓,
84.0,S111,2200,2200.0,,,,,,2026-03-01,2026-04-01,续26年4月30日（6个月）,2月租金1,嘉定公寓,
85.0,S201,1500,1500.0,1500.0,1500.0,,,375.0,2026-03-01,2026-04-01,26年5月31日（3个月）,2月租金1,嘉定公寓,
86.0,S202,1680,1680.0,,,,,,2026-02-20,2026-03-20,26年6月19日（1年）,2月租金1,嘉定公寓,
87.0,S203,1500,1500.0,,,,,,2026-02-26,2026-03-26,26年10月25日（1年）,2月租金1,嘉定公寓,
88.0,S204,1600,1600.0,1600.0,,,,400.0,2026-02-24,2026-03-24,26年5月23日（1年）,2月租金1,嘉定公寓,
89.0,S205,1500,1500.0,,,,,,2026-02-09,2026-03-09,26年4月8日（1年）,2月租金1,嘉定公寓,
90.0,S206,1600,1600.0,,,,,,2026-02-05,2026-03-05,26年1月4日（1年）,2月租金1,嘉定公寓,
91.0,S207,1400,1400.0,,,,,,2026-02-12,2026-03-12,26年3月10日（1年）,2月租金1,嘉定公寓,
92.0,S208,1800,1800.0,,1800.0,,,,2026-02-01,2026-03-01,退房,2月租金1,嘉定公寓,
93.0,S209,2100,2100.0,,,浙K1636H,,,2026-02-08,2026-03-08,26年7月7日（6个月）,2月租金1,嘉定公寓,
94.0,S210,2000,2000.0,,,,,,2026-02-14,2026-03-14,2026年10月13日（1年）,2月租金1,嘉定公寓,
95.0,S211,2100,2100.0,,,,,,2026-02-19,2026-03-19,26年4月18日（3个月）,2月租金1,嘉定公寓,
96.0,S212,2050,2050.0,,,浙F7JK00,,,2026-02-02,2026-03-02,26年3月1日（1年）（包停车）,2月租金1,嘉定公寓,
97.0,S213,2050,2050.0,,,,,,2026-02-08,2026-03-08,26年3月7日（1年）,2月租金1,嘉定公寓,
98.0,S214,2000,2000.0,,,,,,2026-02-25,2026-03-25,续26年5月24日（6个月）,2月租金1,嘉定公寓,
99.0,S215,2300,2300.0,,,,,,2026-02-21,2026-03-21,26年6月20日（1年）,2月租金1,嘉定公寓,
100.0,S301,1400,1400.0,,,,,,2026-02-21,2026-03-21,续26年12月20日（1年）,2月租金1,嘉定公寓,
101.0,S302,1600,1600.0,,,,,,2026-02-08,2026-03-08,26年6月7日（1年）,2月租金1,嘉定公寓,
102.0,S303,1500,1500.0,,,,,,2026-02-01,2026-03-01,续26年11月30日（1年）,2月租金1,嘉定公寓,
103.0,S304,1550,1550.0,,,,,,2026-02-08,2026-03-08,26年3月7日（1年）,2月租金1,嘉定公寓,
104.0,S305,1500,1500.0,,,,,,2026-02-14,2026-03-14,26年6月13日（1年）,2月租金1,嘉定公寓,
105.0,S306,1800,1800.0,,,,,,2026-02-08,2026-03-08,26年11月7日（1年）,2月租金1,嘉定公寓,
106.0,S307,1400,1400.0,,,,,,2026-02-15,2026-03-15,26年6月14日（1年）,2月租金1,嘉定公寓,
107.0,S308,1880,1880.0,,,,,,2026-02-17,2026-03-17,27年1月16日（1年）,2月租金1,嘉定公寓,
108.0,S309,2100,2100.0,,,,,,2026-02-28,2026-03-28,26年6月29日（1年）,2月租金1,嘉定公寓,
109.0,S310,2000,2000.0,,,皖M7L937,150.0,,2026-02-03,2026-03-03,26年4月2日（1年）,2月租金1,嘉定公寓,
110.0,S311,2050,2050.0,,,,,,2026-02-08,2026-03-08,26年3月7日（1年包停车）,2月租金1,嘉定公寓,
111.0,S312,1900,1900.0,,,,,,2026-02-18,2026-03-18,26年4月17日（1年）,2月租金1,嘉定公寓,
112.0,S313,2000,2000.0,,,,,,2026-02-18,2026-03-18,26年9月17日（1年）,2月租金1,嘉定公寓,
113.0,S314,2000,2000.0,,,皖A868SR,150.0,,2026-02-13,2026-03-13,26年4月12日（1年）,2月租金1,嘉定公寓,
114.0,S315,2200,6600.0,,,川G7SX21,450.0,,2025-02-01,2026-05-01,续26年10月30日（1年）,2月租金1,嘉定公寓,
115.0,S401,1500,1500.0,,,,,,2026-02-12,2026-03-12,26年3月11日（1年）,2月租金1,嘉定公寓,
116.0,S402,1600,1600.0,,,,,,2026-02-28,2026-03-28,续26年12月27日（1年）减200,2月租金1,嘉定公寓,
117.0,S403,1500,1500.0,,,苏FQ90D6,150.0,,2026-02-25,2026-03-25,26年4月24日（1年）,2月租金1,嘉定公寓,
118.0,S404,1600,1600.0,,,,,,2026-02-10,2026-03-10,26年7月9日（1年）,2月租金1,嘉定公寓,
119.0,S405,1500,1500.0,,,,,,2026-02-11,2026-03-11,26年11月10日（1年）,2月租金1,嘉定公寓,
120.0,S406,1600,1300.0,,,,,,2026-02-15,2026-03-15,续27年8月14日（6个月）减300,2月租金1,嘉定公寓,
121.0,S407,1400,1400.0,,,苏FDK751,,,2026-02-15,2026-03-15,26年2月14日（1年）,2月租金1,嘉定公寓,
122.0,S408,1700,1700.0,,,,,,2026-02-20,2026-03-20,26年3月19日（1年）,2月租金1,嘉定公寓,
123.0,S409,2100,2100.0,,,,,,2026-02-01,2026-03-01,26年2月28日（1年）,2月租金1,嘉定公寓,
124.0,S410,1800,1800.0,,,,,,2026-02-20,2026-03-20,26年3月19日（1年）,2月租金1,嘉定公寓,
125.0,S411,2050,2050.0,,,,,,2026-02-01,2026-03-01,26年10月31日（1年）,2月租金1,嘉定公寓,
126.0,S412,2000,2000.0,,,,,,2026-02-10,2026-03-10,26年4月9日（1年）,2月租金1,嘉定公寓,
127.0,S413,2000,2000.0,,,,,,2026-02-08,2026-03-08,26年7月7日（1年）,2月租金1,嘉定公寓,
128.0,S414,2000,2000.0,,,,,,2026-02-07,2026-03-07,26年7月6日（6个月）,2月租金1,嘉定公寓,
129.0,S415,2300,2300.0,,,沪AEX9591,,,2026-02-15,2026-03-15,26年3月14日（1年包停车）,2月租金1,嘉定公寓,
1.0,Q101,2300,2300.0,,,,,,2025-01-11,2026-02-11,26年10月10日（1年）,1月租金1,嘉定公寓,
2.0,Q102,2260,2260.0,2260.0,,,,2260.0,2026-01-22,2026-02-22,27年1月21日（1年）,1月租金1,嘉定公寓,
3.0,Q103,2300,2300.0,,,赣E0821W,150.0,,2025-01-16,2026-02-16,26年6月15日（1年）,1月租金1,嘉定公寓,
4.0,Q105,2400,2400.0,2400.0,,,,2400.0,2026-01-19,2026-02-19,27年1月18日（1年）,1月租金1,嘉定公寓,
5.0,Q106,2260,2260.0,,,,,,2025-01-14,2026-02-14,26年7月13日（1年）,1月租金1,嘉定公寓,
6.0,Q108,2250,2250.0,,,,,,2025-01-14,2026-02-14,26年10月13日（1年）,1月租金1,嘉定公寓,
7.0,Q201,2060,2060.0,,,,,,2025-01-29,2026-02-28,26年7月28日（1年）,1月租金1,嘉定公寓,
8.0,Q202,2200,2200.0,,,,,,2025-01-26,2026-02-26,26年7月25日（1年）,1月租金1,嘉定公寓,
9.0,Q205,2100,2100.0,,,,,,2025-01-01,2025-02-01,26年8月30日（1年）,1月租金1,嘉定公寓,
10.0,Q206,2100,2100.0,,,,,,2025-01-15,2026-02-15,26年7月14日（1年）,1月租金1,嘉定公寓,
11.0,R101,1750,1750.0,,,,,,2026-01-19,2026-02-19,26年12月18日（1年）,1月租金1,嘉定公寓,
12.0,R102,1800,1800.0,,,,,,2025-01-16,2026-01-16,26年9月15日（1年）,1月租金1,嘉定公寓,
13.0,R103,1600,,,,,,,2025-01-15,2026-01-15,26年1月15日（1年）（付清）,1月租金1,嘉定公寓,
14.0,R104,1750,1750.0,,,,,,2025-01-20,2026-02-20,26年9月19日（1年）,1月租金1,嘉定公寓,
15.0,R105,1700,1700.0,,,,,,2025-01-06,2026-02-06,26年2月5日（1年）,1月租金1,嘉定公寓,
16.0,R106,1750,3350.0,,1600.0,,,1750.0,2026-02-01,2026-03-01,27年1月31日（1年）,1月租金1,嘉定公寓,
17.0,R107,1800,1800.0,,,,,,2025-01-18,2026-02-18,26年6月17日（1年）,1月租金1,嘉定公寓,
18.0,R108,1700,1700.0,,,,,,2025-01-24,2026-02-24,26年8月23日（1年）,1月租金1,嘉定公寓,
19.0,R109,1500,1500.0,,,,,,2025-01-04,2025-02-04,26年11月3日（1年）,1月租金1,嘉定公寓,
20.0,R110,1800,1800.0,,,浙CE8M92,150.0,,2025-01-21,2026-02-21,26年6月17日（1年）,1月租金1,嘉定公寓,
21.0,R111,1880,1880.0,1880.0,1800.0,,,470.0,2026-01-09,2026-02-09,26年4月8号（3个月）,1月租金1,嘉定公寓,
22.0,R112,1800,1800.0,,,,,,2025-01-19,2026-02-19,26年2月18日（6个月）,1月租金1,嘉定公寓,
23.0,R113,1800,1800.0,,,苏UEA054,150.0,,2025-01-17,2026-02-17,26年12月16日（1年）,1月租金1,嘉定公寓,
24.0,R114,1800,1800.0,,,,,,2025-01-15,2026-02-15,26年10月14日（1年）,1月租金1,嘉定公寓,
25.0,R115,1800,1800.0,,,,,,2025-01-11,2026-02-11,26年6月10日（1年）,1月租金1,嘉定公寓,
26.0,R116,1800,1800.0,,,,,,2025-01-27,2026-02-27,26年8月26日（1年）,1月租金1,嘉定公寓,
27.0,R117,1800,1800.0,,,,,,2025-01-18,2026-02-18,26年6月17日（1年）,1月租金1,嘉定公寓,
28.0,R118,1600,1600.0,,,,,,2025-01-01,2026-02-01,26年5月31日（1年）,1月租金1,嘉定公寓,
29.0,R119,1880,1880.0,,,苏U81R07,,,2025-01-25,2026-02-25,28年5月24日（3年包停车）,1月租金1,嘉定公寓,
30.0,R201,1800,1800.0,50.0,1900.0,,,,2025-01-09,2026-02-09,26年12月8日（1年）R203调房,1月租金1,嘉定公寓,
31.0,R202,1600,1600.0,1600.0,1600.0,豫S593K9,150.0,1600.0,2026-01-26,2026-02-26,27年1月25日（1年）,1月租金1,嘉定公寓,
32.0,R203,1750,1750.0,1750.0,,,,1750.0,2026-01-13,2026-02-13,27年1月12日（1年）,1月租金1,嘉定公寓,
33.0,R204,1700,1700.0,,,,,,2025-01-04,2026-02-04,26年5月3日（1年）,1月租金1,嘉定公寓,
34.0,R206,1880,1880.0,,,,,,2025-01-09,2026-02-09,26年2月9日（4个月）,1月租金1,嘉定公寓,
35.0,R207,2200,2200.0,,,,,,2025-01-24,2026-02-24,26年3月23日（1年）,1月租金1,嘉定公寓,
36.0,R208,1620,,,,,,,2025-05-10,2026-05-10,26年5月9日（1年）,1月租金1,嘉定公寓,
37.0,R209,2150,2150.0,,,,,,2025-01-03,2026-02-03,26年9月2日（1年）,1月租金1,嘉定公寓,
38.0,R210,1880,1880.0,,,,,,2025-01-23,2026-02-23,26年11月22日（1年）,1月租金1,嘉定公寓,
39.0,R211,2200,2200.0,,,,,,2025-01-25,2026-02-25,26年12月24日（1年）,1月租金1,嘉定公寓,
40.0,R212,1800,1800.0,,,,,,2025-01-05,2026-02-05,26年11月4日（1年）,1月租金1,嘉定公寓,
41.0,R213,2200,2200.0,,,沪AEF2392,150.0,,2025-01-13,2026-02-13,26年12月12日（1年）,1月租金1,嘉定公寓,
42.0,R214,1650,1650.0,,,,,,2025-01-18,2026-02-18,26年2月17日（1年）,1月租金1,嘉定公寓,
43.0,R215,2200,2200.0,,,,,,2025-01-10,2026-02-10,26年11月9日（1年）,1月租金1,嘉定公寓,
44.0,R216,1650,1650.0,,,,,,2025-01-17,2026-02-17,26年2月16日（1年）,1月租金1,嘉定公寓,
45.0,R217,2300,2300.0,,,,,,2025-01-10,2026-02-10,26年12月9日（1年）,1月租金1,嘉定公寓,
46.0,R218,1750,1750.0,1750.0,,,,1750.0,2026-01-22,2026-02-22,27年1月21日（1年）,1月租金1,嘉定公寓,
47.0,R219,2100,2100.0,,,,,,2025-01-01,2026-02-01,26年3月31日（6个月）,1月租金1,嘉定公寓,
48.0,R220,1700,1700.0,,,,,,2025-01-10,2026-02-10,26年4月9日（1年）,1月租金1,嘉定公寓,
49.0,R301,1700,1700.0,,,,,,2025-01-13,2026-02-13,26年12月12日（1年）,1月租金1,嘉定公寓,
50.0,R302,1800,1800.0,,,,,,2025-01-16,2026-02-16,续26年11月15日（1年）,1月租金1,嘉定公寓,
51.0,R303,1700,1700.0,,,,,,2025-01-02,2026-02-02,26年3月1日（1年）,1月租金1,嘉定公寓,
52.0,R304,2000,2600.0,,,,,,2025-01-13,2026-02-13,26年8月12日（1年）,1月租金1,嘉定公寓,
52.0,R305,1800,1800.0,,,,,,2025-01-26,2026-02-26,26年2月25日（1年）,1月租金1,嘉定公寓,
53.0,R306,2000,2000.0,,,,,,2025-01-12,2026-02-12,26年3月11日（1年）,1月租金1,嘉定公寓,
54.0,R307,1700,1700.0,,,,,,2025-01-19,2026-02-19,26年3月18日（1年）,1月租金1,嘉定公寓,
55.0,R308,2200,2200.0,,,,,,2025-01-02,2026-02-02,26年3月1日（1年）,1月租金1,嘉定公寓,
56.0,R309,1700,1700.0,,,,,,2025-01-06,2026-02-06,26年3月5日（1年）,1月租金1,嘉定公寓,
57.0,R310,2350,2350.0,,,,,,2025-01-15,2026-02-15,26年2月14日（1年）,1月租金1,嘉定公寓,
58.0,R311,1800,1800.0,,,,,,2025-01-23,2026-02-23,26年9月24日（1年）,1月租金1,嘉定公寓,
59.0,R312,2200,2200.0,,,,,,2025-01-01,2026-02-01,续26年12月31日（1年）减500,1月租金1,嘉定公寓,
60.0,R313,1700,1700.0,,,,,,2025-01-01,2025-02-01,26年9月30日（6个月）,1月租金1,嘉定公寓,
61.0,R314,2200,450.0,450.0,,,,,2025-01-01,2025-02-01,26年12月30日（1年）R218调房,1月租金1,嘉定公寓,
62.0,R315,1700,1700.0,,,,,,2025-01-10,2026-02-10,26年12月9日（1年）,1月租金1,嘉定公寓,
63.0,R316,2000,2000.0,,,苏E55B9P,,,2025-01-01,2026-02-01,续26年6月31日（6个月）,1月租金1,嘉定公寓,
64.0,R317,1700,1700.0,,,,,,2025-01-10,2026-02-10,26年12月9日（1年）,1月租金1,嘉定公寓,
65.0,R318,无押金,,,,,,,2025-01-20,2026-01-20,唐总小舅子,1月租金1,嘉定公寓,
66.0,R319,1800,1800.0,,,,,,2025-01-10,2026-02-10,26年9月9日（1年）,1月租金1,嘉定公寓,
67.0,R401,1400,1400.0,,,浙F51LG1,,,2025-01-02,2026-02-02,26年4月1日（1年包停车）,1月租金1,嘉定公寓,
68.0,R402,1500,1500.0,,,普MWF781,150.0,,2025-01-10,2026-01-10,续26年11月9日（1年）减300,1月租金1,嘉定公寓,
69.0,R403,1500,1500.0,,,,,,2025-01-11,2026-02-11,26年6月10日（1年）,1月租金1,嘉定公寓,
70.0,R404,1300,1300.0,,,,,,2025-01-02,2026-02-01,26年9月1日（1年）,1月租金1,嘉定公寓,
71.0,S003,1600,1600.0,,,,,,2025-01-01,2026-02-01,26年2月28日（1年）,1月租金1,嘉定公寓,
72.0,S004,2000,2000.0,,,苏U3711J,150.0,,2025-01-01,2026-02-01,26年8月31日（1年）,1月租金1,嘉定公寓,
73.0,S005,2000,2000.0,,,,,,2025-01-20,2026-02-20,26年9月19日（1年）,1月租金1,嘉定公寓,
74.0,S101,2100,2100.0,,,,,,2025-01-01,2026-02-01,25年9月30日（6个月）,1月租金1,嘉定公寓,
75.0,S102,2300,2300.0,,,,,,2025-01-09,2026-02-09,26年10月8日（1年）,1月租金1,嘉定公寓,
76.0,S103,2200,2200.0,2200.0,,,,2200.0,2026-01-23,2026-02-23,27年1月22日（1年）,1月租金1,嘉定公寓,
77.0,S104,2900,2900.0,,,沪AEP5352,150.0,,2025-01-18,2026-02-18,26年5月17日（6个月）,1月租金1,嘉定公寓,
78.0,S105,2000,2000.0,,,,,,2025-01-01,2025-02-01,26年10月31日（1年）,1月租金1,嘉定公寓,
79.0,S106,1800,1800.0,,,,,,2025-01-01,2026-02-01,26年4月30日（1年）,1月租金1,嘉定公寓,
80.0,S107,2000,2000.0,,,,,,2025-01-25,2026-02-25,26年2月24日（1年）,1月租金1,嘉定公寓,
81.0,S108,1800,2000.0,,,,,,2025-01-01,2025-02-01,26年5月31日（1年）,1月租金1,嘉定公寓,
82.0,S109,1800,1800.0,,,,,,2025-01-08,2026-02-08,2026年3月7日（1年）,1月租金1,嘉定公寓,
83.0,S110,2000,2000.0,,,,,,2025-01-05,2026-02-05,25年12月4日（6个月）,1月租金1,嘉定公寓,
84.0,S111,2200,2200.0,,,,,,2025-02-01,2026-03-01,续26年4月30日（1年）,1月租金1,嘉定公寓,
85.0,S201,1500,1500.0,1500.0,,,,,2026-01-13,2026-02-13,1个月,1月租金1,嘉定公寓,
86.0,S202,1680,1680.0,,,,,,2025-01-20,2026-02-20,26年6月19日（1年）,1月租金1,嘉定公寓,
87.0,S203,1500,1500.0,,,,,,2025-01-26,2026-02-26,26年10月25日（1年）,1月租金1,嘉定公寓,
88.0,S204,1600,1800.0,,,,,,2025-01-11,2026-02-11,26年6月10日（1年）余款200付清,1月租金1,嘉定公寓,
89.0,S205,1500,1500.0,,,,,,2025-01-09,2026-02-09,26年4月8日（1年）,1月租金1,嘉定公寓,
90.0,S206,1600,1600.0,,,,,,2025-01-05,2026-02-05,26年1月4日（1年）,1月租金1,嘉定公寓,
91.0,S207,1400,1400.0,,,,,,2025-01-12,2026-02-12,26年3月10日（1年）,1月租金1,嘉定公寓,
92.0,S208,1800,1800.0,,,,,,2025-01-01,2026-02-01,26年2月28日（1年）,1月租金1,嘉定公寓,
93.0,S209,2100,,,,浙K1636H,150.0,,2025-02-08,2026-02-08,26年7月7日（6个月）S414调房,1月租金1,嘉定公寓,
94.0,S210,2000,2000.0,,,,,,2025-01-14,2026-02-14,2026年10月13日（1年）,1月租金1,嘉定公寓,
95.0,S211,2100,2100.0,2100.0,2200.0,,,450.0,2026-01-19,2026-02-19,26年4月18日（3个月）R218调换,1月租金1,嘉定公寓,
96.0,S212,2050,2050.0,,,浙F7JK00,,,2025-01-02,2026-02-02,26年3月1日（1年）（包停车）,1月租金1,嘉定公寓,
97.0,S213,2050,2050.0,,,,,,2025-01-08,2026-02-08,26年3月7日（1年）,1月租金1,嘉定公寓,
98.0,S214,2000,2000.0,,,,,,2025-01-25,2026-02-25,续26年5月24日（6个月）,1月租金1,嘉定公寓,
99.0,S215,2300,2300.0,,,,,,2025-01-21,2026-02-21,26年6月20日（1年）,1月租金1,嘉定公寓,
100.0,S301,1400,1400.0,,,,,,2025-01-21,2026-02-21,续26年12月20日（1年）,1月租金1,嘉定公寓,
101.0,S302,1600,1600.0,,,,,,2025-01-08,2026-02-08,26年6月7日（1年）,1月租金1,嘉定公寓,
102.0,S303,1500,1500.0,,,,,,2025-01-01,2026-02-01,续26年11月30日（1年）,1月租金1,嘉定公寓,
103.0,S304,1550,1550.0,,,,,,2025-01-08,2026-02-08,26年3月7日（1年）,1月租金1,嘉定公寓,
104.0,S305,1500,1500.0,,,,,,2025-01-14,2026-02-14,26年6月13日（1年）,1月租金1,嘉定公寓,
105.0,S306,1800,1800.0,,,,,,2025-01-08,2026-02-08,26年11月7日（1年）,1月租金1,嘉定公寓,
106.0,S307,1400,1400.0,,,,,,2025-01-15,2026-02-15,26年6月14日（1年）,1月租金1,嘉定公寓,
107.0,S308,1880,1880.0,1880.0,1800.0,,,1880.0,2026-01-17,2026-02-17,27年1月16日（1年）,1月租金1,嘉定公寓,
108.0,S309,2100,2100.0,,,,,,2025-01-30,2026-02-28,26年6月29日（1年）,1月租金1,嘉定公寓,
109.0,S310,2000,2000.0,,,皖M7L937,150.0,,2025-01-03,2025-02-03,26年4月2日（1年）,1月租金1,嘉定公寓,
110.0,S311,2050,2050.0,,,,,,2025-01-08,2026-02-08,26年3月7日（1年包停车）,1月租金1,嘉定公寓,
111.0,S312,1900,1900.0,,,,,,2025-01-18,2026-02-18,26年4月17日（1年）,1月租金1,嘉定公寓,
112.0,S313,2000,2000.0,,,,,,2025-01-18,2026-02-18,26年9月17日（1年）,1月租金1,嘉定公寓,
113.0,S314,2000,2500.0,,,,,,2026-01-13,2026-02-13,26年4月12日（1年）付齐,1月租金1,嘉定公寓,
114.0,S315,2200,,,,川G7SX21,,,2025-02-01,2026-02-01,续26年10月30日（1年）,1月租金1,嘉定公寓,
115.0,S401,1500,1500.0,,,苏J9WZ79,150.0,,2025-01-12,2026-02-12,26年3月11日（1年）,1月租金1,嘉定公寓,
116.0,S402,1600,1600.0,,,,,,2025-01-28,2026-02-28,续26年12月27日（1年）减200,1月租金1,嘉定公寓,
117.0,S403,1500,1500.0,,,苏FQ90D6,150.0,,2025-01-25,2026-02-25,26年4月24日（1年）,1月租金1,嘉定公寓,
118.0,S404,1600,1600.0,,,,,,2025-01-10,2026-02-10,26年7月9日（1年）,1月租金1,嘉定公寓,
119.0,S405,1500,1500.0,,,,,,2025-01-11,2026-02-11,26年11月10日（1年）,1月租金1,嘉定公寓,
120.0,S406,1600,1600.0,,,,,,2025-01-15,2026-02-15,26年2月14日（1年）,1月租金1,嘉定公寓,
121.0,S407,1400,1400.0,,,苏FDK751,150.0,,2025-01-15,2026-02-15,26年2月14日（1年）,1月租金1,嘉定公寓,
122.0,S408,1700,1700.0,,,,,,2025-01-20,2026-02-20,26年3月19日（1年）,1月租金1,嘉定公寓,
123.0,S409,2100,2100.0,,,,,,2025-01-01,2026-02-01,26年2月28日（1年）,1月租金1,嘉定公寓,
124.0,S410,1800,1800.0,,,,,,2025-01-20,2026-02-20,26年3月19日（1年）,1月租金1,嘉定公寓,
125.0,S411,2050,2050.0,,,,,,2025-01-01,2026-02-01,26年10月31日（1年）,1月租金1,嘉定公寓,
126.0,S412,2000,2000.0,,,,,,2025-01-10,2026-02-10,26年4月9日（1年）,1月租金1,嘉定公寓,
127.0,S413,2000,2000.0,,,,,,2025-01-08,2026-02-08,26年7月7日（1年）,1月租金1,嘉定公寓,
128.0,S414,2000,1910.0,,,,,1000.0,2026-01-07,2026-02-07,26年7月6日（6个月）暂住R218去掉中间差价90元,1月租金1,嘉定公寓,
129.0,S415,2300,2300.0,,,沪AEX9591,,,2025-01-15,2026-02-15,26年3月14日（1年包停车）,1月租金1,嘉定公寓,
1.0,Q101,2300,2300.0,,,,,1150.0,2025-12-11,2026-01-11,26年10月10日（1年）（转租佣金10.11入住）,12月租金1,嘉定公寓,
2.0,Q102,2300,2300.0,,,,,,2025-12-16,2026-01-16,26年9月15日（1年）,12月租金1,嘉定公寓,
3.0,Q103,2300,2300.0,,,赣E0821W,150.0,,2025-12-16,2026-01-16,26年6月15日（1年）,12月租金1,嘉定公寓,
4.0,Q105,2300,2300.0,,,,,,2025-12-24,2026-01-24,26年6月23（1年）,12月租金1,嘉定公寓,
5.0,Q106,2260,2260.0,,,,,,2025-12-14,2026-01-14,26年7月13日（1年）,12月租金1,嘉定公寓,
6.0,Q108,2250,2250.0,,,,,,2025-12-14,2026-01-14,26年10月13日（1年）,12月租金1,嘉定公寓,
7.0,Q201,2060,2060.0,,,,,,2025-12-29,2026-01-29,26年7月28日（1年）,12月租金1,嘉定公寓,
8.0,Q202,2200,2200.0,,,,,,2025-12-26,2026-01-26,26年7月25日（1年）,12月租金1,嘉定公寓,
9.0,Q205,2100,2100.0,,,,,,2025-12-01,2026-01-01,26年8月30日（1年）,12月租金1,嘉定公寓,
10.0,Q206,2100,2100.0,,,,,,2025-12-15,2026-01-15,26年7月14日（1年）,12月租金1,嘉定公寓,
11.0,R101,1750,1750.0,1750.0,,,,1750.0,2025-12-13,2026-01-13,26年12月12日（1年）,12月租金1,嘉定公寓,
12.0,R102,1800,1800.0,,,,,,2025-12-16,2026-01-16,26年9月15日（1年）,12月租金1,嘉定公寓,
13.0,R103,1600,,,,,,,2025-01-16,2026-01-15,26年1月15日（1年）（付清）,12月租金1,嘉定公寓,
14.0,R104,1750,1750.0,,,,,,2025-12-20,2026-01-20,26年9月19日（1年）,12月租金1,嘉定公寓,
15.0,R105,1700,1700.0,,,,,,2025-12-06,2026-01-06,26年2月5日（1年）,12月租金1,嘉定公寓,
16.0,R106,1600,1600.0,,,,,,2025-12-12,2026-01-12,26年1月11日（1年）,12月租金1,嘉定公寓,
17.0,R107,1800,1800.0,,,,,,2025-12-08,2026-01-18,26年6月17日（1年）,12月租金1,嘉定公寓,
18.0,R108,1700,1700.0,,,,,,2025-12-24,2026-01-24,26年8月23日（1年）,12月租金1,嘉定公寓,
19.0,R109,1500,1500.0,,,,,,2025-12-04,2026-01-04,26年11月3日（1年）,12月租金1,嘉定公寓,
20.0,R110,1800,1800.0,,,浙CE8M92,150.0,,2025-12-01,2026-01-21,26年6月17日（1年）,12月租金1,嘉定公寓,
21.0,R111,1800,1800.0,,,,,,2025-12-07,2026-01-07,25年9月6日（3个月）,12月租金1,嘉定公寓,
22.0,R112,1800,1800.0,,,,,,2025-12-19,2026-01-19,26年2月18日（6个月）,12月租金1,嘉定公寓,
23.0,R113,1800,1800.0,1800.0,,,,1800.0,2025-12-17,2026-01-17,26年12月16日（1年）,12月租金1,嘉定公寓,
24.0,R114,1800,1800.0,,,,,,2025-12-15,2026-01-15,26年10月14日（1年）,12月租金1,嘉定公寓,
25.0,R115,1800,1800.0,,,,,,2025-12-11,2026-01-11,26年6月10日（1年）,12月租金1,嘉定公寓,
26.0,R116,1800,1800.0,,,,,,2025-12-27,2026-01-27,26年8月26日（1年）,12月租金1,嘉定公寓,
27.0,R117,1800,1800.0,,,,,,2025-12-18,2026-01-18,26年6月17日（1年）,12月租金1,嘉定公寓,
28.0,R118,1600,1600.0,,,,,,2025-12-01,2026-01-01,26年5月31日（1年）,12月租金1,嘉定公寓,
29.0,R119,1880,1880.0,,,苏U81R07,,,2025-12-25,2026-01-25,28年5月24日（3年包停车）,12月租金1,嘉定公寓,
30.0,R201,1900,1900.0,,,苏EB53201,,,2025-12-01,2026-01-01,25年11月31日（1年)包停车,12月租金1,嘉定公寓,
31.0,R202,1600,1600.0,,,,,,2025-12-20,2026-01-20,26年5月19日（1年）,12月租金1,嘉定公寓,
32.0,R203,1750,1750.0,1750.0,900.0,,,1750.0,2025-12-09,2026-01-09,26年12月8日（1年）,12月租金1,嘉定公寓,
33.0,R204,1700,1700.0,,,,,,2025-12-04,2026-01-04,26年5月3日（1年）,12月租金1,嘉定公寓,
34.0,R206,1880,1880.0,,,,,,2025-12-09,2026-01-09,26年2月9日（4个月）,12月租金1,嘉定公寓,
35.0,R207,2200,2200.0,,,,,,2025-12-24,2026-01-24,26年3月23日（1年）,12月租金1,嘉定公寓,
36.0,R208,1620,,,,,,,2025-05-10,2026-05-10,26年5月9日（1年）,12月租金1,嘉定公寓,
37.0,R209,2150,2150.0,,,,,,2025-12-03,2026-01-03,26年9月2日（1年）,12月租金1,嘉定公寓,
38.0,R210,1880,1880.0,,,,,,2025-12-23,2026-01-23,26年11月22日（1年）,12月租金1,嘉定公寓,
39.0,R211,2200,2200.0,2200.0,,,,2200.0,2025-12-25,2026-01-25,26年12月24日（1年）,12月租金1,嘉定公寓,
40.0,R212,1800,1800.0,,,,,900.0,2025-12-05,2026-01-05,26年11月4日（1年）（佣金11.5入住）,12月租金1,嘉定公寓,
41.0,R213,2200,2200.0,2200.0,,沪AEF2392,150.0,2200.0,2025-12-13,2026-01-13,26年12月12日（1年）,12月租金1,嘉定公寓,
42.0,R214,1650,1650.0,,,,,,2025-12-18,2026-01-18,26年2月17日（1年）,12月租金1,嘉定公寓,
43.0,R215,2200,2200.0,,,,,,2025-12-10,2026-01-10,26年11月9日（1年）,12月租金1,嘉定公寓,
44.0,R216,1650,1650.0,,,,,,2025-12-17,2026-01-17,26年2月16日（1年）,12月租金1,嘉定公寓,
45.0,R217,2300,,,,,,,2025-12-10,2026-01-10,26年12月9日（1年）,12月租金1,嘉定公寓,
46.0,R218,1750,1750.0,1750.0,1700.0,,,1750.0,2025-01-01,2025-02-01,26年12月30日（1年）,12月租金1,嘉定公寓,
47.0,R219,2100,2100.0,,,,,,2025-12-01,2026-01-01,26年3月31日（6个月）,12月租金1,嘉定公寓,
48.0,R220,1700,1700.0,,,,,,2025-12-10,2026-01-10,26年4月9日（1年）,12月租金1,嘉定公寓,
49.0,R301,1700,1700.0,1700.0,,,,1700.0,2025-12-13,2026-01-13,26年12月12日（1年）,12月租金1,嘉定公寓,
50.0,R302,1800,1800.0,,,,,,2025-12-16,2026-01-16,续26年11月15日（1年）,12月租金1,嘉定公寓,
51.0,R303,1700,1700.0,,,,,,2025-12-02,2026-01-02,26年3月1日（1年）,12月租金1,嘉定公寓,
52.0,R304,2000,2600.0,,,,,,2025-12-13,2026-01-13,26年8月12日（1年）,12月租金1,嘉定公寓,
52.0,R305,1800,1800.0,,,,,,2025-12-26,2026-01-26,26年2月25日（1年）,12月租金1,嘉定公寓,
53.0,R306,2000,2000.0,,,,,,2025-12-12,2026-01-12,26年3月11日（1年）,12月租金1,嘉定公寓,
54.0,R307,1700,1700.0,,,,,,2025-12-19,2026-01-19,26年3月18日（1年）,12月租金1,嘉定公寓,
55.0,R308,2200,2200.0,,,,,,2025-12-02,2026-01-02,26年3月1日（1年）,12月租金1,嘉定公寓,
56.0,R309,1700,1700.0,,,,,,2025-12-06,2026-01-06,26年3月5日（1年）,12月租金1,嘉定公寓,
57.0,R310,2350,2350.0,,,,,,2025-12-15,2026-01-15,26年2月14日（1年）,12月租金1,嘉定公寓,
58.0,R311,1800,1800.0,,,,,,2025-12-23,2026-01-23,26年9月24日（1年）,12月租金1,嘉定公寓,
59.0,R312,2200,2200.0,,,,,,2025-12-01,2026-01-01,25年12月31日（1年）,12月租金1,嘉定公寓,
60.0,R313,1700,1700.0,,,,,,2025-12-01,2026-01-01,26年9月30日（6个月）,12月租金1,嘉定公寓,
61.0,R314,2200,2200.0,,,,,,2025-12-01,2026-01-01,26年5月31日（1年）,12月租金1,嘉定公寓,
62.0,R315,1700,1700.0,1700.0,,,,1700.0,2025-12-10,2026-01-10,26年12月9日（1年）,12月租金1,嘉定公寓,
63.0,R316,2000,2000.0,,,苏E55B9P,150.0,,2025-12-01,2026-01-01,25年12月31日（1年）,12月租金1,嘉定公寓,
64.0,R317,1700,1700.0,1700.0,,,,1700.0,2025-12-10,2026-01-10,26年12月9日（1年）,12月租金1,嘉定公寓,
65.0,R318,无押金,3000.0,,,,,,2025-11-20,2026-01-20,唐总小舅子,12月租金1,嘉定公寓,
66.0,R319,1800,1800.0,,,,,,2025-12-10,2026-01-10,26年9月9日（1年）,12月租金1,嘉定公寓,
67.0,R401,1400,1400.0,,,浙F51LG1,,,2025-12-02,2026-01-02,26年4月1日（1年包停车）,12月租金1,嘉定公寓,
68.0,R402,1500,1200.0,,,普MWF781,150.0,,2025-12-10,2026-12-10,续26年11月9日（1年）减300,12月租金1,嘉定公寓,
69.0,R403,1500,1500.0,,,,,,2025-12-11,2026-01-11,26年6月10日（1年）,12月租金1,嘉定公寓,
70.0,R404,1300,1300.0,,,,,,2025-12-02,2026-01-02,26年9月1日（1年）,12月租金1,嘉定公寓,
71.0,S003,1600,1600.0,,,,,,2025-12-01,2026-01-01,26年2月28日（1年）,12月租金1,嘉定公寓,
72.0,S004,2000,2000.0,,,苏U3711J,150.0,,2025-12-01,2026-01-01,26年8月31日（1年）,12月租金1,嘉定公寓,
73.0,S005,2000,2000.0,,,,,,2025-12-20,2026-01-20,26年9月19日（1年）,12月租金1,嘉定公寓,
74.0,S101,2100,2100.0,,,,,,2025-12-01,2026-01-01,25年9月30日（6个月）,12月租金1,嘉定公寓,
75.0,S102,2300,2300.0,,,,,,2025-12-09,2026-01-09,26年10月8日（1年）,12月租金1,嘉定公寓,
76.0,S103,2400,2400.0,,,,,,2025-12-10,2026-01-10,26年7月9日（1年）,12月租金1,嘉定公寓,
77.0,S104,2900,2900.0,,,沪AEP5352,150.0,,2025-12-18,2026-01-18,26年5月17日（6个月）,12月租金1,嘉定公寓,
78.0,S105,2000,2000.0,,,,,,2025-12-01,2026-01-01,26年10月31日（1年）,12月租金1,嘉定公寓,
79.0,S106,1800,1800.0,,,,,,2025-12-01,2026-01-01,26年4月30日（1年）,12月租金1,嘉定公寓,
80.0,S107,2000,2000.0,,,,,,2025-12-25,2026-01-25,26年2月24日（1年）,12月租金1,嘉定公寓,
81.0,S108,1800,1900.0,,,,,,2025-12-01,2026-01-01,26年5月31日（1年）R113调房,12月租金1,嘉定公寓,
82.0,S109,1800,1800.0,,,,,,2025-12-08,2026-01-08,2026年3月7日（1年）,12月租金1,嘉定公寓,
83.0,S110,2000,2000.0,,,,,,2025-12-05,2026-01-05,25年12月4日（6个月）,12月租金1,嘉定公寓,
84.0,S111,2200,2200.0,,,沪AAU3900,,,2025-01-01,2025-02-01,续26年4月30日（1年）,12月租金1,嘉定公寓,
85.0,S201,1500,1500.0,,,,,,2025-12-08,2026-01-08,26年3月7日（1年）,12月租金1,嘉定公寓,
86.0,S202,1680,1680.0,,,,,,2025-12-20,2026-01-20,26年6月19日（1年）,12月租金1,嘉定公寓,
87.0,S203,1500,1500.0,,,,,,2025-12-26,2026-01-26,26年10月25日（1年）,12月租金1,嘉定公寓,
88.0,S204,1600,1400.0,,,,,,2025-12-11,2026-01-11,26年6月10日（1年）差200下月补,12月租金1,嘉定公寓,
89.0,S205,1500,1500.0,,,,,,2025-12-09,2026-01-09,26年4月8日（1年）,12月租金1,嘉定公寓,
90.0,S206,1600,1600.0,,,,,,2025-12-05,2026-01-05,26年1月4日（1年）,12月租金1,嘉定公寓,
91.0,S207,1400,1400.0,,,,,,2025-12-12,2026-01-12,26年3月10日（1年）,12月租金1,嘉定公寓,
92.0,S208,1800,1800.0,,,,,,2025-12-01,2026-01-01,26年2月28日（1年）,12月租金1,嘉定公寓,
94.0,S210,2000,2000.0,,,,,,2025-12-14,2026-01-14,2026年10月13日（1年）,12月租金1,嘉定公寓,
95.0,S211,2200,,,,,,,2025-01-20,2026-01-20,26年1月19日（6个月）,12月租金1,嘉定公寓,
96.0,S212,2050,2050.0,,,浙F7JK00,,,2025-12-02,2026-01-02,26年3月1日（1年）（包停车）,12月租金1,嘉定公寓,
97.0,S213,2050,2050.0,,,,,,2025-12-08,2026-01-08,26年3月7日（1年）,12月租金1,嘉定公寓,
98.0,S214,2000,2000.0,,,,,,2025-12-25,2026-01-25,26年2月24日（6个月）,12月租金1,嘉定公寓,
99.0,S215,2300,2300.0,,,,,,2025-12-21,2026-01-21,26年6月20日（1年）,12月租金1,嘉定公寓,
100.0,S301,1400,1400.0,,,,,,2025-12-21,2026-01-21,续26年12月20日（1年）,12月租金1,嘉定公寓,
101.0,S302,1600,1600.0,,,,,,2025-12-08,2026-01-08,26年6月7日（1年）,12月租金1,嘉定公寓,
102.0,S303,1500,1500.0,,,,,,2025-12-01,2026-01-01,续26年11月30日（1年）,12月租金1,嘉定公寓,
103.0,S304,1550,1550.0,,,,,,2025-12-08,2026-01-08,26年3月7日（1年）,12月租金1,嘉定公寓,
104.0,S305,1500,1500.0,,,,,,2025-12-14,2026-01-14,26年6月13日（1年）,12月租金1,嘉定公寓,
105.0,S306,1800,1800.0,,,,,,2025-12-08,2026-01-08,26年11月7日（1年）,12月租金1,嘉定公寓,
106.0,S307,1400,1400.0,,,,,,2025-12-15,2026-01-15,26年6月14日（1年）,12月租金1,嘉定公寓,
107.0,S308,1800,1800.0,,,,,,2025-12-11,2026-01-11,26年1月10日（7个月）,12月租金1,嘉定公寓,
108.0,S309,2100,2100.0,,,,,,2025-12-30,2026-01-30,26年6月29日（1年）,12月租金1,嘉定公寓,
109.0,S310,2000,2000.0,,,皖M7L937,150.0,,2025-12-03,2026-01-03,26年4月2日（1年）,12月租金1,嘉定公寓,
110.0,S311,2050,2050.0,,,沪AC33006,150.0,,2025-12-08,2026-01-08,26年3月7日（1年包停车）,12月租金1,嘉定公寓,
111.0,S312,1900,1900.0,,,,,,2025-12-18,2026-01-18,26年4月17日（1年）,12月租金1,嘉定公寓,
112.0,S313,2000,2000.0,,,,,,2025-12-18,2026-01-18,26年9月17日（1年）,12月租金1,嘉定公寓,
113.0,S314,2000,1500.0,,,,,,2025-12-13,2026-12-13,26年4月12日（1年）欠500下月付,12月租金1,嘉定公寓,
114.0,S315,2200,,,,川G7SX21,,,2025-02-01,2026-02-01,续26年10月30日（1年）,12月租金1,嘉定公寓,
115.0,S401,1500,1500.0,,,苏J9WZ79,150.0,,2025-12-12,2026-01-12,26年3月11日（1年）,12月租金1,嘉定公寓,
116.0,S402,1600,1600.0,,,,,,2025-12-28,2026-01-28,续26年12月27日（1年）减200,12月租金1,嘉定公寓,
117.0,S403,1500,1500.0,,,苏FQ90D6,150.0,,2025-12-25,2026-01-25,26年4月24日（1年）,12月租金1,嘉定公寓,
118.0,S404,1600,1600.0,,,,,,2025-12-10,2026-01-10,26年7月9日（1年）,12月租金1,嘉定公寓,
119.0,S405,1500,1500.0,,,,,,2025-12-11,2026-01-11,26年11月10日（1年）,12月租金1,嘉定公寓,
120.0,S406,1600,1600.0,,,,,,2025-12-15,2026-01-15,26年2月14日（1年）,12月租金1,嘉定公寓,
121.0,S407,1400,1400.0,,,苏FDK751,150.0,,2025-12-15,2026-01-15,26年2月14日（1年）,12月租金1,嘉定公寓,
122.0,S408,1700,1700.0,,,,,,2025-12-20,2026-01-20,26年3月19日（1年）,12月租金1,嘉定公寓,
123.0,S409,2100,2100.0,,,,,,2025-12-01,2026-01-01,26年2月28日（1年）,12月租金1,嘉定公寓,
124.0,S410,1800,1800.0,,,,,,2025-12-20,2026-01-20,26年3月19日（1年）,12月租金1,嘉定公寓,
125.0,S411,2050,2050.0,,,,,,2025-12-01,2026-01-01,26年10月31日（1年）,12月租金1,嘉定公寓,
126.0,S412,2000,2000.0,,,,,,2025-12-10,2026-01-10,26年4月9日（1年）,12月租金1,嘉定公寓,
127.0,S413,2000,2000.0,,,,,,2025-12-08,2026-01-08,26年7月7日（1年）,12月租金1,嘉定公寓,
128.0,S414,2100,4200.0,2100.0,1050.0,,,1050.0,2025-01-08,2025-02-08,26年7月7日（6个月）转租,12月租金1,嘉定公寓,
129.0,S415,2300,2300.0,,,沪AEX9591,,,2025-12-15,2026-01-15,26年3月14日（1年包停车）,12月租金1,嘉定公寓,
1.0,Q101,2300,2300.0,,,,,,2025-11-11,2025-12-11,26年10月10日（1年）,11月租金1,嘉定公寓,
2.0,Q102,2300,2300.0,,,,,,2025-11-16,2025-12-16,26年9月15日（1年）,11月租金1,嘉定公寓,
3.0,Q103,2300,2300.0,,,赣E0821W,150.0,,2025-11-16,2025-12-16,26年6月15日（1年）,11月租金1,嘉定公寓,
4.0,Q105,2300,2300.0,,,,,,2025-11-24,2025-12-24,26年6月23（1年）,11月租金1,嘉定公寓,
5.0,Q106,2260,2260.0,,,,,,2025-11-14,2025-12-14,26年7月13日（1年）,11月租金1,嘉定公寓,
6.0,Q108,2250,2250.0,,,,,,2025-11-14,2025-12-14,26年10月13日（1年）,11月租金1,嘉定公寓,
7.0,Q201,2060,2060.0,,,,,,2025-11-29,2025-12-29,26年7月28日（1年）,11月租金1,嘉定公寓,
8.0,Q202,2200,2200.0,,,,,,2025-11-26,2025-12-26,26年7月25日（1年）,11月租金1,嘉定公寓,
9.0,Q205,2100,2100.0,,,,,,2025-11-01,2025-12-01,26年8月30日（1年）,11月租金1,嘉定公寓,
10.0,Q206,2100,2100.0,,,,,,2025-11-15,2025-12-15,26年7月14日（1年）,11月租金1,嘉定公寓,
11.0,R101,1750,1750.0,,,,,,2025-11-13,2025-12-13,2026年7月12日（1年）,11月租金1,嘉定公寓,
12.0,R102,1800,1950.0,300.0,,,,,2025-11-16,2025-12-16,26年9月15日（1年）R109调房,11月租金1,嘉定公寓,
13.0,R103,1600,,,,,,,2025-01-16,2026-01-15,26年1月15日（1年）（付清）,11月租金1,嘉定公寓,
14.0,R104,1750,1750.0,,,,,,2025-11-20,2025-12-20,26年9月19日（1年）,11月租金1,嘉定公寓,
15.0,R105,1700,1700.0,,,,,,2025-11-06,2025-12-06,26年2月5日（1年）,11月租金1,嘉定公寓,
16.0,R106,1600,1600.0,,,,,,2025-11-12,2025-12-12,26年1月11日（1年）,11月租金1,嘉定公寓,
17.0,R107,1800,1800.0,,,,,,2025-11-18,2025-12-18,26年6月17日（1年）,11月租金1,嘉定公寓,
18.0,R108,1700,1700.0,,,,,,2025-11-24,2025-12-24,26年8月23日（1年）,11月租金1,嘉定公寓,
19.0,R109,1500,1500.0,1500.0,,,,1500.0,2025-11-04,2025-12-04,26年11月3日（1年）,11月租金1,嘉定公寓,
20.0,R110,1800,1800.0,,,浙CE8M92,150.0,,2025-11-21,2025-12-21,26年6月17日（1年）,11月租金1,嘉定公寓,
21.0,R111,1800,1800.0,,,,,,2025-11-07,2025-12-07,25年9月6日（3个月）,11月租金1,嘉定公寓,
22.0,R112,1800,1800.0,,,,,,2025-11-19,2025-12-19,26年2月18日（6个月）,11月租金1,嘉定公寓,
23.0,R113,1800,1800.0,,,,,,2025-11-01,2025-12-01,26年5月31日（1年）,11月租金1,嘉定公寓,
24.0,R114,1800,1800.0,,,,,,2025-11-15,2025-12-15,26年10月14日（1年）,11月租金1,嘉定公寓,
25.0,R115,1800,1800.0,,,,,,2025-11-11,2025-12-11,26年6月10日（1年）,11月租金1,嘉定公寓,
26.0,R116,1800,1800.0,,,,,,2025-11-27,2025-12-27,26年8月26日（1年）,11月租金1,嘉定公寓,
27.0,R117,1800,1800.0,,,,,,2025-11-18,2025-12-18,26年6月17日（1年）,11月租金1,嘉定公寓,
28.0,R118,1600,1600.0,,,,,,2025-11-01,2025-12-01,26年5月31日（1年）,11月租金1,嘉定公寓,
29.0,R119,1880,1880.0,,,苏U81R07,,,2025-11-25,2025-12-25,28年5月24日（3年包停车）,11月租金1,嘉定公寓,
30.0,R201,1900,1900.0,,,苏EB53201,,,2025-11-01,2025-12-01,25年11月31日（1年)包停车,11月租金1,嘉定公寓,
31.0,R202,1600,1600.0,,,,,,2025-11-20,2025-12-20,26年5月19日（1年）,11月租金1,嘉定公寓,
32.0,R203,1800,1800.0,,,,,,2025-11-02,2025-12-02,26年1月1日（10个月）,11月租金1,嘉定公寓,
33.0,R204,1700,1700.0,,,,,,2025-11-04,2025-12-04,26年5月3日（1年）,11月租金1,嘉定公寓,
34.0,R206,1880,1880.0,,,,,,2025-11-09,2025-12-09,26年2月9日（4个月）,11月租金1,嘉定公寓,
35.0,R207,2200,2200.0,,,,,,2025-11-24,2025-12-24,26年3月23日（1年）,11月租金1,嘉定公寓,
36.0,R208,1620,9720.0,,,,,,2025-11-10,2026-05-10,26年5月9日（1年）,11月租金1,嘉定公寓,
37.0,R209,2150,2150.0,,,,,,2025-11-03,2025-12-03,26年9月2日（1年）,11月租金1,嘉定公寓,
38.0,R210,1880,1880.0,1880.0,1600.0,,,1880.0,2025-11-23,2025-12-23,26年11月22日（1年）,11月租金1,嘉定公寓,
39.0,R211,2300,2300.0,,,,,,2025-11-18,2025-12-18,26年10月17日（1年）,11月租金1,嘉定公寓,
40.0,R212,1800,1800.0,1800.0,1870.0,,,,2025-11-05,2025-12-05,26年11月4日（1年）转租,11月租金1,嘉定公寓,
41.0,R213,2200,,,2200.0,,,,2025-11-25,2026-11-25,退房,11月租金1,嘉定公寓,
42.0,R214,1650,1650.0,,,,,,2025-11-18,2025-12-18,26年2月17日（1年）,11月租金1,嘉定公寓,
43.0,R215,2200,1950.0,700.0,2300.0,,,,2025-11-10,2026-11-10,26年11月9日（1年）S405调房,11月租金1,嘉定公寓,
44.0,R216,1650,1650.0,,,,,,2025-11-17,2025-12-17,26年2月16日（1年）,11月租金1,嘉定公寓,
45.0,R217,2300,3066.0,2300.0,2200.0,,,2300.0,2025-12-10,2026-01-10,26年12月9日（1年）（多付10天租金）,11月租金1,嘉定公寓,
46.0,R218,1700,1700.0,,,,,,2025-11-29,2025-12-29,25年12月28日（1年）,11月租金1,嘉定公寓,
47.0,R219,2100,2100.0,,,,,,2025-11-01,2025-12-01,26年3月31日（6个月）,11月租金1,嘉定公寓,
48.0,R220,1700,1700.0,,,,,,2025-11-10,2025-12-10,26年4月9日（1年）,11月租金1,嘉定公寓,
49.0,R301,1700,1700.0,,,沪ABW6067,,,2025-11-10,2025-12-10,26年4月9日（1年包停车）,11月租金1,嘉定公寓,
50.0,R302,1800,1800.0,,,,,,2025-11-16,2025-12-16,续26年11月15日（1年）,11月租金1,嘉定公寓,
51.0,R303,1700,1700.0,,,,,,2025-11-02,2025-12-02,26年3月1日（1年）,11月租金1,嘉定公寓,
52.0,R304,2000,2600.0,,,,,,2025-11-13,2025-12-13,26年8月12日（1年）,11月租金1,嘉定公寓,
52.0,R305,1800,1800.0,,,,,,2025-11-26,2025-12-26,26年2月25日（1年）,11月租金1,嘉定公寓,
53.0,R306,2000,2000.0,,,,,,2025-11-12,2025-12-12,26年3月11日（1年）,11月租金1,嘉定公寓,
54.0,R307,1700,1700.0,,,,,,2025-11-19,2025-12-19,26年3月18日（1年）,11月租金1,嘉定公寓,
55.0,R308,2200,2200.0,,,,,,2025-11-02,2025-12-02,26年3月1日（1年）,11月租金1,嘉定公寓,
56.0,R309,1700,1700.0,,,,,,2025-11-06,2025-12-06,26年3月5日（1年）,11月租金1,嘉定公寓,
57.0,R310,2350,2350.0,,,,,,2025-11-15,2025-12-15,26年2月14日（1年）,11月租金1,嘉定公寓,
58.0,R311,1800,1800.0,,,,,,2025-11-23,2025-12-23,26年9月24日（1年）,11月租金1,嘉定公寓,
59.0,R312,2200,2200.0,,,,,,2025-11-01,2025-12-01,25年12月31日（1年）,11月租金1,嘉定公寓,
60.0,R313,1700,1700.0,,,,,,2025-11-01,2025-12-01,26年9月30日（6个月）,11月租金1,嘉定公寓,
61.0,R314,2200,2200.0,,,,,,2025-11-01,2025-12-01,26年5月31日（1年）,11月租金1,嘉定公寓,
63.0,R316,2000,2000.0,,,苏E55B9P,150.0,,2025-11-01,2025-12-01,25年12月31日（1年）,11月租金1,嘉定公寓,
65.0,R318,无押金,,,,,,,2025-11-20,2026-11-20,唐总小舅子,11月租金1,嘉定公寓,
66.0,R319,1800,1800.0,,,,,,2025-11-10,2025-12-10,26年9月9日（1年）,11月租金1,嘉定公寓,
67.0,R401,1400,1400.0,,,浙F51LG1,,,2025-11-02,2025-12-02,26年4月1日（1年包停车）,11月租金1,嘉定公寓,
68.0,R402,1500,1500.0,,,普MWF781,150.0,,2025-11-10,2025-12-10,续26年11月9日（1年）下月减300,11月租金1,嘉定公寓,
69.0,R403,1500,1500.0,,,,,,2025-11-11,2025-12-11,26年6月10日（1年）,11月租金1,嘉定公寓,
70.0,R404,1300,1300.0,,,,,,2025-11-02,2025-12-02,26年9月1日（1年）,11月租金1,嘉定公寓,
71.0,S003,1600,1600.0,,,,,,2025-11-01,2025-12-01,26年2月28日（1年）,11月租金1,嘉定公寓,
72.0,S004,2000,2000.0,,,苏U3711J,150.0,,2025-11-01,2025-12-01,26年8月31日（1年）,11月租金1,嘉定公寓,
73.0,S005,2000,2000.0,,,,,,2025-11-20,2025-12-20,26年9月19日（1年）,11月租金1,嘉定公寓,
74.0,S101,2100,2100.0,,,,,,2025-11-01,2025-12-01,25年9月30日（6个月）,11月租金1,嘉定公寓,
75.0,S102,2300,2300.0,,,,,,2025-11-09,2025-12-09,26年10月8日（1年）,11月租金1,嘉定公寓,
76.0,S103,2400,2400.0,,,,,,2025-11-10,2025-12-10,26年7月9日（1年）,11月租金1,嘉定公寓,
77.0,S104,2900,2900.0,2900.0,2900.0,沪AEP5352,150.0,1450.0,2025-11-18,2025-12-18,26年5月17日（6个月）,11月租金1,嘉定公寓,
78.0,S105,2000,,,,,,,2025-11-01,2025-12-01,26年10月31日（1年）,11月租金1,嘉定公寓,
79.0,S106,1800,1800.0,,,,,,2025-11-01,2025-12-01,26年4月30日（1年）,11月租金1,嘉定公寓,
80.0,S107,2000,2000.0,,,,,,2025-11-25,2025-12-25,26年2月24日（1年）,11月租金1,嘉定公寓,
81.0,S108,2000,2000.0,,,苏J7CH90,150.0,,2025-11-20,2025-12-20,26年8月19日（1年）,11月租金1,嘉定公寓,
82.0,S109,1800,1800.0,,,皖K71124,150.0,,2025-11-08,2025-12-08,2026年3月7日（1年）,11月租金1,嘉定公寓,
83.0,S110,2000,2000.0,,,,,,2025-11-05,2025-12-05,25年12月4日（6个月）,11月租金1,嘉定公寓,
84.0,S111,2200,2200.0,,,沪AAU3900,150.0,,2025-12-01,2026-01-01,续26年4月30日（1年）,11月租金1,嘉定公寓,
85.0,S201,1500,1500.0,,,,,,2025-11-08,2025-12-08,26年3月7日（1年）,11月租金1,嘉定公寓,
86.0,S202,1680,1680.0,,,,,,2025-11-20,2025-12-20,26年6月19日（1年）,11月租金1,嘉定公寓,
87.0,S203,1500,3000.0,,,,,1500.0,2025-10-26,2025-12-26,26年10月25日（1年）,11月租金1,嘉定公寓,
88.0,S204,1600,1600.0,,,,,,2025-11-11,2025-12-11,26年6月10日（1年）,11月租金1,嘉定公寓,
89.0,S205,1500,1500.0,,,,,,2025-11-09,2025-12-09,26年4月8日（1年）,11月租金1,嘉定公寓,
90.0,S206,1600,1600.0,,,,,,2025-11-05,2025-12-05,26年1月4日（1年）,11月租金1,嘉定公寓,
91.0,S207,1400,1400.0,,,,,,2025-11-12,2025-12-12,26年3月10日（1年）,11月租金1,嘉定公寓,
92.0,S208,1800,1800.0,,,,,,2025-11-01,2025-12-01,26年2月28日（1年）,11月租金1,嘉定公寓,
94.0,S210,2000,2000.0,,,,,,2025-11-14,2025-12-14,2026年10月13日（1年）,11月租金1,嘉定公寓,
95.0,S211,2200,,,,,,,2025-01-20,2026-01-20,26年1月19日（6个月）,11月租金1,嘉定公寓,
96.0,S212,2050,2050.0,,,浙F7JK00,,,2025-11-02,2025-12-02,26年3月1日（1年）（包停车）,11月租金1,嘉定公寓,
97.0,S213,2050,2050.0,,,,,,2025-11-08,2025-12-08,26年3月7日（1年）,11月租金1,嘉定公寓,
98.0,S214,2000,2000.0,,,,,,2025-11-25,2025-12-25,26年2月24日（6个月）,11月租金1,嘉定公寓,
99.0,S215,2300,2300.0,,,,,,2025-11-21,2025-12-21,26年6月20日（1年）,11月租金1,嘉定公寓,
100.0,S301,1400,,,,,,,2025-12-21,2026-12-21,25年12月20日（1年）,11月租金1,嘉定公寓,
101.0,S302,1600,1600.0,,,,,,2025-11-08,2025-12-08,26年6月7日（1年）,11月租金1,嘉定公寓,
102.0,S303,1500,1500.0,,,,,,2025-11-01,2025-12-01,续26年11月30日（1年）,11月租金1,嘉定公寓,
103.0,S304,1550,1550.0,,,,,,2025-11-08,2025-12-08,26年3月7日（1年）,11月租金1,嘉定公寓,
104.0,S305,1500,1500.0,,,,,,2025-11-14,2025-12-14,26年6月13日（1年）,11月租金1,嘉定公寓,
105.0,S306,1800,1800.0,1800.0,,,,1800.0,2025-11-08,2025-12-08,26年11月7日（1年）,11月租金1,嘉定公寓,
106.0,S307,1400,1400.0,,,,,,2025-11-15,2025-12-15,26年6月14日（1年）,11月租金1,嘉定公寓,
107.0,S308,1800,1800.0,,,,,,2025-11-11,2025-12-11,26年1月10日（7个月）,11月租金1,嘉定公寓,
108.0,S309,2100,2100.0,,,,,,2025-11-30,2025-12-30,26年6月29日（1年）,11月租金1,嘉定公寓,
109.0,S310,2000,2000.0,,,皖M7L937,150.0,,2025-11-03,2025-12-03,26年4月2日（1年）,11月租金1,嘉定公寓,
110.0,S311,2050,2050.0,,,沪AC33006,150.0,,2025-11-08,2025-12-08,26年3月7日（1年包停车）,11月租金1,嘉定公寓,
111.0,S312,1900,1900.0,,,,,,2025-11-18,2025-12-18,26年4月17日（1年）,11月租金1,嘉定公寓,
112.0,S313,2000,2000.0,,,,,,2025-11-18,2025-12-18,26年9月17日（1年）,11月租金1,嘉定公寓,
113.0,S314,2000,2000.0,,,,,,2025-11-13,2025-12-13,26年4月12日（1年）,11月租金1,嘉定公寓,
114.0,S315,2200,6600.0,,,川G7SX21,300.0,,2025-11-01,2026-02-01,续26年10月30日（1年）,11月租金1,嘉定公寓,
115.0,S401,1500,1500.0,,,苏J9WZ79,150.0,,2025-11-12,2025-12-12,26年3月11日（1年）,11月租金1,嘉定公寓,
116.0,S402,1600,1400.0,,,,,,2025-11-28,2025-12-28,续26年12月27日（1年）减200,11月租金1,嘉定公寓,
117.0,S403,1500,1500.0,,,苏FQ90D6,150.0,,2025-11-25,2025-12-25,26年4月24日（1年）,11月租金1,嘉定公寓,
118.0,S404,1600,1600.0,,,,,,2025-11-10,2025-12-10,26年7月9日（1年）,11月租金1,嘉定公寓,
119.0,S405,1500,1500.0,1500.0,,,,1500.0,2025-11-11,2025-12-11,26年11月10日（1年）,11月租金1,嘉定公寓,
120.0,S406,1600,1600.0,,,,,,2025-11-15,2025-12-15,26年2月14日（1年）,11月租金1,嘉定公寓,
121.0,S407,1400,1400.0,,,苏FDK751,150.0,,2025-11-15,2025-12-15,26年2月14日（1年）,11月租金1,嘉定公寓,
122.0,S408,1700,1700.0,,,,,,2025-11-20,2025-12-20,26年3月19日（1年）,11月租金1,嘉定公寓,
123.0,S409,2100,2100.0,,,,,,2025-11-01,2025-12-01,26年2月28日（1年）,11月租金1,嘉定公寓,
124.0,S410,1800,1800.0,,,,,,2025-11-20,2025-12-20,26年3月19日（1年）,11月租金1,嘉定公寓,
125.0,S411,2050,2050.0,2050.0,,,,1880.0,2025-11-01,2025-12-01,26年10月31日（1年）S306调房,11月租金1,嘉定公寓,
126.0,S412,2000,2000.0,,,,,,2025-11-10,2025-12-10,26年4月9日（1年）,11月租金1,嘉定公寓,
127.0,S413,2000,2000.0,,,,,,2025-11-08,2025-12-08,26年7月7日（1年）,11月租金1,嘉定公寓,
128.0,S414,2100,2100.0,,,,,,2025-11-09,2025-12-09,26年9月8日（1年）,11月租金1,嘉定公寓,
129.0,S415,2300,2300.0,,,沪AEX9591,,,2025-11-15,2025-12-15,26年3月14日（1年包停车）,11月租金1,嘉定公寓,
1.0,Q101,2300,2300.0,2300.0,1808.0,,,,2025-10-11,2025-11-11,26年10月10日（1年）转租,10月租金,嘉定公寓,
2.0,Q102,2300,2300.0,,,,,,2025-10-16,2025-11-16,26年9月15日（1年）,10月租金,嘉定公寓,
3.0,Q103,2300,2300.0,,,赣E0821W,150.0,,2025-10-16,2025-11-16,26年6月15日（1年）,10月租金,嘉定公寓,
4.0,Q105,2300,2300.0,,,,,,2025-10-24,2025-11-24,26年6月23（1年）,10月租金,嘉定公寓,
5.0,Q106,2260,2260.0,,,,,,2025-10-14,2025-11-14,26年7月13日（1年）,10月租金,嘉定公寓,
6.0,Q108,2250,2250.0,2250.0,,,,1575.0,2025-10-14,2025-11-14,26年10月13日（1年）,10月租金,嘉定公寓,
7.0,Q201,2060,2060.0,,,,,,2025-10-29,2025-11-29,26年7月28日（1年）,10月租金,嘉定公寓,
8.0,Q202,2200,2200.0,,,,,,2025-10-26,2025-11-26,26年7月25日（1年）,10月租金,嘉定公寓,
9.0,Q205,2100,2100.0,,,,,,2025-10-01,2025-11-01,26年8月30日（1年）,10月租金,嘉定公寓,
10.0,Q206,2100,2100.0,,,,,,2025-10-15,2025-11-15,26年7月14日（1年）,10月租金,嘉定公寓,
11.0,R101,1750,1750.0,,,,,,2025-10-13,2025-11-13,2026年7月12日（1年）,10月租金,嘉定公寓,
12.0,R102,1600,1600.0,,,,,,2025-10-06,2025-11-06,退房,10月租金,嘉定公寓,
13.0,R103,1600,,,,,,,2025-01-16,2026-01-15,26年1月15日（1年）（付清）,10月租金,嘉定公寓,
14.0,R104,1750,1750.0,,,,,,2025-10-20,2025-11-20,26年9月19日（1年）,10月租金,嘉定公寓,
15.0,R105,1700,1700.0,,,,,,2025-10-06,2025-11-06,26年2月5日（1年）,10月租金,嘉定公寓,
16.0,R106,1600,1600.0,,,,,,2025-10-12,2025-11-12,26年1月11日（1年）,10月租金,嘉定公寓,
17.0,R107,1800,1800.0,,,,,,2025-10-18,2025-11-18,26年6月17日（1年）,10月租金,嘉定公寓,
18.0,R108,1700,1700.0,,,,,,2025-10-24,2025-11-24,26年8月23日（1年）,10月租金,嘉定公寓,
19.0,R109,1500,1500.0,,,,,,2025-10-16,2025-11-16,26年9月15日（1年）,10月租金,嘉定公寓,
20.0,R110,1800,1800.0,,,,,,2025-10-21,2025-11-21,26年6月17日（1年）,10月租金,嘉定公寓,
21.0,R111,1800,1800.0,,,,,,2025-10-07,2025-11-07,25年9月6日（3个月）,10月租金,嘉定公寓,
22.0,R112,1800,1800.0,,,,,,2025-10-19,2025-11-19,26年2月18日（6个月）,10月租金,嘉定公寓,
23.0,R113,1800,1800.0,,,,,,2025-10-01,2025-11-01,26年5月31日（1年）,10月租金,嘉定公寓,
24.0,R114,1800,1800.0,1800.0,,,,1800.0,2025-10-15,2025-11-15,26年10月14日（1年）,10月租金,嘉定公寓,
25.0,R115,1800,1800.0,,,,,,2025-10-11,2025-11-11,26年6月10日（1年）,10月租金,嘉定公寓,
26.0,R116,1800,1800.0,,,,,,2025-10-27,2025-11-27,26年8月26日（1年）,10月租金,嘉定公寓,
27.0,R117,1800,1800.0,,,,,,2025-10-18,2025-11-18,26年6月17日（1年）,10月租金,嘉定公寓,
28.0,R118,1600,1600.0,,,,,,2025-10-01,2025-11-01,26年5月31日（1年）,10月租金,嘉定公寓,
29.0,R119,1880,1880.0,,,苏U81R07,,,2025-10-25,2025-11-25,28年5月24日（3年包停车）,10月租金,嘉定公寓,
30.0,R201,1900,1900.0,,,苏EB53201,,,2025-10-01,2025-11-01,25年11月31日（1年)包停车,10月租金,嘉定公寓,
31.0,R202,1600,1600.0,,,,,,2025-10-20,2025-11-20,26年5月19日（1年）,10月租金,嘉定公寓,
32.0,R203,1800,1800.0,,,,,,2025-10-02,2025-11-02,26年1月1日（10个月）,10月租金,嘉定公寓,
33.0,R204,1700,1700.0,,,,,,2025-10-04,2025-11-04,26年5月3日（1年）,10月租金,嘉定公寓,
34.0,R206,1880,1880.0,1880.0,1600.0,,,626.0,2025-10-09,2025-11-09,26年2月9日（4个月）,10月租金,嘉定公寓,
35.0,R207,2200,2200.0,,,,,,2025-10-24,2025-11-24,26年3月23日（1年）,10月租金,嘉定公寓,
36.0,R208,1620,,,,,,,2025-11-10,2026-11-10,26年5月9日（1年）,10月租金,嘉定公寓,
37.0,R209,2150,2150.0,,,,,,2025-10-03,2025-11-03,26年9月2日（1年）,10月租金,嘉定公寓,
38.0,R210,1600,1600.0,,,,225.0,,2025-10-20,2025-11-20,26年11月19日（9个月)停1月半,10月租金,嘉定公寓,
39.0,R211,2300,2300.0,2300.0,1800.0,,,2300.0,2025-10-18,2025-11-18,26年10月17日（1年）,10月租金,嘉定公寓,
40.0,R212,1650,1650.0,,,,,,2025-10-25,2025-11-25,续26年2月24日（6个月）,10月租金,嘉定公寓,
41.0,R213,2200,2200.0,,,,,,2025-10-25,2025-11-25,25年1月24日（1年）,10月租金,嘉定公寓,
42.0,R214,1650,1650.0,,,,,,2025-10-18,2025-11-18,26年2月17日（1年）,10月租金,嘉定公寓,
43.0,R215,2300,2300.0,,,,,,2025-10-10,2025-11-10,25年11月9日（1年）,10月租金,嘉定公寓,
44.0,R216,1650,1650.0,,,,,,2025-10-17,2025-11-17,26年2月16日（1年）,10月租金,嘉定公寓,
45.0,R217,2200,2200.0,,,苏U9260B,150.0,,2025-10-25,2025-11-25,25年1月24日（1年）,10月租金,嘉定公寓,
46.0,R218,1700,1700.0,,,,,,2025-10-29,2025-11-29,25年12月28日（1年）,10月租金,嘉定公寓,
47.0,R219,2100,,,,,,,2025-11-01,2026-11-01,26年3月31日（6个月）,10月租金,嘉定公寓,
48.0,R220,1700,1700.0,,,,,,2025-10-10,2025-11-10,26年4月9日（1年）,10月租金,嘉定公寓,
49.0,R301,1700,1700.0,,,沪ABW6067,,,2025-10-10,2025-11-10,26年4月9日（1年包停车）,10月租金,嘉定公寓,
50.0,R302,1800,1800.0,,,,,,2025-10-16,2025-11-16,25年11月15日（1年）,10月租金,嘉定公寓,
51.0,R303,1700,1700.0,,,,,,2025-10-02,2025-11-02,26年3月1日（1年）,10月租金,嘉定公寓,
52.0,R304,2000,2600.0,,,,,,2025-10-13,2025-11-13,26年8月12日（1年）,10月租金,嘉定公寓,
52.0,R305,1800,1800.0,,,,,,2025-10-26,2025-11-26,26年2月25日（1年）,10月租金,嘉定公寓,
53.0,R306,2000,2000.0,,,,,,2025-10-12,2025-11-12,26年3月11日（1年）,10月租金,嘉定公寓,
54.0,R307,1700,1700.0,,,,,,2025-10-19,2025-11-19,26年3月18日（1年）,10月租金,嘉定公寓,
55.0,R308,2200,2200.0,,,,,,2025-10-02,2025-11-02,26年3月1日（1年）,10月租金,嘉定公寓,
56.0,R309,1700,1700.0,,,,,,2025-10-06,2025-11-06,26年3月5日（1年）,10月租金,嘉定公寓,
57.0,R310,2350,2350.0,,,,,,2025-10-15,2025-11-15,26年2月14日（1年）,10月租金,嘉定公寓,
58.0,R311,1800,1800.0,,,,,,2025-10-23,2025-11-23,26年9月24日（1年）,10月租金,嘉定公寓,
59.0,R312,2200,2200.0,,,,,,2025-10-01,2025-11-01,25年12月31日（1年）,10月租金,嘉定公寓,
60.0,R313,1700,1700.0,,,,,,2025-10-01,2025-11-01,26年9月30日（6个月）,10月租金,嘉定公寓,
61.0,R314,2200,2200.0,,,,,,2025-10-01,2025-11-01,26年5月31日（1年）,10月租金,嘉定公寓,
62.0,R315,1800,1800.0,,,,,,2025-10-21,2025-11-21,26年6月20日（1年）,10月租金,嘉定公寓,
63.0,R316,2000,2000.0,,,苏E55B9P,150.0,,2025-10-01,2025-11-01,25年12月31日（1年）,10月租金,嘉定公寓,
64.0,R317,1800,1800.0,,,,,,2025-10-19,2025-11-19,25年2月18日（6个月）,10月租金,嘉定公寓,
65.0,R318,无押金,1500.0,,,,,,2025-10-20,2025-11-20,唐总小舅子,10月租金,嘉定公寓,
66.0,R319,1800,1800.0,,,,,,2025-10-10,2025-11-10,26年9月9日（1年）,10月租金,嘉定公寓,
67.0,R401,1400,1400.0,,,浙F51LG1,,,2025-10-02,2025-11-02,26年4月1日（1年包停车）,10月租金,嘉定公寓,
68.0,R402,1500,1500.0,,,普MWF781,150.0,,2025-10-10,2025-11-10,25年11月9日（1年）,10月租金,嘉定公寓,
69.0,R403,1500,1500.0,,,,,,2025-10-11,2025-11-11,26年6月10日（1年）,10月租金,嘉定公寓,
70.0,R404,1300,1300.0,,,,,,2025-10-02,2025-11-02,26年9月1日（1年）,10月租金,嘉定公寓,
71.0,S003,1600,1600.0,,,,,,2025-10-04,2025-11-01,26年2月28日（1年）,10月租金,嘉定公寓,
72.0,S004,2000,2000.0,,,苏U3711J,150.0,,2025-10-01,2025-11-01,26年8月31日（1年）,10月租金,嘉定公寓,
73.0,S005,2000,2000.0,,,,,,2025-10-20,2025-11-20,26年9月19日（1年）,10月租金,嘉定公寓,
74.0,S101,2100,2100.0,,,,,,2025-10-01,2025-11-01,25年9月30日（6个月）,10月租金,嘉定公寓,
75.0,S102,2300,2300.0,2300.0,2400.0,,,2000.0,2025-10-09,2025-11-09,26年10月8日（1年）S210调房,10月租金,嘉定公寓,
76.0,S103,2400,2400.0,,,,,,2025-10-10,2025-11-10,26年7月9日（1年）,10月租金,嘉定公寓,
77.0,S104,2900,2900.0,,,,,,2025-10-18,2025-11-18,25年9月17日（7个月）（没冰箱）,10月租金,嘉定公寓,
78.0,S105,2000,2000.0,2000.0,,,,2000.0,2025-11-01,2025-12-01,26年10月31日（1年）,10月租金,嘉定公寓,
79.0,S106,1800,1800.0,,,,,,2025-10-01,2025-11-01,26年4月30日（1年）,10月租金,嘉定公寓,
80.0,S107,2000,4000.0,,,,,,2025-09-25,2025-11-25,26年2月24日（1年）,10月租金,嘉定公寓,
81.0,S108,2000,2000.0,,,苏J7CH90,150.0,,2025-10-20,2025-11-20,26年8月19日（1年）,10月租金,嘉定公寓,
82.0,S109,1800,1800.0,,,皖K71124,150.0,,2025-10-08,2025-11-08,2026年3月7日（1年）,10月租金,嘉定公寓,
83.0,S110,2000,2000.0,,,,,,2025-10-05,2025-11-05,25年12月4日（6个月）,10月租金,嘉定公寓,
84.0,S111,2200,2200.0,,,沪AAU3900,150.0,,2025-11-01,2025-12-01,续26年4月30日（1年）,10月租金,嘉定公寓,
85.0,S201,1500,1500.0,,,,,,2025-10-08,2025-11-08,26年3月7日（1年）,10月租金,嘉定公寓,
86.0,S202,1680,1680.0,,,,,,2025-10-20,2025-11-20,26年6月19日（1年）,10月租金,嘉定公寓,
87.0,S203,1500,1500.0,,,云A25RU8,150.0,,2025-10-01,2025-11-01,退房,10月租金,嘉定公寓,
88.0,S204,1600,1600.0,,,,,,2025-10-11,2025-11-11,26年6月10日（1年）,10月租金,嘉定公寓,
89.0,S205,1500,1500.0,,,,,,2025-10-09,2025-11-09,26年4月8日（1年）,10月租金,嘉定公寓,
90.0,S206,1600,1600.0,,,,,,2025-10-05,2025-11-05,26年1月4日（1年）,10月租金,嘉定公寓,
91.0,S207,1400,1400.0,,,,,,2025-10-12,2025-11-12,26年3月10日（1年）,10月租金,嘉定公寓,
92.0,S208,1800,1800.0,,,,,,2025-10-01,2025-11-01,26年2月28日（1年）,10月租金,嘉定公寓,
94.0,S210,2000,2000.0,2000.0,,,,2000.0,2025-10-14,2025-11-14,2026年10月13日（1年）,10月租金,嘉定公寓,
95.0,S211,2200,6600.0,,,,,,2025-10-20,2026-01-20,26年1月19日（6个月）,10月租金,嘉定公寓,
96.0,S212,2050,2050.0,,,浙F7JK00,,,2025-10-02,2025-11-02,26年3月1日（1年）（包停车）,10月租金,嘉定公寓,
97.0,S213,2050,2050.0,,,,,,2025-10-08,2025-11-08,26年3月7日（1年）,10月租金,嘉定公寓,
98.0,S214,2000,2000.0,,,,,,2025-10-25,2025-11-25,26年2月24日（6个月）,10月租金,嘉定公寓,
99.0,S215,2300,2300.0,,,,,,2025-10-21,2025-11-21,26年6月20日（1年）,10月租金,嘉定公寓,
100.0,S301,1400,,,,,,,2025-12-21,2026-12-21,25年12月20日（1年）,10月租金,嘉定公寓,
101.0,S302,1600,1600.0,,,,,,2025-10-08,2025-11-08,26年6月7日（1年）,10月租金,嘉定公寓,
102.0,S303,1500,1500.0,,,,,,2025-10-01,2025-11-01,25年11月30日（1年）,10月租金,嘉定公寓,
103.0,S304,1550,1550.0,,,,,,2025-10-08,2025-11-08,26年3月7日（1年）,10月租金,嘉定公寓,
104.0,S305,1500,1500.0,,,,,,2025-10-14,2025-11-14,26年6月13日（1年）,10月租金,嘉定公寓,
105.0,S306,1880,1880.0,1880.0,,,,1880.0,2025-10-01,2025-11-01,26年10月31日（1年）,10月租金,嘉定公寓,
106.0,S307,1400,1400.0,,,,,,2025-10-15,2025-11-15,26年6月14日（1年）,10月租金,嘉定公寓,
107.0,S308,1800,1800.0,,,,,,2025-10-11,2025-11-11,26年1月10日（7个月）,10月租金,嘉定公寓,
108.0,S309,2100,4200.0,,,,,,2025-10-30,2025-11-30,26年6月29日（1年）,10月租金,嘉定公寓,
109.0,S310,2000,2000.0,,,皖M7L937,150.0,,2025-10-03,2025-11-03,26年4月2日（1年）,10月租金,嘉定公寓,
110.0,S311,2050,2050.0,,,沪AC33006,150.0,,2025-10-08,2025-11-08,26年3月7日（1年包停车）,10月租金,嘉定公寓,
111.0,S312,1900,1900.0,,,,,,2025-10-18,2025-11-18,26年4月17日（1年）,10月租金,嘉定公寓,
112.0,S313,2000,2000.0,,,,,,2025-10-18,2025-11-18,26年9月17日（1年）,10月租金,嘉定公寓,
113.0,S314,2000,2000.0,,,,,,2025-10-13,2025-11-13,26年4月12日（1年）,10月租金,嘉定公寓,
114.0,S315,2200,,,,川G7SX21,,,2025-11-01,2026-11-01,续26年10月30日（1年）,10月租金,嘉定公寓,
115.0,S401,1500,1500.0,,,苏J9WZ79,150.0,,2025-10-12,2025-11-12,26年3月11日（1年）,10月租金,嘉定公寓,
116.0,S402,1600,1600.0,,,,,,2025-10-28,2025-11-28,25年12月27日（1年）,10月租金,嘉定公寓,
117.0,S403,1500,1500.0,,,苏FQ90D6,150.0,,2025-10-25,2025-11-25,26年4月24日（1年）,10月租金,嘉定公寓,
118.0,S404,1600,1600.0,,,,,,2025-10-10,2025-11-10,26年7月9日（1年）,10月租金,嘉定公寓,
119.0,S405,1500,1500.0,,,,,,2025-10-16,2025-11-16,26年8月15日（1年）,10月租金,嘉定公寓,
120.0,S406,1600,1600.0,,,,,,2025-10-15,2025-11-15,26年2月14日（1年）,10月租金,嘉定公寓,
121.0,S407,1400,1400.0,,,苏FDK751,150.0,,2025-10-15,2025-11-15,26年2月14日（1年）,10月租金,嘉定公寓,
122.0,S408,1700,1700.0,,,,,,2025-10-20,2025-11-20,26年3月19日（1年）,10月租金,嘉定公寓,
123.0,S409,2100,2100.0,,,,,,2025-10-01,2025-11-01,26年2月28日（1年）,10月租金,嘉定公寓,
124.0,S410,1800,1800.0,,,,,,2025-10-20,2025-11-20,26年3月19日（1年）,10月租金,嘉定公寓,
125.0,S411,,2000.0,,,,,,2025-10-06,2026-10-06,26年9月5日（1年）押金没付中介费没付,10月租金,嘉定公寓,
126.0,S412,2000,2000.0,,,,,,2025-10-10,2025-11-10,26年4月9日（1年）,10月租金,嘉定公寓,
127.0,S413,2000,2000.0,,,,,,2025-10-08,2025-11-08,26年7月7日（1年）,10月租金,嘉定公寓,
128.0,S414,2100,2100.0,,,,,,2025-10-09,2025-11-09,26年9月8日（1年）,10月租金,嘉定公寓,
129.0,S415,2300,2300.0,,,沪AEX9591,,,2025-10-15,2025-11-15,26年3月14日（1年包停车）,10月租金,嘉定公寓,
1.0,Q101,2260,2260.0,,,,,,2025-09-20,2025-10-20,26年7月19日（1年）,9月租金,嘉定公寓,
2.0,Q102,2300,2300.0,,,,,,2025-09-16,2025-10-16,26年9月15日（1年）客户转租调房,9月租金,嘉定公寓,
3.0,Q103,2300,2300.0,,,赣E0821W,150.0,,2025-09-16,2025-10-16,26年6月15日（1年）,9月租金,嘉定公寓,
4.0,Q105,2300,2800.0,,,,,,2025-09-24,2026-09-24,26年6月23（1年）,9月租金,嘉定公寓,
5.0,Q106,2260,2260.0,,,,,,2025-09-14,2025-10-14,26年7月13日（1年）,9月租金,嘉定公寓,
7.0,Q201,2060,2060.0,,,,,,2025-09-29,2025-10-29,26年7月28日（1年）,9月租金,嘉定公寓,
8.0,Q202,2200,2200.0,,,,,,2025-09-26,2025-10-26,26年7月25日（1年）,9月租金,嘉定公寓,
9.0,Q205,2100,,,,苏UH001C ,,,2025-10-01,2026-10-01,26年7月24日（1年）,9月租金,嘉定公寓,
10.0,Q206,2100,2100.0,,,,,,2025-09-15,2025-10-15,26年7月14日（1年）,9月租金,嘉定公寓,
11.0,R101,1750,1750.0,,,,,,2025-09-12,2025-10-12,2026年7月12日（1年）,9月租金,嘉定公寓,
12.0,R102,1600,1600.0,,,豫PF389W,,,2025-09-06,2025-10-06,26年3月5日（1年包停车）,9月租金,嘉定公寓,
13.0,R103,1600,,,,,,,2025-01-16,2026-01-15,26年1月15日（1年）（付清）,9月租金,嘉定公寓,
14.0,R104,1750,1750.0,1750.0,,,,1750.0,2025-09-20,2025-10-20,26年9月19日（1年）,9月租金,嘉定公寓,
15.0,R105,1700,1700.0,,,,,,2025-09-06,2025-10-06,26年2月5日（1年）,9月租金,嘉定公寓,
16.0,R106,1600,1600.0,,,,,,2025-09-12,2025-10-12,26年1月11日（1年）,9月租金,嘉定公寓,
17.0,R107,1800,1800.0,,,,,,2025-09-18,2025-10-18,26年6月17日（1年）,9月租金,嘉定公寓,
18.0,R108,1700,1700.0,,,,,,2025-09-24,2025-10-24,26年8月23日（1年）,9月租金,嘉定公寓,
19.0,R109,1500,1500.0,1500.0,1500.0,,,1500.0,2025-09-16,2025-10-16,26年9月15日（1年）,9月租金,嘉定公寓,
20.0,R110,1800,1800.0,,,,,,2025-09-21,2025-10-21,26年6月17日（1年）,9月租金,嘉定公寓,
21.0,R111,1800,1800.0,,,,,,2025-09-07,2025-10-07,25年9月6日（3个月）,9月租金,嘉定公寓,
22.0,R112,1800,1800.0,,,,,,2025-09-19,2025-10-19,26年2月18日（6个月）,9月租金,嘉定公寓,
23.0,R113,1800,1800.0,,,,,,2025-09-01,2025-10-01,26年5月31日（1年）,9月租金,嘉定公寓,
24.0,R114,1800,,,,,,,2025-09-22,2026-09-22,26年5月21日（1年）,9月租金,嘉定公寓,
25.0,R115,1800,1800.0,,,,,,2025-09-11,2025-10-11,26年6月10日（1年）,9月租金,嘉定公寓,
26.0,R116,1800,1800.0,,,,,,2025-09-27,2025-10-27,26年8月26日（1年）,9月租金,嘉定公寓,
27.0,R117,1800,1800.0,,,,,,2025-09-18,2025-10-18,26年6月17日（1年）,9月租金,嘉定公寓,
28.0,R118,1600,1600.0,,,,,,2025-09-01,2025-10-01,"26年5月31日（1年） [数据清洗:原始截止日期无法解析,已按+1个月估算]",9月租金,嘉定公寓,
29.0,R119,1880,1880.0,,,苏U81R07,,,2025-09-25,2025-10-25,28年5月24日（3年包停车）,9月租金,嘉定公寓,
30.0,R201,1900,1900.0,,,苏EB53201,,,2025-09-01,2025-10-01,25年11月31日（1年)包停车,9月租金,嘉定公寓,
31.0,R202,1600,1600.0,,,,,,2025-09-20,2025-10-20,26年5月19日（1年）,9月租金,嘉定公寓,
32.0,R203,1800,1800.0,,,,,,2025-09-02,2025-10-02,26年1月1日（10个月）,9月租金,嘉定公寓,
33.0,R204,1700,1700.0,,,,,,2025-09-04,2025-10-04,26年5月3日（1年）,9月租金,嘉定公寓,
34.0,R206,1600,1700.0,,,,,,2025-09-20,2025-10-20,续25年9月20日（3个月）,9月租金,嘉定公寓,
35.0,R207,2200,2200.0,,,,,,2025-09-24,2025-10-24,26年3月23日（1年）,9月租金,嘉定公寓,
36.0,R208,1620,,,,,,,2025-11-10,2026-11-10,26年5月9日（1年）,9月租金,嘉定公寓,
37.0,R209,2150,2150.0,2150.0,,,,2150.0,2025-09-03,2025-10-03,26年9月2日（1年）,9月租金,嘉定公寓,
38.0,R210,1600,1600.0,,,,,,2025-09-20,2025-10-20,26年11月19日（9个月),9月租金,嘉定公寓,
39.0,R211,2000,2000.0,,,,,,2025-09-09,2025-10-09,25年11月8日（1年）,9月租金,嘉定公寓,
40.0,R212,1650,1650.0,,,,,,2025-09-25,2025-10-25,续26年2月24日（6个月）,9月租金,嘉定公寓,
41.0,R213,2200,2200.0,,,,,,2025-09-25,2025-10-25,25年1月24日（1年）,9月租金,嘉定公寓,
42.0,R214,1650,1650.0,,,,,,2025-09-18,2025-10-18,26年2月17日（1年）,9月租金,嘉定公寓,
43.0,R215,2300,2300.0,,,,,,2025-09-10,2025-10-10,25年11月9日（1年）,9月租金,嘉定公寓,
44.0,R216,1650,1650.0,,,,,,2025-09-17,2025-10-17,26年2月16日（1年）,9月租金,嘉定公寓,
45.0,R217,2200,2200.0,,,苏U9260B,150.0,,2025-09-25,2025-10-25,25年1月24日（1年）,9月租金,嘉定公寓,
46.0,R218,1700,1700.0,,,,,,2025-09-29,2025-10-29,25年12月28日（1年）,9月租金,嘉定公寓,
47.0,R219,2100,2100.0,2100.0,,,,735.0,2025-10-01,2025-11-01,26年3月31日（6个月）,9月租金,嘉定公寓,
48.0,R220,1700,1700.0,,,,,,2025-09-10,2025-10-10,26年4月9日（1年）,9月租金,嘉定公寓,
49.0,R301,1700,1700.0,,,沪ABW6067,,,2025-09-10,2025-10-10,26年4月9日（1年包停车）,9月租金,嘉定公寓,
50.0,R302,1800,1800.0,,,,,,2025-08-16,2025-10-16,25年11月15日（1年）,9月租金,嘉定公寓,
51.0,R303,1700,1700.0,,,,,,2025-09-02,2025-10-02,26年3月1日（1年）,9月租金,嘉定公寓,
52.0,R304,2000,2600.0,,,,,,2025-09-13,2025-10-13,26年8月12日（1年）,9月租金,嘉定公寓,
52.0,R305,1800,1800.0,,,,,,2025-09-26,2025-10-26,26年2月25日（1年）,9月租金,嘉定公寓,
53.0,R306,2000,2000.0,,,,,,2025-09-12,2025-10-12,26年3月11日（1年）,9月租金,嘉定公寓,
54.0,R307,1700,1700.0,,,,,,2025-09-19,2025-10-19,26年3月18日（1年）,9月租金,嘉定公寓,
55.0,R308,2200,2200.0,,,,,,2025-09-02,2025-10-02,26年3月1日（1年）,9月租金,嘉定公寓,
56.0,R309,1700,1700.0,,,,,,2025-09-06,2025-10-06,26年3月5日（1年）,9月租金,嘉定公寓,
57.0,R310,2350,2350.0,,,,,,2025-09-15,2025-10-15,26年2月14日（1年）,9月租金,嘉定公寓,
58.0,R311,1800,1800.0,,,,,,2025-09-23,2025-10-23,26年9月24日（1年）,9月租金,嘉定公寓,
59.0,R312,2200,2200.0,,,,,,2025-09-01,2025-10-01,25年12月31日（1年）,9月租金,嘉定公寓,
60.0,R313,1700,1700.0,,,,,,2025-09-01,2025-10-01,26年9月30日（6个月）,9月租金,嘉定公寓,
61.0,R314,2200,2200.0,,,,,,2025-09-01,2025-10-01,26年5月31日（1年）,9月租金,嘉定公寓,
62.0,R315,1800,2700.0,,,,,,2025-09-21,2025-10-21,26年6月20日（1年）,9月租金,嘉定公寓,
63.0,R316,2000,2000.0,,,苏E55B9P,150.0,,2025-09-01,2025-10-01,25年12月31日（1年）,9月租金,嘉定公寓,
64.0,R317,1800,1800.0,,,,,,2025-09-19,2025-10-19,25年2月18日（6个月）,9月租金,嘉定公寓,
65.0,R318,无押金,1500.0,,,,,,2025-09-20,2025-10-20,唐总小舅子,9月租金,嘉定公寓,
66.0,R319,1800,1800.0,1800.0,,,,1800.0,2025-09-10,2025-10-10,26年9月9日（1年）,9月租金,嘉定公寓,
67.0,R401,1400,1400.0,,,浙F51LG1,,,2025-09-02,2025-10-02,26年4月1日（1年包停车）,9月租金,嘉定公寓,
68.0,R402,1500,1500.0,,,普MWF781,150.0,,2025-09-10,2025-10-10,25年11月9日（1年）,9月租金,嘉定公寓,
69.0,R403,1500,1500.0,,,,,,2025-09-11,2025-10-11,26年6月10日（1年）,9月租金,嘉定公寓,
70.0,R404,1300,1300.0,,,,,,2025-09-02,2025-10-02,26年9月1日（1年）,9月租金,嘉定公寓,
71.0,S003,1600,1600.0,,,,,,2025-09-01,2025-10-01,26年2月28日（1年）,9月租金,嘉定公寓,
72.0,S004,2000,,,,苏U3711J,150.0,,2025-10-01,2026-10-01,26年8月31日（1年）,9月租金,嘉定公寓,
73.0,S005,2000,2000.0,2000.0,,,,2000.0,2025-09-20,2025-10-20,26年9月19日（1年）,9月租金,嘉定公寓,
74.0,S101,2100,2100.0,,,,,,2025-09-01,2025-10-01,"25年9月30日（6个月） [数据清洗:原始截止日期无法解析,已按+1个月估算]",9月租金,嘉定公寓,
75.0,S102,2400,2400.0,,,鄂CZ5628,150.0,,2025-09-18,2025-10-18,25年8月17日（6个月）,9月租金,嘉定公寓,
76.0,S103,2400,2400.0,,,,,,2025-09-10,2025-10-10,26年7月9日（1年）,9月租金,嘉定公寓,
77.0,S104,2900,,,,,,,2025-10-18,2026-10-18,25年9月17日（7个月）（没冰箱）,9月租金,嘉定公寓,
78.0,S105,1850,1850.0,,,,,,2025-09-29,2025-10-29,26年3月28日（1年）,9月租金,嘉定公寓,
79.0,S106,1800,1800.0,,,,,,2025-09-01,2025-10-01,26年4月30日（1年）,9月租金,嘉定公寓,
80.0,S107,2000,,,,,,,2025-09-25,2026-09-25,26年2月24日（1年）,9月租金,嘉定公寓,
81.0,S108,2000,2000.0,,,,,,2025-09-20,2025-10-20,26年8月19日（1年）,9月租金,嘉定公寓,
82.0,S109,1800,1800.0,,,皖K71124,150.0,,2025-09-08,2025-10-08,2026年3月7日（1年）,9月租金,嘉定公寓,
83.0,S110,2000,2000.0,,,,,,2025-09-05,2025-10-05,25年12月4日（6个月）,9月租金,嘉定公寓,
84.0,S111,2200,2200.0,,,沪AAU3900,150.0,,2025-10-01,2025-11-01,25年10月30日（1年）,9月租金,嘉定公寓,
85.0,S201,1500,1500.0,,,,,,2025-09-08,2025-10-08,26年3月7日（1年）,9月租金,嘉定公寓,
86.0,S202,1680,1680.0,,,,,,2025-09-20,2025-10-20,26年6月19日（1年）,9月租金,嘉定公寓,
87.0,S203,1500,1500.0,,,云A25RU8,150.0,,2025-09-01,2025-10-01,26年2月28日（1年）,9月租金,嘉定公寓,
88.0,S204,1600,1600.0,,,,,,2025-09-11,2025-10-11,26年6月10日（1年）,9月租金,嘉定公寓,
89.0,S205,1500,1500.0,,,,,,2025-09-09,2025-10-09,26年4月8日（1年）,9月租金,嘉定公寓,
90.0,S206,1600,1600.0,,,,,,2025-09-05,2025-10-05,26年1月4日（1年）,9月租金,嘉定公寓,
91.0,S207,1400,1400.0,,,,,,2025-09-12,2025-10-12,26年3月10日（1年）,9月租金,嘉定公寓,
92.0,S208,1800,1800.0,,,,,,2025-09-01,2025-10-01,26年2月28日（1年）,9月租金,嘉定公寓,
94.0,S210,2100,2200.0,2100.0,,,,2100.0,2025-09-16,2025-10-16,26年9月15日（1年）被子卖给客户+100,9月租金,嘉定公寓,
95.0,S211,2200,,,,,,,2025-10-20,2026-10-20,26年1月19日（6个月）,9月租金,嘉定公寓,
96.0,S212,2050,2050.0,,,浙F7JK00,,,2025-09-02,2025-10-02,26年3月1日（1年）（包停车）,9月租金,嘉定公寓,
97.0,S213,2050,2050.0,,,,,,2025-09-08,2025-10-08,26年3月7日（1年）,9月租金,嘉定公寓,
98.0,S214,2000,2000.0,,,,,,2025-09-25,2025-10-25,26年2月24日（6个月）,9月租金,嘉定公寓,
99.0,S215,2300,2300.0,,,,,,2025-09-21,2025-10-21,26年6月20日（1年）,9月租金,嘉定公寓,
100.0,S301,1400,4200.0,,,,,,2025-09-21,2025-12-21,25年12月20日（1年）,9月租金,嘉定公寓,
101.0,S302,1600,1600.0,,,,,,2025-09-08,2025-10-08,26年6月7日（1年）,9月租金,嘉定公寓,
102.0,S303,1500,1500.0,,,,,,2025-09-01,2025-10-01,25年11月30日（1年）,9月租金,嘉定公寓,
103.0,S304,1550,1550.0,,,,,,2025-09-08,2025-10-08,26年3月7日（1年）,9月租金,嘉定公寓,
104.0,S305,1500,1500.0,,,,,,2025-09-14,2025-10-14,26年6月13日（1年）,9月租金,嘉定公寓,
106.0,S307,1400,1400.0,,,,,,2025-09-15,2026-09-15,26年6月14日（1年）,9月租金,嘉定公寓,
107.0,S308,1800,1800.0,,,,,,2025-09-11,2025-10-11,26年1月10日（7个月）,9月租金,嘉定公寓,
108.0,S309,2100,,,,,,,2025-09-30,2026-09-30,26年6月29日（1年）,9月租金,嘉定公寓,
109.0,S310,2000,2000.0,,,皖M7L937,150.0,,2025-09-03,2025-10-03,26年4月2日（1年）,9月租金,嘉定公寓,
110.0,S311,2050,2050.0,,,沪AC33006,150.0,,2025-09-08,2025-10-08,26年3月7日（1年包停车）,9月租金,嘉定公寓,
111.0,S312,1900,1900.0,,,,,,2025-09-18,2025-10-18,26年4月17日（1年）,9月租金,嘉定公寓,
112.0,S313,2000,2000.0,2000.0,,,,2000.0,2025-09-18,2025-10-18,26年9月17日（1年）,9月租金,嘉定公寓,
113.0,S314,2000,2000.0,,,,,,2025-09-13,2025-10-13,26年4月12日（1年）,9月租金,嘉定公寓,
114.0,S315,2200,,,,川G7SX21,,,2025-11-01,2026-11-01,25年10月30日（1年）,9月租金,嘉定公寓,
115.0,S401,1500,1500.0,,,苏J9WZ79,150.0,,2025-09-12,2025-10-12,26年3月11日（1年）,9月租金,嘉定公寓,
116.0,S402,1600,1600.0,,,,,,2025-09-28,2025-10-28,25年12月27日（1年）,9月租金,嘉定公寓,
117.0,S403,1500,1500.0,,,苏FQ90D6,150.0,,2025-09-25,2026-09-25,26年4月24日（1年）,9月租金,嘉定公寓,
118.0,S404,1600,1600.0,,,,,,2025-09-10,2025-10-10,26年7月9日（1年）,9月租金,嘉定公寓,
119.0,S405,1500,1500.0,,,,,,2025-09-16,2025-10-16,26年8月15日（1年）,9月租金,嘉定公寓,
120.0,S406,1600,1600.0,,,,,,2025-09-15,2025-10-15,26年2月14日（1年）,9月租金,嘉定公寓,
121.0,S407,1400,1400.0,,,苏FDK751,150.0,,2025-09-15,2026-09-15,26年2月14日（1年）,9月租金,嘉定公寓,
122.0,S408,1700,1700.0,,,,,,2025-09-20,2025-10-20,26年3月19日（1年）,9月租金,嘉定公寓,
123.0,S409,2100,2100.0,,,,,,2025-09-01,2025-10-01,26年2月28日（1年）,9月租金,嘉定公寓,
124.0,S410,1800,1800.0,,,,,,2025-09-20,2025-10-20,26年3月19日（1年）,9月租金,嘉定公寓,
125.0,S411,,2000.0,,,,,,2025-09-06,2025-10-06,26年9月5日（1年）押金没付中介费没付,9月租金,嘉定公寓,
126.0,S412,2000,2000.0,,,,,,2025-09-10,2025-10-10,26年4月9日（1年）,9月租金,嘉定公寓,
127.0,S413,2000,2000.0,,,,,,2025-09-08,2026-09-08,26年7月7日（1年）,9月租金,嘉定公寓,
128.0,S414,2100,2100.0,2100.0,,,,2100.0,2025-09-09,2025-10-09,26年9月8日（1年）,9月租金,嘉定公寓,
129.0,S415,2300,2300.0,,,沪AEX9591,,,2025-09-15,2025-10-15,26年3月14日（1年包停车）,9月租金,嘉定公寓,
1.0,Q101,2260,2260.0,,,,,,2025-08-20,2025-09-20,26年7月19日（1年）,8月租金,嘉定公寓,
2.0,Q102,2280,2280.0,,,,,,2025-08-11,2025-09-11,26年7月10日（1年）,8月租金,嘉定公寓,
3.0,Q103,2300,2300.0,100.0,867.0,赣E0821W,150.0,,2025-08-16,2025-09-16,26年6月15日（1年）S108调房,8月租金,嘉定公寓,
4.0,Q105,2300,1800.0,,,,,,2025-08-24,2026-08-24,26年6月23（1年）,8月租金,嘉定公寓,
5.0,Q106,2260,2260.0,,,,,,2025-08-14,2025-09-14,26年7月13日（1年）,8月租金,嘉定公寓,
6.0,Q108,2300,1000.0,,,,,2300.0,2025-08-15,2026-08-15,26年7月14日（1年）,8月租金,嘉定公寓,
7.0,Q201,2060,2060.0,,,,,,2025-08-29,2025-09-29,26年7月28日（1年）,8月租金,嘉定公寓,
8.0,Q202,2200,2200.0,,,,,,2025-08-26,2025-09-26,26年7月25日（1年）,8月租金,嘉定公寓,
9.0,Q205,2100,2100.0,2100.0,,苏UH001C ,150.0,1680.0,2025-09-01,2025-10-01,26年7月24日（1年）,8月租金,嘉定公寓,
10.0,Q206,2100,2100.0,,,,,,2025-08-15,2025-09-15,26年7月14日（1年）,8月租金,嘉定公寓,
11.0,R101,1750,1750.0,,,,,,2025-08-12,2025-09-12,2026年7月12日（1年）,8月租金,嘉定公寓,
12.0,R102,1600,,,,豫PF389W,,,2025-09-06,2026-09-06,26年3月5日（1年包停车）,8月租金,嘉定公寓,
13.0,R103,1600,,,,,,,2025-01-16,2026-01-15,26年1月15日（1年）（付清）,8月租金,嘉定公寓,
14.0,R104,1880,,,1880.0,,,,2025-08-31,2026-08-31,退房,8月租金,嘉定公寓,
15.0,R105,1700,1700.0,,,,,,2025-08-06,2025-09-06,26年2月5日（1年）前客户退房R107调换R105,8月租金,嘉定公寓,
16.0,R106,1600,1600.0,,,,,,2025-08-12,2025-09-12,26年1月11日（1年）,8月租金,嘉定公寓,
17.0,R107,1800,1800.0,,,,,,2025-08-18,2025-09-18,26年6月17日（1年）,8月租金,嘉定公寓,
18.0,R108,1700,1700.0,,,,,,2025-08-24,2025-09-24,26年8月23日（1年）,8月租金,嘉定公寓,
19.0,R109,1500,1500.0,1500.0,,,,1200.0,2025-08-05,2025-09-05,26年8月4日（1年）,8月租金,嘉定公寓,
20.0,R110,1800,1800.0,,,,,,2025-08-21,2025-09-21,26年6月17日（1年）,8月租金,嘉定公寓,
21.0,R111,1800,1800.0,,,,,,2025-08-07,2025-09-07,25年9月6日（3个月）,8月租金,嘉定公寓,
22.0,R112,1800,1800.0,1800.0,,,,720.0,2025-08-19,2025-09-19,26年2月18日（6个月）,8月租金,嘉定公寓,
23.0,R113,1800,1800.0,,,,,,2025-08-01,2025-09-01,26年5月31日（1年）,8月租金,嘉定公寓,
24.0,R114,1800,1800.0,,,,,,2025-08-22,2025-09-22,26年5月21日（1年）,8月租金,嘉定公寓,
25.0,R115,1800,1800.0,,,,,,2025-08-11,2025-09-11,26年6月10日（1年）,8月租金,嘉定公寓,
26.0,R116,1800,1800.0,1800.0,1880.0,,,1800.0,2025-08-27,2025-09-27,26年8月26日（1年）,8月租金,嘉定公寓,
27.0,R117,1800,1800.0,,,,,,2025-08-18,2025-09-18,26年6月17日（1年）,8月租金,嘉定公寓,
28.0,R118,1600,1600.0,,,,,,2025-08-01,2025-09-01,26年5月31日（1年）,8月租金,嘉定公寓,
29.0,R119,1880,1880.0,,,苏U81R07,,,2025-08-25,2025-09-25,28年5月24日（3年包停车）,8月租金,嘉定公寓,
30.0,R201,1900,1900.0,,,苏EB53201,,,2025-08-01,2025-09-01,25年11月31日（1年)包停车,8月租金,嘉定公寓,
31.0,R202,1600,1600.0,,,,,,2025-08-20,2025-09-20,26年5月19日（1年）,8月租金,嘉定公寓,
32.0,R203,1800,1800.0,,,,,,2025-08-02,2025-09-02,26年1月1日（10个月）,8月租金,嘉定公寓,
33.0,R204,1700,1700.0,,,,,,2025-08-04,2025-09-04,26年5月3日（1年）,8月租金,嘉定公寓,
34.0,R206,1600,1700.0,,,,,,2025-08-20,2025-09-20,续25年9月20日（3个月）,8月租金,嘉定公寓,
35.0,R207,2200,2200.0,,,,,,2025-08-24,2025-09-24,26年3月23日（1年）,8月租金,嘉定公寓,
36.0,R208,1620,,,,,,,2025-11-10,2026-11-10,26年5月9日（1年）,8月租金,嘉定公寓,
38.0,R210,1600,1600.0,,,,,,2025-08-20,2025-09-20,26年11月19日（9个月),8月租金,嘉定公寓,
39.0,R211,2000,2000.0,,,,,,2025-08-09,2025-09-09,25年11月8日（1年）,8月租金,嘉定公寓,
40.0,R212,1650,1650.0,,,,,,2025-08-25,2025-09-25,续26年2月24日（6个月）,8月租金,嘉定公寓,
41.0,R213,2200,2200.0,,,,,,2025-08-25,2025-09-25,25年1月24日（1年）,8月租金,嘉定公寓,
42.0,R214,1650,1650.0,,,苏U377RF,150.0,,2025-08-18,2025-09-18,26年2月17日（1年）,8月租金,嘉定公寓,
43.0,R215,2300,2300.0,,,,,,2025-08-10,2025-09-10,25年11月9日（1年）,8月租金,嘉定公寓,
44.0,R216,1650,1650.0,,,,,,2025-08-17,2025-09-17,26年2月16日（1年）,8月租金,嘉定公寓,
45.0,R217,2200,2200.0,,,苏U9260B,150.0,,2025-08-25,2025-09-25,25年1月24日（1年）,8月租金,嘉定公寓,
46.0,R218,1700,1700.0,,,,,,2025-08-29,2025-09-29,25年12月28日（1年）,8月租金,嘉定公寓,
47.0,R219,2200,2200.0,,,,,,2025-08-16,2025-09-16,26年3月15日（1年）,8月租金,嘉定公寓,
48.0,R220,1700,1700.0,,,,,,2025-08-10,2025-09-10,26年4月9日（1年）,8月租金,嘉定公寓,
49.0,R301,1700,1700.0,,,沪ABW6067,,,2025-08-10,2025-09-10,26年4月9日（1年包停车）,8月租金,嘉定公寓,
50.0,R302,1800,1800.0,,,,,,2025-08-16,2025-09-16,25年11月15日（1年）,8月租金,嘉定公寓,
51.0,R303,1700,1700.0,,,,,,2025-08-02,2025-09-02,26年3月1日（1年）,8月租金,嘉定公寓,
52.0,R304,2000,2600.0,2000.0,,,,2000.0,2025-08-13,2025-09-13,26年8月12日（1年）,8月租金,嘉定公寓,
52.0,R305,1800,1800.0,,,,,,2025-08-26,2025-09-26,26年2月25日（1年）,8月租金,嘉定公寓,
53.0,R306,2000,2000.0,,,,,,2025-08-12,2025-09-12,26年3月11日（1年）,8月租金,嘉定公寓,
54.0,R307,1700,1700.0,,,,,,2025-08-19,2025-09-19,26年3月18日（1年）,8月租金,嘉定公寓,
55.0,R308,2200,2200.0,,,,,,2025-08-02,2025-09-02,26年3月1日（1年）,8月租金,嘉定公寓,
56.0,R309,1700,1700.0,,,,,,2025-08-06,2025-09-06,26年3月5日（1年）,8月租金,嘉定公寓,
57.0,R310,2350,2350.0,,,,,,2025-08-15,2025-09-15,26年2月14日（1年）,8月租金,嘉定公寓,
58.0,R311,1700,1700.0,,,,,,2025-08-26,2025-09-26,26年3月25日（1年）,8月租金,嘉定公寓,
59.0,R312,2200,2200.0,,,,,,2025-08-01,2025-09-01,25年12月31日（1年）,8月租金,嘉定公寓,
60.0,R313,1700,1700.0,,,,,,2025-08-01,2025-09-01,26年9月30日（6个月）,8月租金,嘉定公寓,
61.0,R314,2200,2200.0,,,,,,2025-08-01,2025-09-01,26年5月31日（1年）,8月租金,嘉定公寓,
62.0,R315,1800,900.0,,,,,,2025-08-21,2026-08-21,26年6月20日（1年）下月付齐,8月租金,嘉定公寓,
63.0,R316,2000,2000.0,,,苏E55B9P,150.0,,2025-08-01,2026-08-01,25年12月31日（1年）,8月租金,嘉定公寓,
64.0,R317,1800,1800.0,1800.0,,,,630.0,2025-08-19,2025-09-19,26年2月18日（6个月）,8月租金,嘉定公寓,
65.0,R318,无押金,1500.0,,,,,,2025-08-20,2025-09-20,唐总小舅子,8月租金,嘉定公寓,
66.0,R319,1800,1800.0,,,,,,2025-08-16,2025-09-16,26年5月15日（1年）,8月租金,嘉定公寓,
67.0,R401,1400,1400.0,,,浙F51LG1,,,2025-08-02,2025-09-02,26年4月1日（1年包停车）,8月租金,嘉定公寓,
68.0,R402,1500,1500.0,,,普MWF781,150.0,,2025-08-10,2025-09-10,25年11月9日（1年）,8月租金,嘉定公寓,
69.0,R403,1500,1500.0,,,,,,2025-08-11,2025-09-11,26年6月10日（1年）,8月租金,嘉定公寓,
70.0,R404,1750,1750.0,,,,,,2025-08-02,2025-09-02,26年9月1日（1年）R317调房,8月租金,嘉定公寓,
71.0,S003,1600,1600.0,,,,,,2025-08-01,2025-09-01,26年2月28日（1年）,8月租金,嘉定公寓,
72.0,S004,2000,2000.0,2000.0,,,,2000.0,2025-09-01,2025-10-01,26年8月31日（1年）,8月租金,嘉定公寓,
73.0,S005,2000,2000.0,,,,,,2025-08-11,2025-09-11,26年2月10日（1年）,8月租金,嘉定公寓,
74.0,S101,2100,2100.0,,,,,,2025-08-01,2025-09-01,25年9月30日（6个月）,8月租金,嘉定公寓,
75.0,S102,2400,2400.0,,,鄂CZ5628,150.0,,2025-08-18,2025-09-18,25年8月17日（6个月）,8月租金,嘉定公寓,
76.0,S103,2400,2400.0,,,,,,2025-08-10,2025-09-10,26年7月9日（1年）,8月租金,嘉定公寓,
77.0,S104,2900,5800.0,,,,,,2025-08-18,2025-10-18,25年9月17日（7个月）（没冰箱）,8月租金,嘉定公寓,
78.0,S105,1850,1850.0,,,,,,2025-08-29,2025-09-29,26年3月28日（1年）,8月租金,嘉定公寓,
79.0,S106,1800,1800.0,,,,,,2025-08-01,2025-09-01,26年4月30日（1年）,8月租金,嘉定公寓,
80.0,S107,2000,2000.0,,,,,,2025-08-25,2025-09-25,26年2月24日（1年）,8月租金,嘉定公寓,
81.0,S108,2000,2000.0,2000.0,,,,2000.0,2025-08-20,2025-09-20,26年8月19日（1年）,8月租金,嘉定公寓,
82.0,S109,1800,1800.0,,,皖K71124,150.0,,2025-08-08,2026-08-08,2026年3月7日（1年）,8月租金,嘉定公寓,
83.0,S110,2000,2000.0,,,,,,2025-08-05,2025-09-05,25年12月4日（6个月）,8月租金,嘉定公寓,
84.0,S111,2200,2200.0,,,沪AAU3900,150.0,,2025-09-01,2025-10-01,25年10月30日（1年）,8月租金,嘉定公寓,
85.0,S201,1500,1500.0,,,,,,2025-08-08,2025-09-08,26年3月7日（1年）,8月租金,嘉定公寓,
86.0,S202,1680,1680.0,,,,,,2025-08-20,2025-09-20,26年6月19日（1年）,8月租金,嘉定公寓,
87.0,S203,1500,1500.0,,,云A25RU8,150.0,,2025-08-01,2025-09-01,26年2月28日（1年）,8月租金,嘉定公寓,
88.0,S204,1600,1600.0,,,,,,2025-08-11,2025-09-11,26年6月10日（1年）,8月租金,嘉定公寓,
89.0,S205,1500,1500.0,,,,,,2025-08-09,2025-09-09,26年4月8日（1年）,8月租金,嘉定公寓,
90.0,S206,1600,1600.0,,,,,,2025-08-05,2025-09-05,26年1月4日（1年）,8月租金,嘉定公寓,
91.0,S207,1400,1400.0,,,,,,2025-08-12,2025-09-12,26年3月10日（1年）,8月租金,嘉定公寓,
92.0,S208,1800,1800.0,,,,,,2025-08-01,2025-09-01,26年2月28日（1年）,8月租金,嘉定公寓,
94.0,S210,2000,2000.0,2000.0,,,,2000.0,2025-08-18,2025-09-18,26年8月17日（1年）,8月租金,嘉定公寓,
95.0,S211,2200,,,,苏U995QZ,,,2025-08-20,2025-10-20,26年1月19日（6个月）,8月租金,嘉定公寓,
96.0,S212,2050,2050.0,,,浙F7JK00,,,2025-08-02,2025-09-02,26年3月1日（1年）（包停车）,8月租金,嘉定公寓,
97.0,S213,2050,2050.0,,,,,,2025-08-08,2025-09-08,26年3月7日（1年）,8月租金,嘉定公寓,
98.0,S214,2000,2000.0,2000.0,,,,1000.0,2025-08-25,2025-09-25,26年2月24日（6个月）,8月租金,嘉定公寓,
99.0,S215,2300,2300.0,300.0,,,,,2025-08-21,2025-09-21,26年6月20日（1年）214调房,8月租金,嘉定公寓,
100.0,S301,1400,,,,,,,2025-09-21,2026-09-21,25年12月20日（1年）,8月租金,嘉定公寓,
101.0,S302,1600,1600.0,,,,,,2025-08-08,2025-09-08,26年6月7日（1年）,8月租金,嘉定公寓,
102.0,S303,1500,1500.0,,,,,,2025-08-01,2025-09-01,25年11月30日（1年）,8月租金,嘉定公寓,
103.0,S304,1550,1550.0,,,,,,2025-08-08,2025-09-08,26年3月7日（1年）,8月租金,嘉定公寓,
104.0,S305,1500,1500.0,,,,,,2025-08-14,2025-09-14,26年6月13日（1年）,8月租金,嘉定公寓,
105.0,S306,1880,1880.0,1880.0,1800.0,,,88.0,2025-09-01,2025-09-30,短租1个月,8月租金,嘉定公寓,
106.0,S307,1400,1400.0,,,,,,2025-08-15,2025-09-15,26年6月14日（1年）,8月租金,嘉定公寓,
107.0,S308,1800,1800.0,,,,,,2025-08-11,2025-09-11,26年1月10日（7个月）S405调房,8月租金,嘉定公寓,
108.0,S309,2100,2100.0,,,,,,2025-08-30,2025-09-30,26年6月29日（1年）,8月租金,嘉定公寓,
109.0,S310,2000,2000.0,,,皖M7L937,150.0,,2025-08-03,2025-09-03,26年4月2日（1年）,8月租金,嘉定公寓,
110.0,S311,2050,2050.0,,,沪AC33006,150.0,,2025-08-08,2025-09-08,26年3月7日（1年包停车）,8月租金,嘉定公寓,
111.0,S312,1900,1900.0,,,,,,2025-08-18,2025-09-18,26年4月17日（1年）,8月租金,嘉定公寓,
112.0,S313,1900,,,,,,,2025-09-22,2026-09-22,26年3月21日（1年）,8月租金,嘉定公寓,
113.0,S314,2000,2000.0,,,,,,2025-08-13,2025-09-13,26年4月12日（1年）,8月租金,嘉定公寓,
114.0,S315,2200,6600.0,,,川G7SX21,450.0,,2025-08-01,2025-11-01,25年10月30日（1年）,8月租金,嘉定公寓,
115.0,S401,1500,1500.0,,,苏J9WZ79,150.0,,2025-08-12,2025-09-12,26年3月11日（1年）,8月租金,嘉定公寓,
116.0,S402,1600,1600.0,,,,,,2025-08-28,2025-09-28,25年12月27日（1年）,8月租金,嘉定公寓,
117.0,S403,1500,1500.0,,,苏FQ90D6,150.0,,2025-08-25,2025-09-25,26年4月24日（1年）,8月租金,嘉定公寓,
118.0,S404,1600,1600.0,,,,,,2025-08-10,2025-09-10,26年7月9日（1年）,8月租金,嘉定公寓,
119.0,S405,1500,1500.0,1500.0,,,,1500.0,2025-08-16,2025-09-16,26年8月15日（1年）,8月租金,嘉定公寓,
120.0,S406,1600,1600.0,,,,,,2025-08-15,2025-09-15,26年2月14日（1年）,8月租金,嘉定公寓,
121.0,S407,1400,1400.0,,,苏FDK751,150.0,,2025-08-15,2025-09-15,26年2月14日（1年）,8月租金,嘉定公寓,
122.0,S408,1700,1700.0,,,,,,2025-08-20,2025-09-20,26年3月19日（1年）,8月租金,嘉定公寓,
123.0,S409,2100,2100.0,,,,,,2025-08-01,2025-09-01,26年2月28日（1年）,8月租金,嘉定公寓,
124.0,S410,1800,1800.0,,,,,,2025-08-20,2025-09-20,26年3月19日（1年）,8月租金,嘉定公寓,
125.0,S411,2000,2000.0,2000.0,,,,1800.0,2025-08-14,2025-09-14,26年8月13日（1年）,8月租金,嘉定公寓,
126.0,S412,2000,2000.0,,,,,,2025-08-10,2025-09-10,26年4月9日（1年）,8月租金,嘉定公寓,
127.0,S413,2000,2000.0,,,,,,2025-08-08,2025-09-08,26年7月7日（1年）,8月租金,嘉定公寓,
128.0,S414,2000,2000.0,,,皖AT3M00,75.0,,2025-08-10,2025-09-10,26年7月9日（1年）,8月租金,嘉定公寓,
129.0,S415,2300,2300.0,,,沪AEX9591,,,2025-08-15,2025-09-15,26年3月14日（1年包停车）,8月租金,嘉定公寓,
1.0,Q101,2260,2260.0,2260.0,,,,2260.0,2025-07-20,2025-08-20,26年7月19日（1年）,7月租金,嘉定公寓,
2.0,Q102,2280,2280.0,2280.0,,,,2280.0,2025-07-11,2025-08-11,26年7月10日（1年）,7月租金,嘉定公寓,
3.0,Q103,1000,2000.0,1000.0,,,,,2025-07-12,2025-08-12,短租1个半月鸿翼,7月租金,嘉定公寓,
4.0,Q105,2300,2300.0,,,,,,2025-07-24,2025-08-24,26年6月23（1年）,7月租金,嘉定公寓,
5.0,Q106,2260,2260.0,2260.0,,,,2260.0,2025-07-14,2025-08-14,26年7月13日（1年）,7月租金,嘉定公寓,
6.0,Q108,1300,2300.0,1300.0,,,,,2025-07-15,2025-08-15,26年7月14日（1年）欠押金1000中介费未付,7月租金,嘉定公寓,
7.0,Q201,2060,2060.0,2060.0,,,,1442.0,2025-07-29,2025-08-29,26年7月28日（1年）,7月租金,嘉定公寓,
8.0,Q202,2200,2200.0,2200.0,,,,2200.0,2025-07-26,2025-08-26,26年7月25日（1年）,7月租金,嘉定公寓,
9.0,Q205,2200,2200.0,2200.0,,,,2200.0,2025-07-25,2025-08-25,26年7月24日（1年）,7月租金,嘉定公寓,
10.0,Q206,2100,2100.0,2100.0,,,,1680.0,2025-07-15,2025-08-15,26年7月14日（1年）,7月租金,嘉定公寓,
11.0,R101,1750,1750.0,1750.0,1650.0,,,1750.0,2025-07-13,2025-08-12,2026年7月12日（1年）,7月租金,嘉定公寓,
12.0,R102,1600,,,,豫PF389W,,,2025-09-06,2026-09-06,26年3月5日（1年包停车）,7月租金,嘉定公寓,
13.0,R103,1600,,,,,,,2025-01-16,2026-01-15,26年1月15日（1年）（付清）,7月租金,嘉定公寓,
14.0,R104,1880,3760.0,1880.0,,,,313.0,2025-07-01,2025-08-31,短租2个月,7月租金,嘉定公寓,
15.0,R105,1700,1700.0,,,,,,2025-07-06,2025-08-06,26年2月5日（1年）前客户退房R107调换R105,7月租金,嘉定公寓,
16.0,R106,1600,1600.0,,,,,,2025-07-12,2025-08-12,26年1月11日（1年）,7月租金,嘉定公寓,
17.0,R107,1800,1800.0,,,,,,2025-07-18,2025-08-18,26年6月17日（1年）,7月租金,嘉定公寓,
18.0,R108,1700,1700.0,,,,,,2025-07-25,2025-08-25,25年11月24日（1年）,7月租金,嘉定公寓,
19.0,R109,1500,1500.0,,,,,,2025-07-12,2025-08-12,26年6月11日（1年）,7月租金,嘉定公寓,
20.0,R110,1800,1800.0,,,,,,2025-07-21,2025-08-21,26年6月17日（1年）,7月租金,嘉定公寓,
21.0,R111,1800,1800.0,,,,,,2025-07-07,2025-08-07,25年9月6日（3个月）,7月租金,嘉定公寓,
22.0,R112,1880,1880.0,1880.0,,,,1880.0,2025-07-18,2025-08-18,26年7月17日（1年）,7月租金,嘉定公寓,
23.0,R113,1800,1800.0,,,,,,2025-07-01,2025-08-01,26年5月31日（1年）,7月租金,嘉定公寓,
24.0,R114,1800,1800.0,,,,,,2025-07-22,2025-08-22,26年5月21日（1年）,7月租金,嘉定公寓,
25.0,R115,1800,1800.0,,,,,,2025-07-11,2025-08-11,26年6月10日（1年）,7月租金,嘉定公寓,
26.0,R116,1880,1880.0,,,,,,2025-07-25,2025-08-25,25年8月24日（3个月）,7月租金,嘉定公寓,
27.0,R117,1800,1800.0,,,,,,2025-07-18,2025-08-18,26年6月17日（1年）,7月租金,嘉定公寓,
28.0,R118,1600,1600.0,,,,,,2025-07-01,2025-08-01,26年5月31日（1年）,7月租金,嘉定公寓,
29.0,R119,1880,1880.0,,,苏U81R07,,,2025-07-25,2025-08-25,28年5月24日（3年包停车）,7月租金,嘉定公寓,
30.0,R201,1900,1900.0,,,苏EB53201,,,2025-07-01,2025-08-01,25年11月31日（1年)包停车,7月租金,嘉定公寓,
31.0,R202,1600,1600.0,,,,,,2025-07-20,2026-07-20,26年5月19日（1年）,7月租金,嘉定公寓,
32.0,R203,1800,1800.0,,,,,,2025-07-02,2025-08-02,26年1月1日（10个月）,7月租金,嘉定公寓,
33.0,R204,1700,1700.0,,,,,,2025-07-04,2025-08-04,26年5月3日（1年）,7月租金,嘉定公寓,
34.0,R206,1600,1700.0,,,,,,2025-07-20,2025-08-20,续25年9月20日（3个月）,7月租金,嘉定公寓,
35.0,R207,2200,2200.0,,,,,,2025-07-24,2025-08-24,26年3月23日（1年）,7月租金,嘉定公寓,
36.0,R208,1620,,,,,,,2025-11-10,2026-11-10,26年5月9日（1年）,7月租金,嘉定公寓,
37.0,R209,2200,2200.0,,,,,,2025-07-05,2025-08-05,26年5月4日（1年）,7月租金,嘉定公寓,
38.0,R210,1600,1600.0,,,,,,2025-07-20,2025-08-20,26年11月19日（9个月),7月租金,嘉定公寓,
39.0,R211,2000,2000.0,,,,,,2025-07-09,2025-08-09,25年11月8日（1年）,7月租金,嘉定公寓,
40.0,R212,1650,1650.0,,,,,,2025-07-25,2025-08-25,25年8月24日（6个月）,7月租金,嘉定公寓,
41.0,R213,2200,2200.0,,,,,,2025-07-25,2025-08-25,25年1月24日（1年）,7月租金,嘉定公寓,
42.0,R214,1650,1650.0,,,,,,2025-07-18,2025-08-18,26年2月17日（1年）,7月租金,嘉定公寓,
43.0,R215,2300,2300.0,,,,,,2025-07-10,2025-08-10,25年11月9日（1年）,7月租金,嘉定公寓,
44.0,R216,1650,1650.0,,,,,,2025-07-17,2025-08-17,26年2月16日（1年）,7月租金,嘉定公寓,
45.0,R217,2200,2200.0,,,苏U9260B,150.0,,2025-07-25,2025-08-25,25年1月24日（1年）,7月租金,嘉定公寓,
46.0,R218,1700,1700.0,,,,,,2025-07-29,2025-08-29,25年12月28日（1年）,7月租金,嘉定公寓,
47.0,R219,2200,2200.0,,,,,,2025-07-16,2025-08-16,26年3月15日（1年）,7月租金,嘉定公寓,
48.0,R220,1700,1700.0,,,,,,2025-07-10,2025-08-10,26年4月9日（1年）,7月租金,嘉定公寓,
49.0,R301,1700,1700.0,,,沪ABW6067,,,2025-07-10,2025-08-10,26年4月9日（1年包停车）,7月租金,嘉定公寓,
50.0,R302,1800,1800.0,,,,,,2025-07-16,2025-08-16,25年11月15日（1年）,7月租金,嘉定公寓,
51.0,R303,1700,1700.0,,,,,,2025-07-02,2025-08-02,26年3月1日（1年）,7月租金,嘉定公寓,
52.0,R305,1800,1800.0,,,,,,2025-07-26,2025-08-26,26年2月25日（1年）,7月租金,嘉定公寓,
53.0,R306,2000,2000.0,,,,,,2025-07-12,2025-08-12,26年3月11日（1年）,7月租金,嘉定公寓,
54.0,R307,1700,2400.0,,,,,,2025-07-19,2025-08-19,26年3月18日（1年）,7月租金,嘉定公寓,
55.0,R308,2200,2200.0,,,,,,2025-07-02,2025-08-02,26年3月1日（1年）,7月租金,嘉定公寓,
56.0,R309,1700,1700.0,,,,,,2025-07-06,2025-08-06,26年3月5日（1年）,7月租金,嘉定公寓,
57.0,R310,2350,2350.0,,,,,,2025-07-15,2025-08-15,26年2月14日（1年）,7月租金,嘉定公寓,
58.0,R311,1700,1700.0,,,,,,2025-07-26,2025-08-26,26年3月25日（1年）,7月租金,嘉定公寓,
59.0,R312,2200,2200.0,,,,,,2025-07-01,2025-08-01,25年12月31日（1年）,7月租金,嘉定公寓,
60.0,R313,1700,1700.0,,,,,,2025-07-01,2025-08-01,26年9月30日（6个月）,7月租金,嘉定公寓,
61.0,R314,2200,2200.0,,,,,,2025-07-01,2025-08-01,26年5月31日（1年）,7月租金,嘉定公寓,
62.0,R315,1800,900.0,,,,,1800.0,2025-07-21,2026-07-21,26年6月20日（1年）欠900下月付,7月租金,嘉定公寓,
63.0,R316,2000,2000.0,,,苏E55B9P,150.0,,2025-07-01,2025-08-01,25年12月31日（1年）,7月租金,嘉定公寓,
64.0,R317,1750,1750.0,,,,,,2025-07-02,2025-08-02,26年3月1日（1年）,7月租金,嘉定公寓,
65.0,R318,无押金,1500.0,,,,,,2025-07-20,2025-08-20,唐总小舅子,7月租金,嘉定公寓,
66.0,R319,1800,1800.0,,,,,,2025-07-16,2025-08-16,26年5月15日（1年）,7月租金,嘉定公寓,
67.0,R401,1400,1400.0,,,浙F51LG1,,,2025-07-02,2025-08-02,26年4月1日（1年包停车）,7月租金,嘉定公寓,
68.0,R402,1500,1500.0,,,普MWF781,150.0,,2025-07-10,2025-08-10,25年11月9日（1年）,7月租金,嘉定公寓,
69.0,R403,1500,1500.0,,,,,,2025-07-11,2025-08-11,26年6月10日（1年）,7月租金,嘉定公寓,
70.0,R404,1300,1300.0,,,川Y33L65,150.0,,2025-07-18,2026-07-18,25年8月17日（6个月）,7月租金,嘉定公寓,
71.0,S003,1600,1600.0,,,,,,2025-07-01,2025-08-01,26年2月28日（1年）,7月租金,嘉定公寓,
72.0,S004,1850,1850.0,,,,,,2025-07-01,2025-08-01,26年4月30日（1年）,7月租金,嘉定公寓,
73.0,S005,2000,2000.0,,,,,,2025-07-11,2026-07-11,26年2月10日（1年）,7月租金,嘉定公寓,
74.0,S101,2100,2100.0,,,,,,2025-07-01,2025-08-01,25年9月30日（6个月）,7月租金,嘉定公寓,
75.0,S102,2400,2400.0,,,鄂CZ5628,150.0,,2025-07-18,2026-07-18,25年8月17日（6个月）,7月租金,嘉定公寓,
76.0,S103,2400,2400.0,2400.0,,,,2400.0,2025-07-10,2025-08-10,26年7月9日（1年）,7月租金,嘉定公寓,
77.0,S104,2900,,,,,,,2025-08-18,2026-08-18,25年9月17日（7个月）（没冰箱）,7月租金,嘉定公寓,
78.0,S105,1850,1850.0,,,,,,2025-07-29,2025-08-29,26年3月28日（1年）,7月租金,嘉定公寓,
79.0,S106,1800,1800.0,,,,,,2025-07-01,2025-08-01,26年4月30日（1年）,7月租金,嘉定公寓,
80.0,S107,2000,2000.0,,,,,,2025-07-25,2025-08-25,26年2月24日（1年）,7月租金,嘉定公寓,
81.0,S108,2200,2200.0,,,,,,2025-07-16,2025-08-16,26年6月15日（1年）,7月租金,嘉定公寓,
82.0,S109,1800,1800.0,,,皖K71124,150.0,,2025-07-08,2025-08-08,2026年3月7日（1年）,7月租金,嘉定公寓,
83.0,S110,2000,2000.0,,,,,,2025-07-05,2025-08-05,25年12月4日（6个月）R110调房,7月租金,嘉定公寓,
84.0,S111,2200,2200.0,,,沪AAU3900,150.0,,2025-08-01,2025-09-01,25年10月30日（1年）,7月租金,嘉定公寓,
85.0,S201,1500,1500.0,,,,,,2025-07-08,2025-08-08,26年3月7日（1年）,7月租金,嘉定公寓,
86.0,S202,1680,1680.0,,,,,,2025-07-20,2025-08-20,26年6月19日（1年）,7月租金,嘉定公寓,
87.0,S203,1500,1500.0,,,云A25RU8,150.0,,2025-07-01,2025-08-01,26年2月28日（1年）,7月租金,嘉定公寓,
88.0,S204,1600,1600.0,,,,,,2025-07-11,2025-08-11,26年6月10日（1年）,7月租金,嘉定公寓,
89.0,S205,1500,1500.0,,,,,,2025-07-09,2025-08-09,26年4月8日（1年）,7月租金,嘉定公寓,
90.0,S206,1600,1600.0,,,,,,2025-07-01,2025-08-01,26年1月4日（1年）,7月租金,嘉定公寓,
91.0,S207,1400,1400.0,,,,,,2025-07-12,2025-08-12,26年3月10日（1年）,7月租金,嘉定公寓,
92.0,S208,1800,1800.0,,,,,,2025-07-01,2025-08-01,26年2月28日（1年）,7月租金,嘉定公寓,
94.0,S210,2000,2300.0,2000.0,,,,2000.0,2025-07-17,2025-08-17,26年7月16日（1年）被子300元,7月租金,嘉定公寓,
95.0,S211,2200,8800.0,2200.0,,苏U995QZ,525.0,3100.0,2025-07-20,2025-08-20,26年1月19日（6个月）Q201调换前客户退房,7月租金,嘉定公寓,
96.0,S212,2050,2050.0,,,浙F7JK00,,,2025-07-02,2025-08-02,26年3月1日（1年）（包停车）,7月租金,嘉定公寓,
97.0,S213,2050,2050.0,,,,,,2025-07-08,2025-08-08,26年3月7日（1年）,7月租金,嘉定公寓,
98.0,S214,2000,2000.0,,,,,,2025-07-21,2025-08-21,26年6月20日（1年）R315调房,7月租金,嘉定公寓,
99.0,S215,2400,2400.0,,,皖AAJ5502,,,2025-07-13,2026-07-13,26年3月12日（1年包停车）,7月租金,嘉定公寓,
100.0,S301,1400,2800.0,,,,,,2025-09-21,2026-09-21,25年12月20日（1年）,7月租金,嘉定公寓,
101.0,S302,1600,1600.0,,,,,,2025-07-08,2025-08-08,26年6月7日（1年）,7月租金,嘉定公寓,
102.0,S303,1500,1500.0,,,,,,2025-07-01,2025-08-01,25年11月30日（1年）,7月租金,嘉定公寓,
103.0,S304,1550,1550.0,,,,,,2025-07-08,2025-08-08,26年3月7日（1年）,7月租金,嘉定公寓,
104.0,S305,1500,1500.0,,,,,,2025-07-14,2025-08-14,26年6月13日（1年）,7月租金,嘉定公寓,
105.0,S306,1800,1800.0,,,,,,2025-07-20,2025-08-20,续25年7月19日（3个月）没冰箱,7月租金,嘉定公寓,
106.0,S307,1400,1400.0,,,,,,2025-07-15,2025-08-15,26年6月14日（1年）,7月租金,嘉定公寓,
107.0,S308,,,,,,,,2025-08-08,2026-08-08,短租2个月唐总推荐,7月租金,嘉定公寓,
108.0,S309,2100,2100.0,,,,,,2025-07-30,2025-08-30,26年6月29日（1年）,7月租金,嘉定公寓,
109.0,S310,2000,2000.0,,,皖M7L937,150.0,,2025-07-03,2025-08-03,26年4月2日（1年）,7月租金,嘉定公寓,
110.0,S311,2050,2050.0,,,沪AC33006,150.0,,2025-07-08,2025-08-08,26年3月7日（1年包停车）,7月租金,嘉定公寓,
111.0,S312,1900,1900.0,,,,,,2025-07-18,2025-08-18,26年4月17日（1年）,7月租金,嘉定公寓,
112.0,S313,1900,,,,,,,2025-09-22,2026-09-22,26年3月21日（1年）,7月租金,嘉定公寓,
113.0,S314,2000,2000.0,,,,,,2025-07-13,2025-08-13,26年4月12日（1年）,7月租金,嘉定公寓,
114.0,S315,2200,,,,川G7SX21,,,2025-08-01,2026-08-01,25年10月30日（1年）,7月租金,嘉定公寓,
115.0,S401,1500,1500.0,,,苏J9WZ79,150.0,,2025-07-12,2025-08-12,26年3月11日（1年）,7月租金,嘉定公寓,
116.0,S402,1600,1600.0,,,,,,2025-07-28,2025-08-28,25年12月27日（1年）,7月租金,嘉定公寓,
117.0,S403,1500,1500.0,,,苏FQ90D6,150.0,,2025-07-25,2026-07-25,26年4月24日（1年）,7月租金,嘉定公寓,
118.0,S404,1600,1600.0,1600.0,1550.0,,,1600.0,2025-07-10,2025-08-10,26年7月9日（1年）,7月租金,嘉定公寓,
119.0,S405,1500,3000.0,,,,,,2025-08-11,2025-09-11,26年1月10日（7个月）,7月租金,嘉定公寓,
120.0,S406,1600,1600.0,,,,,,2025-07-15,2025-08-15,26年2月14日（1年）,7月租金,嘉定公寓,
121.0,S407,1400,1400.0,,,苏FDK751,150.0,,2025-07-16,2025-08-16,26年2月14日（1年）,7月租金,嘉定公寓,
122.0,S408,1700,1700.0,,,,,,2025-07-20,2025-08-20,26年3月19日（1年）,7月租金,嘉定公寓,
123.0,S409,2100,2100.0,,,,,,2025-07-01,2025-08-01,26年2月28日（1年）,7月租金,嘉定公寓,
124.0,S410,1800,1800.0,,,,,,2025-07-20,2025-08-20,26年3月19日（1年）,7月租金,嘉定公寓,
125.0,S411,2000,2000.0,,,,,,2025-07-01,2025-08-01,26年5月1日（1年）,7月租金,嘉定公寓,
126.0,S412,2000,2000.0,,,,,,2025-07-10,2025-08-10,26年4月9日（1年）,7月租金,嘉定公寓,
127.0,S413,2000,2000.0,2000.0,,,,2000.0,2025-07-08,2025-08-08,26年7月7日（1年）,7月租金,嘉定公寓,
128.0,S414,2000,2000.0,2000.0,2300.0,皖AT3M00,150.0,2000.0,2025-07-10,2025-08-10,26年7月9日（1年）,7月租金,嘉定公寓,
129.0,S415,2300,2300.0,,,沪AEX9591,,,2025-07-15,2025-08-15,26年3月14日（1年包停车）,7月租金,嘉定公寓,
,Q105,2300,2300.0,2300.0,,,,2300.0,2025-06-24,2025-07-24,26年6月23（1年）,6月租金,嘉定公寓,
,R101,1650,1650.0,,,,,,2025-06-20,2025-07-20,25年7月19日（6个月）,6月租金,嘉定公寓,R楼
,R102,1600,,,,豫PF389W,,,2025-09-06,2026-09-06,26年3月5日（1年包停车）,6月租金,嘉定公寓,
,R103,1600,,,,,,,2025-01-16,2026-01-15,26年1月15日（1年）（付清）,6月租金,嘉定公寓,
,R104,1600,,,,,,,2025-07-20,2026-07-20,26年1月19日（1年）,6月租金,嘉定公寓,
,R105,1700,1700.0,,1600.0,,,,2025-06-06,2025-07-06,26年2月5日（1年）前客户退房R107调换R105,6月租金,嘉定公寓,
,R106,1600,1600.0,,,,,,2025-06-12,2025-07-12,26年1月11日（1年）,6月租金,嘉定公寓,
,R107,1800,1800.0,1800.0,,,,1800.0,2025-06-18,2025-07-18,26年6月17日（1年）,6月租金,嘉定公寓,
,R108,1700,1700.0,,,,,,2025-06-25,2025-07-25,25年11月24日（1年）,6月租金,嘉定公寓,
,R109,1500,1500.0,1500.0,,,,1500.0,2025-06-12,2025-07-12,26年6月11日（1年）,6月租金,嘉定公寓,
,R110,1800,1800.0,1800.0,,,,1800.0,2025-06-21,2025-07-21,26年6月17日（1年）,6月租金,嘉定公寓,
,R111,1800,1800.0,1800.0,,,,450.0,2025-06-07,2025-07-07,25年9月6日（3个月）,6月租金,嘉定公寓,
,R112,1880,1880.0,,,,,,2025-06-18,2025-07-18,26年8月17日（3个月）,6月租金,嘉定公寓,
,R113,1800,,,,,,,2025-06-01,2025-07-01,26年5月31日（1年）,6月租金,嘉定公寓,
,R114,1800,1800.0,,,,,,2025-06-22,2025-07-22,26年5月21日（1年）,6月租金,嘉定公寓,
,R115,1800,1800.0,1800.0,,,,1800.0,2025-06-11,2025-07-11,26年6月10日（1年）,6月租金,嘉定公寓,
,R116,500,1880.0,500.0,,,,470.0,2025-06-25,2025-07-25,25年8月24日（3个月）,6月租金,嘉定公寓,
,R117,1800,1800.0,1800.0,,,,1800.0,2025-06-18,2025-07-18,26年6月17日（1年）,6月租金,嘉定公寓,
,R118,1600,1600.0,1600.0,,,,1120.0,2025-06-01,2025-07-01,26年5月31日（1年）,6月租金,嘉定公寓,
,R119,1880,1880.0,,,苏U81R07,,,2025-06-25,2025-07-25,28年5月24日（3年包停车）,6月租金,嘉定公寓,
,R201,1900,1900.0,,,苏EB53201,,,2025-06-01,2025-07-01,25年11月31日（1年)包停车,6月租金,嘉定公寓,
,R202,1600,1600.0,,,,,,2025-06-20,2025-07-20,26年5月19日（1年）,6月租金,嘉定公寓,
,R203,1800,1800.0,,,,,,2025-06-02,2025-07-02,26年1月1日（10个月）,6月租金,嘉定公寓,
,R204,1700,1700.0,,,,,,2025-06-04,2025-07-04,26年5月3日（1年）,6月租金,嘉定公寓,
,R206,1600,1700.0,,,,,,2025-06-20,2025-07-20,续25年9月20日（3个月）,6月租金,嘉定公寓,
,R207,2200,2200.0,,,,,,2025-06-24,2025-07-24,26年3月23日（1年）,6月租金,嘉定公寓,
,R208,1620,,,,,,,2025-11-10,2026-11-10,26年5月9日（1年）,6月租金,嘉定公寓,
,R209,2200,2200.0,200.0,2000.0,,,,2025-06-05,2025-07-05,26年5月4日（1年）,6月租金,嘉定公寓,
,R210,1600,1600.0,,,,,,2025-06-20,2025-07-20,26年11月19日（9个月),6月租金,嘉定公寓,
,R211,2000,2000.0,,,,,,2025-06-09,2025-07-09,25年11月8日（1年）,6月租金,嘉定公寓,
,R212,1650,1650.0,,,,,,2025-06-25,2025-07-25,25年8月24日（6个月）,6月租金,嘉定公寓,
,R213,2200,2200.0,,,,,,2025-06-25,2025-07-25,25年1月24日（1年）,6月租金,嘉定公寓,
,R214,1650,1650.0,,,,,,2025-06-18,2025-07-18,26年2月17日（1年）,6月租金,嘉定公寓,
,R215,2300,2300.0,,,,,,2025-06-10,2025-07-10,25年11月9日（1年）,6月租金,嘉定公寓,
,R216,1650,1650.0,,,,,,2025-06-17,2025-07-17,26年2月16日（1年）,6月租金,嘉定公寓,
,R217,2200,2200.0,,,苏U9260B,150.0,,2025-06-25,2025-07-25,25年1月24日（1年）,6月租金,嘉定公寓,
,R218,1700,1700.0,,,,,,2025-06-29,2025-07-29,25年12月28日（1年）,6月租金,嘉定公寓,
,R219,2200,2200.0,,,,,,2025-06-16,2025-07-16,26年3月15日（1年）,6月租金,嘉定公寓,
,R220,1700,1700.0,,,,,,2025-06-10,2025-07-10,26年4月9日（1年）,6月租金,嘉定公寓,
,R301,1700,1700.0,,,沪ABW6067,,,2025-06-10,2025-07-10,26年4月9日（1年包停车）,6月租金,嘉定公寓,
,R302,1800,1800.0,,,,,,2025-06-16,2025-07-16,25年11月15日（1年）,6月租金,嘉定公寓,
,R303,1700,1700.0,,,,,,2025-06-02,2025-07-02,26年3月1日（1年）,6月租金,嘉定公寓,
,R305,1800,1800.0,,,,,,2025-06-26,2025-07-26,26年2月25日（1年）,6月租金,嘉定公寓,
,R306,2000,2000.0,,,,,,2025-06-12,2025-07-12,26年3月11日（1年）,6月租金,嘉定公寓,
,R307,1700,1000.0,,,,,,2025-06-19,2025-07-19,26年3月18日（1年）欠700下月付,6月租金,嘉定公寓,
,R308,2200,2200.0,,,,,,2025-06-02,2025-07-02,26年3月1日（1年）,6月租金,嘉定公寓,
,R309,1700,1700.0,,,,,,2025-06-06,2025-07-06,26年3月5日（1年）,6月租金,嘉定公寓,
,R310,2350,2350.0,,,,,,2025-06-15,2025-07-15,26年2月14日（1年）,6月租金,嘉定公寓,
,R311,1700,1700.0,,,,,,2025-06-26,2025-07-26,26年3月25日（1年）,6月租金,嘉定公寓,
,R312,2200,2200.0,,,,,,2025-06-01,2025-07-01,25年12月31日（1年）,6月租金,嘉定公寓,
,R313,1700,1700.0,,,,,,2025-06-01,2025-07-01,26年9月30日（6个月）,6月租金,嘉定公寓,
,R314,2200,,,,,,,2025-06-01,2025-07-01,26年5月31日（1年）,6月租金,嘉定公寓,
,R315,,1800.0,,,,,,2025-06-21,2025-07-21,26年6月20日（1年）,6月租金,嘉定公寓,
,R316,2000,2000.0,,,苏E55B9P,150.0,,2025-06-01,2025-07-01,25年12月31日（1年）,6月租金,嘉定公寓,
,R317,1750,1750.0,,,,,,2025-06-02,2025-07-02,26年3月1日（1年）,6月租金,嘉定公寓,
,R318,无押金,3000.0,,,,,,2025-05-20,2025-07-20,唐总小舅子,6月租金,嘉定公寓,
,R319,1800,1800.0,,,,,,2025-06-16,2025-07-16,26年5月15日（1年）,6月租金,嘉定公寓,
,R401,1400,1400.0,,,浙F51LG1,,,2025-06-02,2025-07-02,26年4月1日（1年包停车）,6月租金,嘉定公寓,
,R402,1500,1500.0,,,普MWF781,150.0,,2025-06-10,2025-07-10,25年11月9日（1年）,6月租金,嘉定公寓,
,R403,1500,1500.0,,,,,,2025-06-11,2025-07-11,26年6月10日（1年）,6月租金,嘉定公寓,
,R404,1300,1300.0,,,川Y33L65,150.0,,2025-06-18,2026-06-18,25年8月17日（6个月）,6月租金,嘉定公寓,
,S003,1600,1600.0,,,,,,2025-06-01,2025-07-01,26年2月28日（1年）,6月租金,嘉定公寓,
,S004,1850,1850.0,,,,,,2025-06-01,2025-07-01,26年4月30日（1年）,6月租金,嘉定公寓,
,S005,2000,2000.0,,,,,,2025-06-11,2025-07-11,26年2月10日（1年）,6月租金,嘉定公寓,
,S101,2100,2100.0,,,,,,2025-06-01,2025-07-01,25年9月30日（6个月）,6月租金,嘉定公寓,
,S102,2400,2400.0,,,鄂CZ5628,150.0,,2025-06-18,2025-07-18,25年8月17日（6个月）,6月租金,嘉定公寓,
,S104,2900,,,,,,,2025-08-18,2026-08-18,25年9月17日（7个月）（没冰箱）,6月租金,嘉定公寓,
,S105,1850,1850.0,,,,,,2025-06-29,2025-07-29,26年3月28日（1年）,6月租金,嘉定公寓,
,S106,1800,1800.0,,,,,,2025-06-01,2025-07-01,26年4月30日（1年）,6月租金,嘉定公寓,
,S107,2000,2000.0,,,,,,2025-06-25,2025-07-25,26年2月24日（1年）,6月租金,嘉定公寓,
,S108,2200,2200.0,2200.0,,,,2200.0,2025-06-16,2025-07-16,26年6月15日（1年）,6月租金,嘉定公寓,
,S109,1800,1800.0,,,皖K71124,150.0,,2025-06-08,2025-07-08,2026年3月7日（1年）,6月租金,嘉定公寓,
,S110,2000,120.0,120.0,,,,,2025-06-05,2025-07-05,25年12月4日（6个月）R110调房,6月租金,嘉定公寓,
,S111,2200,2200.0,,,沪AAU3900,150.0,,2025-07-01,2025-08-01,25年10月30日（1年）,6月租金,嘉定公寓,
,S201,1500,1500.0,,,,,,2025-06-08,2025-07-08,26年3月7日（1年）,6月租金,嘉定公寓,
,S202,1680,1680.0,1680.0,900.0,,,1680.0,2025-06-20,2025-07-20,26年6月19日（1年）,6月租金,嘉定公寓,
,S203,1500,1500.0,,,云A25RU8,150.0,,2025-06-01,2025-07-01,26年2月28日（1年）,6月租金,嘉定公寓,
,S204,1600,1600.0,1600.0,1600.0,,,1600.0,2025-06-11,2025-07-11,26年6月10日（1年）,6月租金,嘉定公寓,
,S205,1500,1500.0,,,,,,2025-06-09,2025-07-09,26年4月8日（1年）,6月租金,嘉定公寓,
,S206,1600,1600.0,,,,,,2025-06-01,2025-07-01,26年1月4日（1年）,6月租金,嘉定公寓,
,S207,1400,1400.0,,,,,,2025-06-12,2025-07-12,26年3月10日（1年）,6月租金,嘉定公寓,
,S208,1800,1800.0,,,,,,2025-06-01,2025-07-01,26年2月28日（1年）,6月租金,嘉定公寓,
,S210,2100,2100.0,,,,,,2025-06-21,2025-07-21,26年2月20日（1年）,6月租金,嘉定公寓,
,S212,2050,2050.0,,,浙F7JK00,,,2025-06-02,2025-07-02,26年3月1日（1年）（包停车）,6月租金,嘉定公寓,
,S213,2050,2050.0,,,,,,2025-06-08,2025-07-08,26年3月7日（1年）,6月租金,嘉定公寓,
,S214,2000,1734.0,,,,,,2025-06-21,2025-07-21,26年6月20日（1年）R315调房,6月租金,嘉定公寓,
,S215,2400,2400.0,,,皖AAJ5502,,,2025-06-13,2025-07-13,26年3月12日（1年包停车）换房,6月租金,嘉定公寓,
,S301,1400,1400.0,,,,,,2025-06-21,2025-09-21,25年12月20日（1年）月初补齐,6月租金,嘉定公寓,
,S302,1600,1600.0,1600.0,1600.0,,,1600.0,2025-06-08,2025-07-08,26年6月7日（1年）,6月租金,嘉定公寓,
,S303,1500,1500.0,,,,,,2025-06-01,2025-07-01,25年11月30日（1年）,6月租金,嘉定公寓,
,S304,1550,1550.0,,,,,,2025-06-08,2025-07-08,26年3月7日（1年）,6月租金,嘉定公寓,
,S305,1500,1500.0,1500.0,,,,1500.0,2025-06-14,2025-07-14,26年6月13日（1年）,6月租金,嘉定公寓,
,S306,1800,1800.0,,,,,,2025-06-20,2025-07-20,续25年7月19日（3个月）没冰箱,6月租金,嘉定公寓,
,S307,1400,1400.0,1400.0,,,,1400.0,2025-06-15,2025-07-15,26年6月14日（1年）,6月租金,嘉定公寓,
,S308,,3500.0,,,,,,2025-06-08,2025-08-08,短租2个月唐总推荐,6月租金,嘉定公寓,
,S309,2100,2100.0,2100.0,,,,2100.0,2025-06-30,2025-07-30,26年6月29日（1年）,6月租金,嘉定公寓,
,S310,2000,2000.0,,,皖M7L937,150.0,,2025-06-03,2025-07-03,26年4月2日（1年）,6月租金,嘉定公寓,
,S311,2050,2050.0,,,沪AC33006,,,2025-06-08,2025-07-08,26年3月7日（1年包停车）,6月租金,嘉定公寓,
,S312,1900,1900.0,,,,,,2025-06-18,2025-07-18,26年4月17日（1年）,6月租金,嘉定公寓,
,S313,1900,5700.0,,,,,,2025-06-22,2025-09-22,26年3月21日（1年）,6月租金,嘉定公寓,
,S314,2000,2000.0,,,,,,2025-06-13,2025-07-13,26年4月12日（1年）,6月租金,嘉定公寓,
,S315,2200,,,,川G7SX21,,,2025-08-01,2026-08-01,25年10月30日（1年）,6月租金,嘉定公寓,
,S401,1500,1500.0,,,苏J9WZ79,150.0,,2025-06-12,2025-07-12,26年3月11日（1年）,6月租金,嘉定公寓,
,S402,1600,1600.0,,,,,,2025-06-28,2025-07-28,25年12月27日（1年）,6月租金,嘉定公寓,
,S403,1500,1500.0,,,苏FQ90D6,150.0,,2025-06-25,2025-07-25,26年4月24日（1年）,6月租金,嘉定公寓,
,S404,1550,1550.0,,,,,,2025-06-08,2025-07-08,25年6月7日（6个月）,6月租金,嘉定公寓,
,S405,1500,1500.0,,,,,875.0,2025-06-11,2025-07-11,26年1月10日（7个月）,6月租金,嘉定公寓,
,S406,1600,1600.0,,,,,,2025-06-15,2025-07-15,26年2月14日（1年）,6月租金,嘉定公寓,
,S407,1400,1400.0,,,苏FDK751,150.0,,2025-06-16,2025-07-16,26年2月14日（1年）,6月租金,嘉定公寓,
,S408,1700,1700.0,,,,,,2025-06-20,2025-07-20,26年3月19日（1年）,6月租金,嘉定公寓,
,S409,2100,2100.0,,,,,,2025-06-01,2025-07-01,26年2月28日（1年）,6月租金,嘉定公寓,
,S410,1800,1800.0,,,,,,2025-06-20,2025-07-20,26年3月19日（1年）,6月租金,嘉定公寓,
,S411,2000,2000.0,,,,,,2025-06-01,2025-07-01,26年5月1日（1年）,6月租金,嘉定公寓,
,S412,2000,2000.0,,,,,,2025-06-10,2025-07-10,26年4月9日（1年）,6月租金,嘉定公寓,
,S413,2000,700.0,,,,,,2025-06-25,2026-06-25,26年3月24日（1年包停车）7月5号退房,6月租金,嘉定公寓,
,S414,2300,2300.0,,,,,,2025-06-12,2025-07-12,25年7月11日（5个月）,6月租金,嘉定公寓,
,S415,2300,2300.0,,,沪AEX9591,,,2025-06-15,2025-07-15,26年3月14日（1年包停车）,6月租金,嘉定公寓,
,R101,1650,1650.0,,,,,,2025-05-20,2025-06-20,25年7月19日（6个月）（调房R404),5月租金,嘉定公寓,R楼
,R102,1600,,,,豫PF389W,,,2025-09-06,2026-09-06,26年3月5日（1年包停车）（R208调房）,5月租金,嘉定公寓,
,R103,1600,,,,,,,2025-01-16,2026-01-15,26年1月15日（1年）（付清）,5月租金,嘉定公寓,
,R104,1600,,,,,,,2025-07-20,2026-07-20,26年1月19日（1年）,5月租金,嘉定公寓,
,R105,1600,1600.0,,,,,,2025-05-15,2025-06-15,25年6月14日（6个月）,5月租金,嘉定公寓,
,R106,1600,1600.0,,,,,,2025-05-12,2025-06-12,26年1月11日（1年）,5月租金,嘉定公寓,
,R107,1700,1700.0,,,,,,2025-05-06,2025-06-06,26年2月5日（1年）,5月租金,嘉定公寓,
,R108,1700,1700.0,,,,,,2025-05-25,2025-06-25,25年11月24日（1年）,5月租金,嘉定公寓,
,R110,1880,1880.0,1880.0,,,,940.0,2025-06-05,2025-07-05,25年12月4日（6个月）,5月租金,嘉定公寓,
,R112,1880,1880.0,1880.0,,,,470.0,2025-05-18,2025-06-18,26年8月17日（3个月）,5月租金,嘉定公寓,
,R113,1800,1800.0,1800.0,,,,1800.0,2025-06-01,2025-07-01,26年5月31日（1年）,5月租金,嘉定公寓,
,R114,1800,1800.0,1800.0,,,,1800.0,2025-05-22,2025-06-22,26年5月21日（1年）,5月租金,嘉定公寓,
,R116,,1880.0,,,,,,2025-05-25,2025-06-25,25年8月24日（3个月）,5月租金,嘉定公寓,
,R119,1880,1880.0,1880.0,,苏U81R07,,1730.0,2025-05-25,2025-06-25,28年5月24日（3年包停车）,5月租金,嘉定公寓,
,R201,1900,1900.0,,,苏EB53201,,,2025-05-01,2025-06-01,25年11月31日（1年)包停车,5月租金,嘉定公寓,
,R202,1600,1600.0,1600.0,,,,1600.0,2025-05-20,2025-06-20,26年5月19日（1年）,5月租金,嘉定公寓,
,R203,1800,1800.0,,,,,,2025-05-02,2025-06-02,26年1月1日（10个月）,5月租金,嘉定公寓,
,R204,1700,,,,,,,2025-05-04,2025-06-04,26年5月3日（1年）R202调房,5月租金,嘉定公寓,
,R206,1600,1700.0,,,,,,2025-05-20,2025-06-20,25年6月20日（6个月）S406调房,5月租金,嘉定公寓,
,R207,2200,2200.0,,,,,,2025-05-24,2025-06-24,26年3月23日（1年）,5月租金,嘉定公寓,
,R208,1620,9720.0,,1620.0,,,1134.0,2025-05-10,2025-11-10,26年5月9日（1年）,5月租金,嘉定公寓,
,R209,2000,2000.0,,,,,,2025-05-08,2025-06-08,25年3月7日（3个月）,5月租金,嘉定公寓,
,R210,1600,1600.0,,,,,,2025-05-20,2025-06-20,26年11月19日（9个月),5月租金,嘉定公寓,
,R211,2000,2000.0,,,,,,2025-05-09,2025-06-09,25年11月8日（1年）,5月租金,嘉定公寓,
,R212,1650,1650.0,,,,,,2025-05-25,2025-06-25,25年8月24日（6个月）,5月租金,嘉定公寓,
,R213,2200,2200.0,,,,,,2025-05-25,2025-06-25,25年1月24日（1年）,5月租金,嘉定公寓,
,R214,1650,1650.0,,,,,,2025-05-18,2025-06-18,26年2月17日（1年）,5月租金,嘉定公寓,
,R215,2300,2300.0,,,,,,2025-05-10,2025-06-10,25年11月9日（1年）,5月租金,嘉定公寓,
,R216,1650,1650.0,,,,,,2025-05-17,2025-06-17,26年2月16日（1年）,5月租金,嘉定公寓,
,R217,2200,2200.0,,,苏U9260B,150.0,,2025-05-25,2025-06-25,25年1月24日（1年）,5月租金,嘉定公寓,
,R218,1700,1700.0,,,,,,2025-05-29,2025-06-29,25年12月28日（1年）,5月租金,嘉定公寓,
,R219,2200,2200.0,,,,,,2025-05-16,2025-06-16,26年3月15日（1年）,5月租金,嘉定公寓,
,R220,1700,1700.0,,,,,,2025-05-10,2025-06-10,26年4月9日（1年）,5月租金,嘉定公寓,
,R301,1700,1700.0,,,沪ABW6067,,,2025-05-10,2025-06-10,26年4月9日（1年包停车）,5月租金,嘉定公寓,
,R302,1800,1800.0,,,,,,2025-05-16,2025-06-16,25年11月15日（1年）,5月租金,嘉定公寓,
,R303,1700,1700.0,,,,,,2025-05-02,2025-06-02,26年3月1日（1年）,5月租金,嘉定公寓,
,R305,1800,1800.0,,,,,,2025-05-26,2025-06-26,26年2月25日（1年）,5月租金,嘉定公寓,
,R306,2000,2000.0,,,,,,2025-05-12,2025-06-12,26年3月11日（1年）,5月租金,嘉定公寓,
,R307,1700,1700.0,,,,,,2025-05-19,2025-06-19,26年3月18日（1年）,5月租金,嘉定公寓,
,R308,2200,2200.0,,,,,,2025-05-02,2025-06-02,26年3月1日（1年）,5月租金,嘉定公寓,
,R309,1700,1700.0,,,,,,2025-05-06,2025-06-06,26年3月5日（1年）,5月租金,嘉定公寓,
,R310,2350,2350.0,,,,,,2025-05-15,2025-06-20,26年2月14日（1年）,5月租金,嘉定公寓,
,R311,1700,1700.0,,,,,,2025-05-26,2025-06-26,26年3月25日（1年）,5月租金,嘉定公寓,
,R312,2200,2200.0,,,,,,2025-05-01,2025-06-01,25年12月31日（1年）,5月租金,嘉定公寓,
,R313,1700,1700.0,,,,,,2025-05-01,2025-06-01,26年9月30日（6个月）,5月租金,嘉定公寓,
,R314,2200,2200.0,,,,,2200.0,2025-06-01,2025-07-01,26年5月31日（1年）,5月租金,嘉定公寓,
,R315,1700,1700.0,,,,,,2025-05-10,2025-06-10,25年12月9日（1年）,5月租金,嘉定公寓,
,R316,2000,2000.0,,,苏E55B9P,150.0,,2025-05-01,2025-06-01,25年12月31日（1年）,5月租金,嘉定公寓,
,R317,1750,1750.0,,,,,,2025-05-02,2025-06-02,26年3月1日（1年）,5月租金,嘉定公寓,
,R318,无押金,,,,,,,2025-05-20,2026-05-20,唐总小舅子,5月租金,嘉定公寓,
,R319,1800,1800.0,1800.0,,,,1800.0,2025-05-16,2025-06-16,26年5月15日（1年）,5月租金,嘉定公寓,
,R401,1400,1400.0,,,浙F51LG1,,,2025-05-02,2025-06-02,26年4月1日（1年包停车）,5月租金,嘉定公寓,
,R402,1500,1500.0,,,,,,2025-05-10,2025-06-10,25年11月9日（1年）,5月租金,嘉定公寓,
,R403,1500,1500.0,,,,,,2025-05-11,2025-06-11,26年2月10日（1年）(没冰箱）,5月租金,嘉定公寓,
,R404,1300,1300.0,,,川Y33L65,150.0,,2025-05-18,2025-06-18,25年8月17日（6个月）,5月租金,嘉定公寓,
,S003,1600,1600.0,,,,,,2025-05-01,2025-06-01,26年2月28日（1年）,5月租金,嘉定公寓,
,S004,1850,,,,,,,2025-05-01,2025-06-01,26年4月30日（1年）,5月租金,嘉定公寓,
,S005,2000,2000.0,,,,,,2025-05-11,2025-06-11,26年2月10日（1年）,5月租金,嘉定公寓,
,S101,2100,2100.0,,,,,,2025-05-01,2025-06-01,25年9月30日（6个月）,5月租金,嘉定公寓,
,S102,2400,2400.0,,,鄂CZ5628,150.0,,2025-05-18,2025-06-18,25年8月17日（6个月）,5月租金,嘉定公寓,
,S103,1900,1900.0,,,豫PN621X,,,2025-05-26,2025-06-26,26年3月25日（1年）,5月租金,嘉定公寓,
,S104,2900,8700.0,,,,,,2025-05-18,2025-08-18,25年9月17日（7个月）（没冰箱）,5月租金,嘉定公寓,
,S105,1850,1850.0,,,,,,2025-05-29,2025-06-29,26年3月28日（1年）,5月租金,嘉定公寓,
,S106,1800,,,,,,,2025-05-01,2025-06-01,26年4月30日（1年）,5月租金,嘉定公寓,
,S107,2000,2000.0,,,,,,2025-05-25,2025-06-25,26年2月24日（1年）,5月租金,嘉定公寓,
,S108,1800,1800.0,,,,,,2025-05-06,2025-06-06,26年3月5日（1年）,5月租金,嘉定公寓,
,S109,1800,1800.0,,,,,,2025-05-08,2025-06-08,2026年3月7日（1年）,5月租金,嘉定公寓,
,S110,2000,2000.0,2000.0,,,,2000.0,2025-05-05,2025-06-05,26年5月4日（1年）,5月租金,嘉定公寓,
,S111,2200,2200.0,,,沪AAU3900,150.0,,2025-06-01,2025-07-01,25年10月30日（1年）,5月租金,嘉定公寓,
,S201,1500,1500.0,,,,,,2025-05-08,2025-06-08,26年3月7日（1年）,5月租金,嘉定公寓,
,S202,1600,1600.0,1600.0,1600.0,沪C8E8B8,150.0,1600.0,2025-06-01,2025-07-01,26年5月30号（1年）,5月租金,嘉定公寓,
,S203,1500,1500.0,,,云A25RU8,150.0,,2025-05-01,2025-06-01,26年2月28日（1年）,5月租金,嘉定公寓,
,S204,1600,1600.0,,,,,,2025-05-18,2025-06-18,25年6月17日（6个月）,5月租金,嘉定公寓,
,S205,1500,1500.0,,,,,,2025-05-09,2025-06-09,26年4月8日（1年）,5月租金,嘉定公寓,
,S206,1600,1600.0,,,,,,2025-05-05,2025-06-01,26年1月4日（1年）,5月租金,嘉定公寓,
,S207,1400,1400.0,,,,,,2025-05-12,2025-06-12,26年3月10日（1年）,5月租金,嘉定公寓,
,S208,1800,1800.0,,,,,,2025-05-01,2025-06-01,26年2月28日（1年）,5月租金,嘉定公寓,
,S210,2100,2100.0,,,,,,2025-05-21,2025-06-21,26年2月20日（1年）,5月租金,嘉定公寓,
,S212,2050,2050.0,,,浙F7JK00,,,2025-05-02,2025-06-02,26年3月1日（1年）（包停车）,5月租金,嘉定公寓,
,S213,2050,2050.0,,,,,,2025-05-08,2025-06-08,26年3月7日（1年）,5月租金,嘉定公寓,
,S214,2000,2000.0,2000.0,,,,2000.0,2025-05-14,2025-06-14,26年4月13日（1年）,5月租金,嘉定公寓,
,S215,2400,2400.0,,,皖AAJ5502,,,2025-05-13,2025-06-13,26年3月12日（1年包停车）换房,5月租金,嘉定公寓,
,S301,1400,,,,,,,2025-06-21,2026-06-21,25年12月20日（1年）,5月租金,嘉定公寓,
,S302,1600,,,1600.0,,,,2025-05-21,2025-06-21,退房,5月租金,嘉定公寓,
,S303,1500,1500.0,,,,,,2025-05-01,2025-06-01,25年11月30日（1年）,5月租金,嘉定公寓,
,S304,1550,1550.0,,,,,,2025-05-08,2025-06-08,26年3月7日（1年）,5月租金,嘉定公寓,
,S306,1800,1800.0,,,,,,2025-05-20,2025-06-20,续25年7月19日（3个月）没冰箱,5月租金,嘉定公寓,
,S307,1400,1400.0,,,冀R78MY1,150.0,,2025-05-13,2025-06-13,25年12月12日（1年）,5月租金,嘉定公寓,
,S308,1700,1800.0,,,鄂EC0560,,,2025-05-10,2025-06-10,25年12月9日（1年）包停车,5月租金,嘉定公寓,
,S309,1900,1900.0,,,,,,2025-05-26,2025-06-26,25年11月25日（1年）,5月租金,嘉定公寓,
,S310,2000,2000.0,,,皖M7L937,150.0,,2025-05-03,2025-06-03,26年4月2日（1年）,5月租金,嘉定公寓,
,S311,2050,2050.0,,,沪AC33006,,,2025-05-08,2025-06-08,26年3月7日（1年包停车）,5月租金,嘉定公寓,
,S312,1900,1900.0,,,,,,2025-05-18,2025-06-18,26年4月17日（1年）,5月租金,嘉定公寓,
,S313,1900,,,,,,,2025-06-22,2026-06-22,26年3月21日（1年）,5月租金,嘉定公寓,
,S314,2000,2000.0,,,,,,2025-05-13,2025-06-13,26年4月12日（1年）,5月租金,嘉定公寓,
,S315,2200,6600.0,,,川G7SX21,450.0,,2025-05-01,2025-08-01,25年10月30日（1年）,5月租金,嘉定公寓,
,S401,1500,1500.0,,,苏J9WZ79,150.0,,2025-05-12,2025-06-12,26年3月11日（1年）,5月租金,嘉定公寓,
,S402,1600,1600.0,,,,,,2025-05-28,2025-06-28,25年12月27日（1年）,5月租金,嘉定公寓,
,S403,1500,1500.0,,,苏FQ90D6,150.0,,2025-05-25,2025-06-25,26年4月24日（1年）,5月租金,嘉定公寓,
,S404,1550,1550.0,,,,,,2025-05-08,2025-06-08,25年6月7日（6个月）,5月租金,嘉定公寓,
,S406,1600,1600.0,,,,,,2025-05-15,2025-06-15,26年2月14日（1年）,5月租金,嘉定公寓,
,S407,1400,1400.0,,,苏FDK751,150.0,,2025-05-15,2025-06-16,26年2月14日（1年）,5月租金,嘉定公寓,
,S408,1700,1700.0,,,,,,2025-05-20,2025-06-20,26年3月19日（1年）,5月租金,嘉定公寓,
,S409,2100,2100.0,,,,,,2025-05-01,2025-06-01,26年2月28日（1年）,5月租金,嘉定公寓,
,S410,1800,1800.0,,,,,,2025-05-20,2025-06-20,26年3月19日（1年）,5月租金,嘉定公寓,
,S411,2000,2000.0,2000.0,,,,2000.0,2025-05-02,2025-06-02,26年5月1日（1年）,5月租金,嘉定公寓,
,S412,2000,2000.0,,,,,,2025-05-10,2025-06-10,26年4月9日（1年）,5月租金,嘉定公寓,
,S413,2000,2000.0,,,,,,2025-05-25,2025-06-25,26年3月24日（1年包停车）,5月租金,嘉定公寓,
,S414,2300,2300.0,,,,,,2025-05-12,2025-06-12,25年7月11日（5个月）（R207调房）,5月租金,嘉定公寓,
,S415,2300,2300.0,,,沪AEX9591,,,2025-05-15,2025-06-15,26年3月14日（1年包停车）,5月租金,嘉定公寓,
,R101,1650,1650.0,,,,,,2025-04-20,2025-05-20,25年7月19日（6个月）（调房R404),4月租金,嘉定公寓,R楼
,R102,1700,1700.0,,,,,,2025-04-15,2025-05-15,26年2月14日（1年）,4月租金,嘉定公寓,
,R103,1600,,,,,,,2025-01-16,2026-01-15,26年1月15日（1年）（付清）,4月租金,嘉定公寓,
,R104,1600,4800.0,,,,,,2025-04-20,2025-07-20,26年1月19日（1年）,4月租金,嘉定公寓,
,R105,1600,1600.0,,,,,,2025-04-15,2025-05-15,25年6月14日（6个月）,4月租金,嘉定公寓,
,R106,1600,1600.0,,,,,,2025-04-12,2025-05-12,26年1月11日（1年）,4月租金,嘉定公寓,
,R107,1700,1700.0,,,,,,2025-04-06,2025-05-06,26年2月5日（1年）,4月租金,嘉定公寓,
,R108,1700,1700.0,,,,,,2025-04-25,2025-05-25,25年11月24日（1年）,4月租金,嘉定公寓,
,R201,1900,1900.0,,,苏EB53201,,,2025-04-01,2025-05-01,25年11月31日（1年)包停车,4月租金,嘉定公寓,
,R202,1600,1600.0,1600.0,800.0,,,1120.0,2025-05-04,2025-06-04,26年5月3日（1年）,4月租金,嘉定公寓,
,R203,1800,1800.0,,,,,,2025-04-02,2025-05-02,26年1月1日（10个月）,4月租金,嘉定公寓,
,R206,1600,1700.0,,,,,,2025-04-20,2025-05-20,25年6月20日（6个月）S406调房,4月租金,嘉定公寓,
,R207,2200,2200.0,,,,,,2025-04-24,2025-05-24,26年3月23日（1年）,4月租金,嘉定公寓,
,R208,1600,,,,豫PF389W,,,2025-03-06,2025-09-06,26年3月5日（1年包停车）,4月租金,嘉定公寓,
,R209,2000,2000.0,,,,,,2025-04-08,2025-05-08,25年3月7日（3个月）,4月租金,嘉定公寓,
,R210,1600,1600.0,,,,,,2025-04-20,2025-05-20,26年11月19日（9个月),4月租金,嘉定公寓,
,R211,2000,2000.0,,,,,,2025-04-09,2025-05-09,25年11月8日（1年）,4月租金,嘉定公寓,
,R212,1650,1650.0,,,,,,2025-04-25,2025-05-25,25年8月24日（6个月）,4月租金,嘉定公寓,
,R213,2200,2200.0,,,,,,2025-04-25,2025-05-25,25年1月24日（1年）,4月租金,嘉定公寓,
,R214,1650,1650.0,,,,,,2025-04-18,2025-05-18,26年2月17日（1年）,4月租金,嘉定公寓,
,R215,2300,2300.0,,,,,,2025-04-10,2025-05-10,25年11月9日（1年）,4月租金,嘉定公寓,
,R216,1650,1650.0,,,,,,2025-04-17,2025-05-17,26年2月16日（1年）,4月租金,嘉定公寓,
,R217,2200,2200.0,,,苏U9260B,150.0,,2025-04-25,2025-05-25,25年1月24日（1年）,4月租金,嘉定公寓,
,R218,1700,1700.0,,,,,,2025-04-29,2025-05-29,25年12月28日（1年）,4月租金,嘉定公寓,
,R219,2200,2200.0,,,,,,2025-04-16,2025-05-16,26年3月15日（1年）,4月租金,嘉定公寓,
,R220,1700,1700.0,1700.0,1700.0,,,850.0,2025-04-10,2025-05-10,26年4月9日（1年）前客户转租退房,4月租金,嘉定公寓,
,R301,1700,1700.0,1700.0,,沪ABW6067,,1600.0,2025-04-10,2025-05-10,26年4月9日（1年包停车）,4月租金,嘉定公寓,
,R302,1800,1800.0,,,,,,2025-04-16,2025-05-16,25年11月15日（1年）,4月租金,嘉定公寓,
,R303,1700,1700.0,,,,,,2025-04-02,2025-05-02,26年3月1日（1年）,4月租金,嘉定公寓,
,R305,1800,1800.0,,,,,,2025-04-26,2025-05-26,26年2月25日（1年）,4月租金,嘉定公寓,
,R306,2000,2000.0,,,,,,2025-04-12,2025-05-12,26年3月11日（1年）,4月租金,嘉定公寓,
,R307,1700,1700.0,,,,,,2025-04-19,2025-05-19,26年3月18日（1年）,4月租金,嘉定公寓,
,R308,2200,2200.0,,,,,,2025-04-02,2025-05-02,26年3月1日（1年）,4月租金,嘉定公寓,
,R309,1700,1700.0,,,,,,2025-04-06,2025-05-06,26年3月5日（1年）,4月租金,嘉定公寓,
,R310,2350,2350.0,,,,,,2025-04-15,2025-05-15,26年2月14日（1年）,4月租金,嘉定公寓,
,R311,1700,1700.0,,,,,,2025-04-26,2025-05-26,26年3月25日（1年）,4月租金,嘉定公寓,
,R312,2200,2200.0,,,,,,2025-04-01,2025-05-01,25年12月31日（1年）,4月租金,嘉定公寓,
,R313,1700,1700.0,1700.0,1500.0,,,600.0,2025-04-01,2025-05-01,26年9月30日（6个月）前退房,4月租金,嘉定公寓,
,R314,2200,2200.0,,,,,,2025-04-20,2025-05-20,26年1月19日（1年）（没冰箱桌子）,4月租金,嘉定公寓,
,R315,1700,1700.0,,,,,,2025-04-10,2025-05-10,25年12月9日（1年）,4月租金,嘉定公寓,
,R316,2000,2000.0,,,,,,2025-04-01,2025-05-01,25年12月31日（1年）,4月租金,嘉定公寓,
,R317,1750,1750.0,,,,,,2025-04-02,2025-05-02,26年3月1日（1年）,4月租金,嘉定公寓,
,R318,无押金,1500.0,,,,,,2025-04-20,2025-05-20,唐总小舅子,4月租金,嘉定公寓,
,R319,1700,1700.0,,,,,,2025-04-18,2025-05-18,25年11月17日（1年）,4月租金,嘉定公寓,
,R401,1400,1400.0,1400.0,736.0,浙F51LG1,,1250.0,2025-04-02,2025-05-02,26年4月1日（1年包停车）,4月租金,嘉定公寓,
,R402,1500,1500.0,,,,,,2025-04-10,2025-05-10,25年11月9日（1年）,4月租金,嘉定公寓,
,R403,1500,1500.0,,,,,,2025-04-11,2025-05-11,26年2月10日（1年）(没冰箱）,4月租金,嘉定公寓,
,R404,1300,1300.0,,,川Y33L65,150.0,,2025-04-18,2026-04-18,25年8月17日（6个月）,4月租金,嘉定公寓,
,S003,1600,1600.0,,,,,,2025-04-01,2025-05-01,26年2月28日（1年）,4月租金,嘉定公寓,
,S004,1850,1850.0,1850.0,,,,1300.0,2025-05-01,2025-06-01,26年4月30日（1年）,4月租金,嘉定公寓,
,S005,2000,2000.0,,,,,,2025-04-11,2025-05-11,26年2月10日（1年）,4月租金,嘉定公寓,
,S101,2100,,,,,,,2025-04-01,2025-05-01,25年9月30日（6个月）,4月租金,嘉定公寓,
,S102,2400,2400.0,,,鄂CZ5628,150.0,,2025-04-18,2025-05-18,25年8月17日（6个月）,4月租金,嘉定公寓,
,S103,1900,1900.0,,,豫PN621X,150.0,,2025-04-26,2025-05-26,26年3月25日（1年）,4月租金,嘉定公寓,
,S104,2900,,,,,,,2025-05-18,2026-05-18,25年9月17日（7个月）（没冰箱）,4月租金,嘉定公寓,
,S105,1850,1850.0,,,,,,2025-04-29,2025-05-29,26年3月28日（1年）,4月租金,嘉定公寓,
,S106,1800,1800.0,1800.0,,,,,2025-05-01,2025-06-01,26年4月30日（1年）,4月租金,嘉定公寓,
,S107,2000,2000.0,,,,,,2025-04-25,2025-05-25,26年2月24日（1年）,4月租金,嘉定公寓,
,S108,1800,1800.0,,,皖K71124,150.0,,2025-04-06,2025-05-06,26年3月5日（1年）,4月租金,嘉定公寓,
,S109,1800,1800.0,,,,,,2025-04-08,2025-05-08,2026年3月7日（1年）,4月租金,嘉定公寓,
,S111,2200,2200.0,,,沪AAU3900,150.0,,2025-05-01,2025-06-01,25年10月30日（1年）,4月租金,嘉定公寓,
,S201,1500,1500.0,,,,,,2025-04-08,2025-05-08,26年3月7日（1年）,4月租金,嘉定公寓,
,S202,1600,1600.0,,,鲁Q21V1X,150.0,,2025-04-22,2025-05-22,25年5月21日（6个月）S202调房,4月租金,嘉定公寓,
,S203,1500,1500.0,,,,,,2025-04-01,2025-05-01,26年2月28日（1年）,4月租金,嘉定公寓,
,S204,1600,1600.0,,,,,,2025-04-18,2025-05-18,25年6月17日（6个月）,4月租金,嘉定公寓,
,S205,1500,1500.0,1500.0,,,,1500.0,2025-04-09,2025-05-09,26年4月8日（1年）,4月租金,嘉定公寓,
,S206,1600,1600.0,,,,,,2025-04-05,2025-05-05,26年1月4日（1年）,4月租金,嘉定公寓,
,S207,1400,1400.0,,,,,,2025-04-12,2025-05-12,26年3月10日（1年）,4月租金,嘉定公寓,
,S208,1800,1800.0,,,,,,2025-04-01,2025-05-01,26年4月11日（1年）,4月租金,嘉定公寓,
,S210,2100,2100.0,,,,,,2025-04-21,2025-05-21,26年2月20日（1年）,4月租金,嘉定公寓,
,S212,2050,2050.0,,,浙F7JK00,,,2025-04-02,2025-05-02,26年3月1日（1年）（包停车）,4月租金,嘉定公寓,
,S213,2050,2050.0,,,,,,2025-04-08,2025-05-08,26年3月7日（1年）,4月租金,嘉定公寓,
,S214,1900,1900.0,,,,,,2025-04-12,2025-05-12,26年3月11日（1年）,4月租金,嘉定公寓,
,S215,2400,2400.0,,,皖AAJ5502,,,2025-04-13,2025-05-13,26年3月12日（1年包停车）换房,4月租金,嘉定公寓,
,S301,1400,2800.0,,,,,,2025-04-21,2025-06-21,25年12月20日（1年）,4月租金,嘉定公寓,
,S302,1600,1600.0,,,吉J0N55H,150.0,,2025-04-21,2025-05-21,25年5月20日（3个月）,4月租金,嘉定公寓,
,S303,1500,1500.0,,,,,,2025-04-01,2025-05-01,25年11月30日（1年）,4月租金,嘉定公寓,
,S304,1550,1550.0,,1600.0,,,,2025-04-08,2025-05-08,26年3月7日（1年）,4月租金,嘉定公寓,
,S305,1500,1500.0,,,,,,2025-04-20,2025-05-20,26年2月19日（1年）,4月租金,嘉定公寓,
,S306,1800,1800.0,,,,,,2025-04-20,2025-05-20,续25年7月19日（3个月）没冰箱,4月租金,嘉定公寓,
,S307,1400,1400.0,,,冀R78MY1,150.0,,2025-04-13,2025-05-13,25年12月12日（1年）,4月租金,嘉定公寓,
,S308,1700,1800.0,,,鄂EC0560,,,2025-04-10,2025-05-10,25年12月9日（1年）包停车,4月租金,嘉定公寓,
,S309,1900,1900.0,,,,,,2025-04-26,2025-05-26,25年11月25日（1年）,4月租金,嘉定公寓,
,S310,2000,2000.0,2000.0,,皖M7L937,150.0,1490.0,2025-04-03,2025-05-03,26年4月2日（1年）,4月租金,嘉定公寓,
,S311,2050,2050.0,,,,,,2025-04-08,2025-05-08,26年3月7日（1年）,4月租金,嘉定公寓,
,S312,1900,1900.0,1900.0,,,,1300.0,2025-04-18,2025-05-18,26年4月17日（1年）,4月租金,嘉定公寓,
,S313,1900,,,,,,,2025-06-22,2026-06-22,26年3月21日（1年）,4月租金,嘉定公寓,
,S314,2000,2000.0,2000.0,,,,2000.0,2025-04-13,2025-05-13,26年4月12日（1年）,4月租金,嘉定公寓,
,S315,2200,,,,川G7SX21,150.0,,2025-05-01,2026-05-01,25年10月30日（1年）,4月租金,嘉定公寓,
,S401,1500,1500.0,,,苏J9WZ79,150.0,,2025-04-12,2025-05-12,26年3月11日（1年）,4月租金,嘉定公寓,
,S402,1600,1600.0,,,,,,2025-04-28,2025-05-28,25年12月27日（1年）,4月租金,嘉定公寓,
,S403,3000,2000.0,3000.0,,,,1550.0,2025-04-25,2025-05-25,26年4月24日（1年）前客户不来了,4月租金,嘉定公寓,
,S404,1550,1550.0,,,,,,2025-04-08,2025-05-08,25年6月7日（6个月）,4月租金,嘉定公寓,
,S405,2900,1500.0,1500.0,1400.0,,,1100.0,2025-04-03,2025-05-03,26年4月2日（1年）前客户退房,4月租金,嘉定公寓,
,S406,1600,1600.0,,,,,,2025-04-15,2025-05-15,26年2月14日（1年）,4月租金,嘉定公寓,
,S407,1400,1400.0,,,苏FDK751,150.0,,2025-04-15,2025-05-15,26年2月14日（1年）,4月租金,嘉定公寓,
,S408,1700,1700.0,,,,,,2025-04-20,2025-05-20,26年3月19日（1年）,4月租金,嘉定公寓,
,S409,2100,2100.0,,,,,,2025-04-01,2025-05-01,26年2月28日（1年）,4月租金,嘉定公寓,
,S410,1800,1800.0,,,,,,2025-04-20,2025-05-20,26年3月19日（1年）,4月租金,嘉定公寓,
,S412,2000,2000.0,2000.0,,,,1400.0,2025-04-10,2025-05-10,26年4月9日（1年）,4月租金,嘉定公寓,
,S413,2000,2000.0,,,,,,2025-04-25,2025-05-25,26年3月24日（1年包停车）,4月租金,嘉定公寓,
,S414,2300,2300.0,,,,,,2025-04-12,2025-05-12,25年7月11日（5个月）（R207调房）,4月租金,嘉定公寓,
,S415,2300,2300.0,,,沪AEX9591,,,2025-04-15,2025-05-15,26年3月14日（1年包停车）,4月租金,嘉定公寓,
,R101,1650,1650.0,,,,,,2025-03-20,2025-04-20,25年7月19日（6个月）（调房R404),3月租金,嘉定公寓,R楼
,R102,1700,1700.0,,,,,,2025-03-15,2025-04-15,26年2月14日（1年）,3月租金,嘉定公寓,
,R103,1600,,,,,,,2025-01-16,2026-01-15,26年1月15日（1年）（付清）,3月租金,嘉定公寓,
,R104,1600,,,,,,,2025-04-20,2026-04-20,26年1月19日（1年）,3月租金,嘉定公寓,
,R105,1600,1600.0,,,,,,2025-03-15,2025-04-15,25年6月14日（6个月）,3月租金,嘉定公寓,
,R106,1600,1600.0,,,,,,2025-03-12,2025-04-12,26年1月11日（1年）,3月租金,嘉定公寓,
,R107,1700,1700.0,,,,,,2025-03-06,2025-04-06,26年2月5日（1年）,3月租金,嘉定公寓,
,R108,1700,1700.0,,,,,,2025-03-25,2025-04-25,25年11月24日（1年）,3月租金,嘉定公寓,
,R109,1500,1500.0,1500.0,,,,1500.0,2025-03-17,2025-04-17,26年3月16日（1年）,3月租金,嘉定公寓,
,R201,1900,1900.0,,,苏EB53201,,,2025-03-01,2025-04-01,25年11月31日（1年)包停车,3月租金,嘉定公寓,
,R202,1600,1600.0,,,,,,2025-03-20,2025-04-20,25年8月19日（6个月）,3月租金,嘉定公寓,
,R203,1800,1800.0,1800.0,,,,1100.0,2025-03-02,2025-04-02,26年1月1日（10个月）,3月租金,嘉定公寓,
,R204,1600,1600.0,,,,,,2025-03-20,2025-04-20,25年8月19日（6个月）,3月租金,嘉定公寓,
,R206,1600,1700.0,,,,,,2025-03-20,2025-04-20,25年6月20日（6个月）S406调房,3月租金,嘉定公寓,
,R207,2200,2200.0,2200.0,,,,2200.0,2025-03-24,2025-04-24,26年3月23日（1年）,3月租金,嘉定公寓,
,R208,1600,9600.0,1800.0,1600.0,豫PF389W,,800.0,2025-03-23,2026-03-23,26年3月5日（1年包停车）,3月租金,嘉定公寓,
,R209,2000,2000.0,,,,,,2025-03-08,2025-04-08,25年3月7日（3个月）,3月租金,嘉定公寓,
,R210,1600,1600.0,,,,,,2025-03-20,2025-04-20,26年11月19日（9个月),3月租金,嘉定公寓,
,R211,2000,2000.0,,,,,,2025-03-09,2025-04-09,25年11月8日（1年）,3月租金,嘉定公寓,
,R212,1650,1650.0,,,,,,2025-03-25,2025-04-25,25年8月24日（6个月）,3月租金,嘉定公寓,
,R213,2200,2200.0,,,,,,2025-03-25,2025-04-25,25年1月24日（1年）,3月租金,嘉定公寓,
,R214,1650,1650.0,,,,,,2025-03-18,2025-04-18,26年2月17日（1年）,3月租金,嘉定公寓,
,R215,2300,2300.0,,,,,,2025-03-10,2025-04-10,25年11月9日（1年）,3月租金,嘉定公寓,
,R216,1650,1650.0,,,,,,2025-03-17,2025-04-17,26年2月16日（1年）,3月租金,嘉定公寓,
,R217,2200,4400.0,,,苏U9260B,150.0,,2025-02-25,2025-04-25,25年1月24日（1年）,3月租金,嘉定公寓,
,R218,1700,1700.0,,,,,,2025-03-29,2025-04-29,25年12月28日（1年）,3月租金,嘉定公寓,
,R219,2200,2200.0,2200.0,,,,2200.0,2025-03-16,2025-04-16,26年3月15日（1年）,3月租金,嘉定公寓,
,R220,1700,1700.0,,,,,,2025-03-26,2025-04-26,25年10月25日（1年）,3月租金,嘉定公寓,
,R302,1800,1800.0,,,,,,2025-03-26,2025-04-16,25年11月15日（1年）,3月租金,嘉定公寓,
,R303,1700,1700.0,1700.0,,,,1190.0,2025-03-02,2025-04-02,26年3月1日（1年）,3月租金,嘉定公寓,
,R305,1800,1800.0,,,,,,2025-03-26,2025-04-26,26年2月25日（1年）,3月租金,嘉定公寓,
,R306,2000,2000.0,2000.0,,,,1400.0,2025-03-12,2025-04-12,26年3月11日（1年）,3月租金,嘉定公寓,
,R307,3400,1700.0,1700.0,,,,1190.0,2025-03-19,2025-04-19,短租两个月25年4月25（26年3月18日（1年）排队,3月租金,嘉定公寓,
,R308,2200,2200.0,2200.0,,,,2200.0,2025-03-02,2025-04-02,26年3月1日（1年）,3月租金,嘉定公寓,
,R309,1700,1700.0,1700.0,,,,1190.0,2025-03-06,2025-04-06,26年3月5日（1年）,3月租金,嘉定公寓,
,R310,2350,2350.0,,,,,,2025-03-15,2025-04-15,26年2月14日（1年）,3月租金,嘉定公寓,
,R311,1700,1700.0,,,,,,2025-03-26,2025-04-26,26年3月25日（1年）,3月租金,嘉定公寓,
,R312,2200,2200.0,,,,,,2025-03-01,2025-04-01,25年12月31日（1年）,3月租金,嘉定公寓,
,R313,1800,,,,,,,2025-03-25,2026-03-25,短租1个月多住几天,3月租金,嘉定公寓,
,R314,2200,2200.0,,,,,,2025-03-20,2025-04-20,26年1月19日（1年）（没冰箱桌子）,3月租金,嘉定公寓,
,R315,1700,1700.0,,,,,,2025-03-10,2025-04-10,25年12月9日（1年）,3月租金,嘉定公寓,
,R316,2000,2000.0,,,,,,2025-03-01,2025-04-01,25年12月31日（1年）,3月租金,嘉定公寓,
,R317,1750,1750.0,1750.0,,,,1225.0,2025-03-02,2025-04-02,26年3月1日（1年）,3月租金,嘉定公寓,
,R318,无押金,3000.0,,,,,,2025-02-20,2025-04-20,唐总小舅子,3月租金,嘉定公寓,
,R319,1700,1700.0,,,,,,2025-03-18,2025-04-18,25年11月17日（1年）,3月租金,嘉定公寓,
,R401,1300,1300.0,,,,,,2025-03-20,2025-04-20,26年2月19日（1年）,3月租金,嘉定公寓,
,R402,1500,1500.0,,,,,,2025-03-10,2025-04-10,25年11月9日（1年）,3月租金,嘉定公寓,
,R403,1500,1500.0,,,沪DYM260,150.0,,2025-03-11,2025-04-11,26年2月10日（1年）(没冰箱）,3月租金,嘉定公寓,
,R404,1300,1300.0,,,川Y33L65,150.0,,2025-03-18,2025-04-18,25年8月17日（6个月）,3月租金,嘉定公寓,
,S003,1600,,,,,,,2025-03-01,2025-04-01,26年2月28日（1年）,3月租金,嘉定公寓,
,S004,2000,2000.0,,,,,,2025-03-11,2025-04-11,26年2月10日（1年）,3月租金,嘉定公寓,
,S005,2000,2000.0,,,,,,2025-03-11,2025-04-11,26年2月10日（1年）,3月租金,嘉定公寓,
,S101,2100,2100.0,2100.0,,,,735.0,2025-04-01,2025-05-01,25年9月30日（6个月）,3月租金,嘉定公寓,
,S102,2400,2400.0,,,鄂CZ5628,150.0,,2025-03-18,2025-04-18,25年8月17日（6个月）,3月租金,嘉定公寓,
,S103,1900,4100.0,1900.0,2200.0,,,1000.0,2025-03-26,2025-04-26,26年3月25日（1年）警察认识退押金,3月租金,嘉定公寓,
,S104,2900,,,,,,,2025-02-18,2025-05-18,25年9月17日（7个月）（没冰箱）,3月租金,嘉定公寓,
,S105,1850,1850.0,1850.0,2400.0,,,,2025-03-29,2025-04-29,26年3月28日（1年）,3月租金,嘉定公寓,
,S107,2000,2000.0,,,,,,2025-03-25,2025-04-25,26年2月24日（1年）,3月租金,嘉定公寓,
,S108,1800,1800.0,1800.0,,皖K71124,150.0,900.0,2025-03-06,2025-04-06,26年3月5日（1年）,3月租金,嘉定公寓,
,S109,1800,1800.0,1800.0,,沪AEE7380,150.0,900.0,2025-03-08,2025-04-08,2026年3月7日（1年）,3月租金,嘉定公寓,
,S110,2000,2000.0,2000.0,,,,,2025-03-12,2025-04-12,短租1个月,3月租金,嘉定公寓,
,S111,2200,2050.0,,,沪AAU3900,150.0,,2025-04-01,2025-05-01,25年10月30日（1年）（去除150停车费后面又开货拉拉）,3月租金,嘉定公寓,
,S201,1500,1500.0,1500.0,,,,1500.0,2025-03-08,2025-04-08,26年3月7日（1年）,3月租金,嘉定公寓,
,S202,1600,1600.0,,,鲁Q21V1X,150.0,,2025-03-22,2026-03-22,25年5月21日（6个月）S202调房,3月租金,嘉定公寓,
,S203,1500,,,,,,,2025-03-01,2025-04-01,26年2月28日（1年）,3月租金,嘉定公寓,
,S204,1600,1600.0,,,,,,2025-03-18,2025-04-18,25年6月17日（6个月）,3月租金,嘉定公寓,
,S205,1400,1400.0,1400.0,,,,1400.0,2025-03-05,2025-04-05,26年2月11日（1年）,3月租金,嘉定公寓,
,S206,1600,1600.0,,,,,,2025-03-05,2025-04-05,26年1月4日（1年）,3月租金,嘉定公寓,
,S207,1350,1350.0,1350.0,,,,810.0,2025-03-11,2025-04-11,26年3月10日（1年）,3月租金,嘉定公寓,
,S208,1800,,,,,,,2025-03-01,2025-04-01,26年2月28日（1年）,3月租金,嘉定公寓,
,S210,2100,2100.0,,,,,,2025-03-21,2025-04-21,26年2月20日（1年）,3月租金,嘉定公寓,
,S212,2050,,,,浙F7JK00,,,2025-03-02,2025-04-02,26年3月1日（1年）（包停车）,3月租金,嘉定公寓,
,S213,2050,2050.0,2050.0,,,,1435.0,2025-03-08,2025-04-08,26年3月7日（1年）,3月租金,嘉定公寓,
,S214,1900,1900.0,1900.0,,,,980.0,2025-03-12,2025-04-12,26年3月11日（1年）,3月租金,嘉定公寓,
,S215,2400,2400.0,2400.0,,皖AAJ5502,,2050.0,2025-03-13,2025-04-13,26年3月12日（1年包停车）换房,3月租金,嘉定公寓,
,S301,1400,1400.0,,,,,,2025-03-21,2026-03-21,25年12月20日（1年）（欠2800下月）,3月租金,嘉定公寓,
,S302,1600,1600.0,,,吉J0N55H,150.0,,2025-03-21,2025-04-21,25年5月20日（3个月）,3月租金,嘉定公寓,
,S303,1500,1500.0,,,,,,2025-03-01,2026-03-01,25年11月30日（1年）,3月租金,嘉定公寓,
,S304,3150,1550.0,1550.0,,,,1085.0,2025-03-08,2025-04-08,26年3月7日（1年）排队住安排大房间先住（前住户到期退房）,3月租金,嘉定公寓,
,S305,1500,1500.0,,,,,,2025-03-20,2025-04-20,26年2月19日（1年）,3月租金,嘉定公寓,
,S306,1800,1800.0,,,,,,2025-03-20,2025-04-20,25年4月19日（3个月）没冰箱,3月租金,嘉定公寓,
,S307,1400,1400.0,,,冀R78MY1,150.0,,2025-03-13,2025-04-13,25年12月12日（1年）,3月租金,嘉定公寓,
,S308,1700,1800.0,,,鄂EC0560,,,2025-03-10,2026-03-10,25年12月9日（1年）包停车,3月租金,嘉定公寓,
,S309,1900,1900.0,,,,,,2025-03-26,2025-04-26,25年11月25日（1年）,3月租金,嘉定公寓,
,S311,2050,2050.0,2050.0,,,,1435.0,2025-03-08,2025-04-08,26年3月7日（1年）,3月租金,嘉定公寓,
,S313,1900,5700.0,1900.0,,,,1330.0,2025-03-22,2025-06-22,26年3月21日（1年）,3月租金,嘉定公寓,
,S315,2200,,,,川G7SX21,150.0,,2025-05-01,2026-05-01,25年10月30日（1年）,3月租金,嘉定公寓,
,S401,1500,1500.0,1500.0,1400.0,苏J9WZ79,150.0,1500.0,2025-03-12,2025-04-12,26年3月11日（1年）,3月租金,嘉定公寓,
,S402,1600,1600.0,,,,,,2025-03-28,2025-04-28,25年12月27日（1年）,3月租金,嘉定公寓,
,S403,1500,1500.0,,,,,,2025-03-17,2025-04-17,26年1月16日（11个月）薅羊毛的没押金,3月租金,嘉定公寓,
,S404,1550,1550.0,,,,,,2025-03-08,2025-04-08,25年6月7日（6个月）,3月租金,嘉定公寓,
,S405,1400,1400.0,,,,,,2025-03-15,2025-04-15,25年4月14日（4个月）没冰箱,3月租金,嘉定公寓,
,S406,1600,1600.0,,,,,,2025-03-15,2025-04-15,26年2月14日（1年）,3月租金,嘉定公寓,
,S407,1400,1400.0,,,苏FDK751,150.0,,2025-03-15,2026-03-15,26年2月14日（1年）,3月租金,嘉定公寓,
,S408,1700,1700.0,1700.0,1700.0,,,1190.0,2025-03-20,2025-04-20,26年3月19日（1年）（持刀行凶退房）,3月租金,嘉定公寓,
,S409,2100,,,,,,,2025-03-01,2025-04-01,26年2月28日（1年）,3月租金,嘉定公寓,
,S410,1800,1800.0,1800.0,,,,,2025-03-20,2025-04-20,26年3月19日（1年）,3月租金,嘉定公寓,
,S413,2000,2000.0,2000.0,,,,1400.0,2025-03-25,2025-04-25,26年3月24日（1年包停车）,3月租金,嘉定公寓,
,S414,2300,2300.0,,,,,,2025-03-12,2025-04-12,25年7月11日（5个月）（R207调房）,3月租金,嘉定公寓,
,S415,2300,2300.0,2300.0,,沪AEX9591,,1505.0,2025-03-15,2025-04-15,26年3月14日（1年包停车）,3月租金,嘉定公寓,
,R101,1650,3450.0,,,,,,2025-02-20,2025-03-20,25年7月19日（6个月）（调房R404),2月租金,嘉定公寓,R楼
,R102,1700,1700.0,1700.0,,,,1700.0,2025-02-15,2025-03-15,签到26年2月14日（1年）,2月租金,嘉定公寓,
,R103,1600,,,,,,,2025-01-16,2026-01-15,26年1月15日（1年）（付清）,2月租金,嘉定公寓,
,R104,1600,,,,,,,2025-04-20,2026-04-20,26年1月19日（1年）,2月租金,嘉定公寓,
,R105,1600,1600.0,,,,,,2025-02-15,2025-03-15,25年6月14日（6个月）,2月租金,嘉定公寓,
,R106,1600,1600.0,,,,,,2025-02-12,2025-03-12,26年1月11日（1年）,2月租金,嘉定公寓,
,R107,1700,1700.0,1700.0,,,,1190.0,2025-02-06,2025-03-06,新签到26年2月5日（1年）,2月租金,嘉定公寓,
,R108,1700,1700.0,,,,,,2025-02-25,2025-03-25,25年11月24日（1年）,2月租金,嘉定公寓,
,R201,1900,1900.0,,,苏EB53201,,,2025-02-01,2025-03-01,25年11月31日（1年)包停车,2月租金,嘉定公寓,
,R202,1600,1600.0,1600.0,,,,800.0,2025-02-20,2025-03-20,签到25年8月19日（6个月）,2月租金,嘉定公寓,
,R204,1600,1600.0,1600.0,,,,560.0,2025-02-20,2025-03-20,签到25年8月19日（6个月）,2月租金,嘉定公寓,
,R206,1600,1700.0,,,,,,2025-02-20,2025-03-20,25年6月20日（6个月）S406调房,2月租金,嘉定公寓,
,R207,2300,2300.0,2300.0,,,,960.0,2025-02-12,2025-03-12,签到25年7月11日（5个月）,2月租金,嘉定公寓,
,R208,1800,1800.0,1800.0,,,,,2025-02-23,2025-03-23,1个月,2月租金,嘉定公寓,
,R209,2000,2000.0,,,,,,2025-02-08,2025-03-08,25年3月7日（3个月）,2月租金,嘉定公寓,
,R210,1600,1600.0,1600.0,,,,840.0,2025-02-20,2025-03-20,签到26年11月19日（9个月),2月租金,嘉定公寓,
,R211,2000,2000.0,,,,,,2025-02-09,2025-03-09,25年11月8日（1年）,2月租金,嘉定公寓,
,R212,1650,1650.0,1650.0,,,,578.0,2025-02-25,2025-03-25,签到25年8月24日（6个月）,2月租金,嘉定公寓,
,R213,2200,2200.0,,,,,,2025-02-25,2025-03-25,25年1月24日（1年）,2月租金,嘉定公寓,
,R214,1650,1650.0,1650.0,,,,1155.0,2025-02-18,2025-03-18,签到26年2月17日（1年）,2月租金,嘉定公寓,
,R215,2300,2300.0,,,,,,2025-02-10,2025-03-10,25年11月9日（1年）,2月租金,嘉定公寓,
,R216,1650,1650.0,1650.0,,浙FFM1535,150.0,1650.0,2025-02-17,2025-03-17,签到26年2月16日（1年）,2月租金,嘉定公寓,
,R217,2200,,,,,,,2025-02-25,2026-02-25,（租金未付）25年1月24日（1年）,2月租金,嘉定公寓,
,R218,1700,1700.0,,,,,,2025-02-28,2025-03-29,25年12月28日（1年）,2月租金,嘉定公寓,
,R219,2000,2000.0,,,,,,2025-02-01,2025-03-01,25年10月30日（1年）,2月租金,嘉定公寓,
,R220,1700,1700.0,,,豫R6XW79,150.0,,2025-02-26,2025-03-26,25年10月25日（1年）,2月租金,嘉定公寓,
,R301,1600,1600.0,1600.0,,渝A7MK52,150.0,1120.0,2025-02-26,2025-03-26,签到26年2月25日（1年）,2月租金,嘉定公寓,
,R302,1800,1800.0,,,,,,2025-02-16,2025-03-16,25年11月15日（1年）,2月租金,嘉定公寓,
,R305,1800,1800.0,1800.0,,,,1800.0,2025-02-26,2025-03-26,签到26年2月25日（1年）,2月租金,嘉定公寓,
,R307,1700,1700.0,1700.0,,,,,2025-02-25,2025-03-25,短租两个月25年4月25,2月租金,嘉定公寓,
,R310,2350,2350.0,2350.0,,,,1660.0,2025-02-15,2025-03-15,签到26年2月14日（1年）,2月租金,嘉定公寓,
,R311,1700,1700.0,1700.0,,,,1190.0,2025-02-26,2025-03-26,签到26年3月25日（1年）,2月租金,嘉定公寓,
,R312,2200,2200.0,,,,,,2024-02-01,2025-03-01,25年12月31日（1年）,2月租金,嘉定公寓,
,R313,1800,1800.0,,,,,105.0,2025-02-25,2025-03-25,短租1个月,2月租金,嘉定公寓,
,R314,2200,2200.0,,,,,,2025-02-20,2025-03-20,26年1月19日（1年）（没冰箱桌子）,2月租金,嘉定公寓,
,R315,1700,1700.0,,,,,,2025-02-10,2025-03-10,25年12月9日（1年）,2月租金,嘉定公寓,
,R316,2000,2000.0,,,,,,2025-02-01,2025-03-01,25年12月31日（1年）,2月租金,嘉定公寓,
,R318,无押金,,,,,,,2025-02-20,2026-02-20,（租金未付）唐总小舅子,2月租金,嘉定公寓,
,R319,1700,1700.0,,,,,,2025-02-18,2025-03-18,25年11月17日（1年）,2月租金,嘉定公寓,
,R401,1300,1300.0,1300.0,,,,1300.0,2025-02-20,2025-03-20,签到26年2月19日（1年）,2月租金,嘉定公寓,
,R402,1500,1500.0,,,,,,2025-02-10,2025-03-10,25年11月9日（1年）,2月租金,嘉定公寓,
,R403,1500,1500.0,1500.0,,沪DYM260,150.0,1500.0,2025-02-11,2025-03-11,签到26年2月10日（1年）(没冰箱）,2月租金,嘉定公寓,
,R404,1300,1300.0,1300.0,,川Y33L65,150.0,455.0,2025-02-18,2025-03-18,25年8月17日（6个月）,2月租金,嘉定公寓,
,S003,1600,1600.0,1600.0,,,,1120.0,2025-03-01,2025-04-01,签到26年2月28日（1年）,2月租金,嘉定公寓,
,S004,2000,2000.0,2000.0,,,,1400.0,2025-02-11,2025-03-11,签到26年2月10日（1年）,2月租金,嘉定公寓,
,S005,2000,2000.0,2000.0,,,,1400.0,2025-02-11,2025-03-11,签到26年2月10日（1年）,2月租金,嘉定公寓,
,S102,2400,2400.0,2400.0,,鄂CZ5628,150.0,1200.0,2025-02-18,2025-03-18,签到25年8月17日（6个月）,2月租金,嘉定公寓,
,S103,2200,2200.0,2200.0,,,,1100.0,2025-02-20,2025-03-20,签到25年8月19日（6个月）,2月租金,嘉定公寓,
,S104,2900,8700.0,2900.0,,,,1692.0,2025-02-18,2025-03-18,新签到25年9月17日（7个月）（没冰箱）,2月租金,嘉定公寓,
,S105,2400,2400.0,2400.0,,,,,2025-02-11,2025-03-10,短租1个月,2月租金,嘉定公寓,
,S107,2000,2000.0,2000.0,,,,2000.0,2025-02-25,2025-03-25,签到26年2月24日（1年）,2月租金,嘉定公寓,
,S111,2200,2200.0,,,沪ABB2998,150.0,,2025-03-01,2025-04-01,25年10月30日（1年）,2月租金,嘉定公寓,
,S202,1600,1600.0,,,,,,2025-02-22,2025-03-22,25年5月21日（6个月）S202调房,2月租金,嘉定公寓,
,S203,1500,1500.0,1500.0,1500.0,,,1500.0,2025-03-01,2025-04-01,签到26年2月28日（1年）,2月租金,嘉定公寓,
,S204,1600,1600.0,,,,,,2025-02-18,2025-03-18,25年6月17日（6个月）,2月租金,嘉定公寓,
,S205,1500,1500.0,1500.0,,皖N1H522,150.0,,2025-02-12,2025-03-12,签到26年2月11日（1年）,2月租金,嘉定公寓,
,S206,1600,1600.0,,,,,,2025-02-05,2025-03-05,26年1月4日（1年）,2月租金,嘉定公寓,
,S207,1400,1400.0,1400.0,200.0,贵GYR906,150.0,,2025-02-08,2025-03-08,退房,2月租金,嘉定公寓,
,S208,1800,1800.0,1800.0,,,,1800.0,2025-03-01,2025-04-01,签到26年2月28日（1年）,2月租金,嘉定公寓,
,S210,2100,2100.0,2100.0,,,,2100.0,2025-02-21,2025-03-21,签到26年2月20日（1年）,2月租金,嘉定公寓,
,S212,2050,2050.0,2050.0,,浙F7JK00,,1900.0,2025-03-02,2025-04-02,签到26年3月1日（1年）（包停车）,2月租金,嘉定公寓,
,S301,1400,,,,,,,2025-03-21,2026-03-21,25年12月20日（1年）,2月租金,嘉定公寓,
,S302,1600,1600.0,1600.0,,吉J0N55H,150.0,280.0,2025-02-21,2025-03-21,签到25年5月20日（3个月）,2月租金,嘉定公寓,
,S303,1500,1500.0,,,,,,2025-02-01,2025-03-01,25年11月30日（1年）,2月租金,嘉定公寓,
,S304,1600,1600.0,,,,,,2025-03-01,2025-04-01,25年3月30日（3个月）,2月租金,嘉定公寓,
,S305,1500,1500.0,1500.0,,,,1050.0,2025-02-20,2025-03-20,签到26年2月19日（1年）,2月租金,嘉定公寓,
,S306,1800,1800.0,,,,,,2025-02-20,2025-03-20,25年4月19日（3个月）没冰箱,2月租金,嘉定公寓,
,S307,1400,1400.0,,,冀R78MY1,150.0,,2025-02-13,2025-03-13,25年12月12日（1年）,2月租金,嘉定公寓,
,S308,1700,1700.0,,,鄂EC0560,,,2025-02-10,2025-03-10,25年12月9日（1年）包停车,2月租金,嘉定公寓,
,S309,1900,1900.0,,,,,,2025-02-26,2025-03-26,25年11月25日（1年）,2月租金,嘉定公寓,
,S315,2200,6600.0,,,川G7SX21,150.0,,2024-02-01,2025-05-01,25年10月30日（1年）,2月租金,嘉定公寓,
,S401,1400,1400.0,,,沪CQ059F,,,2025-02-08,2025-03-08,25年3月9日（3个月）包停车,2月租金,嘉定公寓,
,S402,1600,1600.0,,,,,,2025-02-28,2025-03-28,25年12月27日（1年）,2月租金,嘉定公寓,
,S403,1500,1500.0,1500.0,,,,1500.0,2025-02-17,2025-03-17,签到26年1月16日（11个月）薅羊毛的没押金,2月租金,嘉定公寓,
,S404,1550,1550.0,,,,,,2025-02-08,2025-03-08,25年6月7日（6个月）,2月租金,嘉定公寓,
,S405,1400,1400.0,,,,,,2025-02-15,2025-03-15,25年4月14日（4个月）没冰箱,2月租金,嘉定公寓,
,S406,1600,1600.0,1600.0,,,,1120.0,2025-02-15,2025-03-15,签到26年2月14日（1年）,2月租金,嘉定公寓,
,S407,1400,1400.0,1400.0,,苏FDK751,150.0,980.0,2025-02-15,2025-03-15,签到26年2月14日（1年）,2月租金,嘉定公寓,
,S408,1700,1700.0,,,,,,2025-02-10,2025-03-10,25年12月9日（1年）,2月租金,嘉定公寓,
,S409,2100,2100.0,2100.0,,,,2100.0,2025-03-01,2025-04-01,签到26年2月28日（1年）,2月租金,嘉定公寓,
,R101,1700,,,1700.0,,,,2024-12-17,2025-01-17,退房,1月租金 ,嘉定公寓,R楼
,R103,1600,19200.0,1600.0,,,,1600.0,2025-01-16,2026-01-15,签到26年1月15日（1年）,1月租金 ,嘉定公寓,
,R104,1600,4800.0,1600.0,,,,1120.0,2025-01-20,2025-04-20,签到26年1月19日（1年）,1月租金 ,嘉定公寓,
,R105,1600,1600.0,,,,,,2024-01-15,2025-02-15,25年6月14日（6个月）,1月租金 ,嘉定公寓,
,R106,1600,1600.0,1600.0,,,,1600.0,2025-01-12,2025-02-12,签到26年1月11日（1年）,1月租金 ,嘉定公寓,
,R108,1700,1700.0,,,,,,2024-01-25,2025-02-25,25年11月24日（1年）,1月租金 ,嘉定公寓,
,R201,1900,1900.0,,,苏EB53201,,,2024-01-01,2024-02-01,25年11月31日（1年)包停车,1月租金 ,嘉定公寓,
,R209,2000,2000.0,,,,,,2024-01-08,2025-02-08,25年3月7日（3个月）,1月租金 ,嘉定公寓,
,R211,2000,2000.0,,,,,,2024-01-09,2025-02-09,25年11月8日（1年）,1月租金 ,嘉定公寓,
,R213,2200,2200.0,,,,,,2024-01-25,2025-02-25,25年1月24日（1年）,1月租金 ,嘉定公寓,
,R215,2300,2300.0,,,,,,2024-01-10,2025-02-10,25年11月9日（1年）,1月租金 ,嘉定公寓,
,R217,2200,2200.0,,,,,,2024-01-25,2025-02-25,25年1月24日（1年）,1月租金 ,嘉定公寓,
,R218,1700,1700.0,,,,,,2024-01-29,2025-02-28,25年12月28日（1年）,1月租金 ,嘉定公寓,
,R219,2000,2000.0,,,,,,2024-01-01,2025-02-01,25年10月30日（1年）,1月租金 ,嘉定公寓,
,R220,1700,1700.0,,,豫R6XW79,150.0,,2024-01-26,2025-02-26,25年10月25日（1年）,1月租金 ,嘉定公寓,
,R302,1800,1800.0,,,,,,2024-01-16,2025-02-16,25年11月15日（1年）,1月租金 ,嘉定公寓,
,R312,2200,,,,,,,2024-02-01,2025-02-01,25年12月31日（1年）,1月租金 ,嘉定公寓,
,R314,2200,2200.0,2200.0,,,,1540.0,2025-01-20,2025-02-20,签到26年1月19日（1年）,1月租金 ,嘉定公寓,
,R315,1700,1700.0,,,,,,2024-01-10,2025-02-10,25年12月9日（1年）,1月租金 ,嘉定公寓,
,R316,2000,2000.0,2000.0,,,,,2024-01-01,2024-02-01,签到25年12月31日（1年）,1月租金 ,嘉定公寓,
,R318,无押金,1500.0,,,,,,2024-01-20,2025-02-20,唐总小舅子,1月租金 ,嘉定公寓,
,R319,1700,1700.0,,,,,,2024-01-18,2025-02-18,签到25年11月17日（1年）,1月租金 ,嘉定公寓,
,R402,1500,1500.0,,,,,,2024-01-10,2025-02-10,新签到25年11月9日（1年）,1月租金 ,嘉定公寓,
,R404,1300,1300.0,1300.0,,,,455.0,2025-01-20,2025-02-20,签到25年7月19日（6个月）,1月租金 ,嘉定公寓,
,S003,1200,1200.0,,,鄂F5H961,,,2024-01-01,2025-02-01,签到25年2月28日（4个月）,1月租金 ,嘉定公寓,
,S004,2400,,,3300.0,,,,2024-02-01,2025-02-01,退房,1月租金 ,嘉定公寓,
,S005,1000,,,1000.0,,,,2024-01-09,2025-01-09,退房,1月租金 ,嘉定公寓,
,S104,2800,,2800.0,,,,,2024-01-25,2025-01-25,退房,1月租金 ,嘉定公寓,
,S111,2200,2200.0,,,沪ABB2998,150.0,,2024-02-01,2025-03-01,签到25年10月30日（1年）,1月租金 ,嘉定公寓,
,S201,1580,1580.0,,,沪CCY585,150.0,,2024-01-22,2025-01-22,签到25年2月21日（3个月）,1月租金 ,嘉定公寓,
,S202,1600,1600.0,,,,,,2025-01-22,2025-02-22,签到25年5月21日（6个月）S202调房,1月租金 ,嘉定公寓,
,S203,1500,,,,鲁Q813Z,,,2024-02-01,2025-02-01,签到25年2月28日（3个月）,1月租金 ,嘉定公寓,
,S204,1600,1600.0,,,,,,2024-01-18,2025-02-18,25年6月17日（6个月）,1月租金 ,嘉定公寓,
,S206,1600,1600.0,1600.0,,,,1120.0,2025-01-05,2025-02-05,签到26年1月4日（1年）,1月租金 ,嘉定公寓,
,S215,2400,2400.0,,,,,,2024-01-01,2025-02-01,25年2月28日（4个月）,1月租金 ,嘉定公寓,
,S301,1400,2800.0,,,,,,2024-01-21,2025-03-21,25年12月20日（1年）,1月租金 ,嘉定公寓,
,S302,1000,1600.0,,,沪DEE228,150.0,,2024-01-16,2025-01-16,25年12月15日（1年）,1月租金 ,嘉定公寓,
,S303,1500,1500.0,,,,,,2024-01-01,2024-02-01,25年11月30日（1年）,1月租金 ,嘉定公寓,
,S304,1600,1600.0,,,,,,2025-02-01,2025-03-01,25年3月30日（3个月）,1月租金 ,嘉定公寓,
,S306,1800,1800.0,1800.0,,,,450.0,2025-01-20,2025-02-20,签到25年4月19日（3个月）没冰箱,1月租金 ,嘉定公寓,
,S307,1400,1400.0,,,冀R78MY1,150.0,,2024-01-13,2025-02-13,25年12月12日（1年）,1月租金 ,嘉定公寓,
,S308,1700,1700.0,,,鄂EC0560,,,2024-01-10,2025-02-10,25年12月9日（1年）包停车,1月租金 ,嘉定公寓,
,S309,1900,1900.0,,,,,,2024-01-26,2025-02-26,25年11月25日（1年）,1月租金 ,嘉定公寓,
,S315,2200,,,,川G7SX21,150.0,,2024-02-01,2025-02-01,新签到25年10月30日（1年）,1月租金 ,嘉定公寓,
,S401,1400,1400.0,,,沪CQ059F,,,2025-01-08,2025-02-08,25年3月9日（3个月）包停车,1月租金 ,嘉定公寓,
,S402,1600,1600.0,,,,,,2024-01-28,2025-02-28,25年12月27日（1年）,1月租金 ,嘉定公寓,
,S403,1500,,,1500.0,,,,2024-01-28,2025-01-28,退房,1月租金 ,嘉定公寓,
,S404,1550,1550.0,,,,,,2024-01-08,2025-02-08,25年6月7日（6个月）,1月租金 ,嘉定公寓,
,S405,1400,1400.0,,,,,,2024-01-15,2025-02-15,25年4月14日（4个月）没冰箱,1月租金 ,嘉定公寓,
,S406,1600,1600.0,,,,,,2024-01-21,2025-02-21,25年6月20日（6个月）,1月租金 ,嘉定公寓,
,S408,1700,1700.0,,,,,,2024-01-10,2025-02-10,25年12月9日（1年）,1月租金 ,嘉定公寓,
,S415,2400,,,3300.0,,,,2024-02-01,2025-02-01,退房,1月租金 ,嘉定公寓,
,R101,1700,1700.0,,,,,,2024-12-17,2025-01-17,25年1月16日（3个月）,12月租金,嘉定公寓,R楼
,R102,1700,1700.0,1700.0,1700.0,,,150.0,2024-12-03,2025-01-02,短租1个月,12月租金,嘉定公寓,
,R104,1700,,,,,,,2024-01-01,2025-01-01,25年1月30日（3个月）,12月租金,嘉定公寓,
,R105,1600,1600.0,1600.0,,,,700.0,2024-12-15,2025-01-15,签到25年6月14日（6个月）,12月租金,嘉定公寓,
,R106,1600,1600.0,1600.0,,,,1200.0,2024-12-02,2025-01-02,签到25年12月1日（1年）,12月租金,嘉定公寓,
,R107,1700,1700.0,1700.0,,,,150.0,2024-12-03,2025-01-02,短租1个月,12月租金,嘉定公寓,
,R108,1700,1700.0,,,,,,2024-12-25,2025-01-25,25年11月24日（1年）,12月租金,嘉定公寓,
,R201,1900,1900.0,1900.0,,苏EB53201,,,2024-12-01,2025-01-01,签到25年11月31日（1年)包停车,12月租金,嘉定公寓,
,R209,2000,2000.0,2000.0,,,,500.0,2024-12-08,2025-01-08,签到25年3月7日（3个月）,12月租金,嘉定公寓,
,R211,2000,2000.0,,,,,,2024-12-09,2025-01-09,25年11月8日（1年）,12月租金,嘉定公寓,
,R213,2200,2200.0,,,,,,2024-12-25,2025-01-25,25年1月24日（1年）,12月租金,嘉定公寓,
,R215,2300,2300.0,,,,,,2024-12-10,2025-01-10,25年11月9日（1年）,12月租金,嘉定公寓,
,R217,2200,2200.0,,,,,,2024-12-25,2025-01-25,25年1月24日（1年）,12月租金,嘉定公寓,
,R218,1700,1700.0,1700.0,,,,1190.0,2024-12-29,2025-01-29,签到25年12月28日（1年）,12月租金,嘉定公寓,
,R219,2000,2000.0,,,,,,2024-12-01,2025-01-01,25年10月30日（1年）,12月租金,嘉定公寓,
,R220,1700,1700.0,,,豫R6XW79,150.0,,2024-12-26,2025-01-26,25年10月25日（1年）,12月租金,嘉定公寓,
,R302,1800,1800.0,,,,,,2024-12-16,2025-01-16,25年11月15日（1年）,12月租金,嘉定公寓,
,R312,2200,2200.0,2200.0,,,,1540.0,2024-01-01,2024-02-01,签到25年12月31日（1年）,12月租金,嘉定公寓,
,R315,1700,1700.0,1700.0,,,,1190.0,2024-12-10,2025-01-10,签到25年12月9日（1年）,12月租金,嘉定公寓,
,R318,无押金,1500.0,,,,,,2024-12-20,2025-01-20,唐总小舅子,12月租金,嘉定公寓,
,R319,1700,1700.0,,,,,,2024-12-18,2025-01-18,签到25年11月17日（1年）,12月租金,嘉定公寓,
,R402,1500,1500.0,,,,,,2024-12-10,2025-01-10,新签到25年11月9日（1年）,12月租金,嘉定公寓,
,R404,1200,1200.0,,,皖PF5278,150.0,,2024-12-14,2025-01-14,签到25年11月13日（1年）,12月租金,嘉定公寓,
,S003,1200,1200.0,,,鄂F5H961,,,2024-12-01,2025-01-01,签到25年2月28日（4个月）,12月租金,嘉定公寓,
,S004,2400,2400.0,2400.0,,鄂C680A,150.0,,2024-01-01,2024-02-01,短租到25年2月28日（2个月）,12月租金,嘉定公寓,
,S005,1000,2000.0,1000.0,,,,,2024-12-09,2025-01-09,短租1个月,12月租金,嘉定公寓,
,S104,2800,5600.0,2800.0,,,,500.0,2024-11-25,2025-01-25,短租2月付清,12月租金,嘉定公寓,
,S105,2200,2200.0,,,粤S0P214,,,2024-12-05,2025-12-05,签到25年11月4日（1年）,12月租金,嘉定公寓,
,S111,2200,2200.0,,,沪ABB2998,150.0,,2024-01-01,2024-02-01,签到25年10月30日（1年）,12月租金,嘉定公寓,
,S201,1580,1580.0,,,沪CCY585,150.0,,2024-12-22,2025-01-22,签到25年2月21日（3个月）,12月租金,嘉定公寓,
,S203,1500,,,,鲁Q813Z,,,2024-02-01,2025-02-01,签到25年2月28日（3个月）,12月租金,嘉定公寓,
,S204,1600,1600.0,1600.0,,,,,2024-12-18,2025-01-18,签到25年6月17日（6个月）,12月租金,嘉定公寓,
,S205,1500,1500.0,,,,,,2024-12-22,2025-01-22,签到25年5月21日（6个月）,12月租金,嘉定公寓,
,S215,2400,2400.0,,,,,,2024-12-01,2025-01-01,签到25年2月28日（4个月）,12月租金,嘉定公寓,
,S301,1400,1400.0,1400.0,,,,1000.0,2024-12-21,2025-01-21,签到25年12月20日（1年）,12月租金,嘉定公寓,
,S302,1000,1600.0,1000.0,,沪DEE228,150.0,1120.0,2024-12-16,2025-01-16,签到25年12月15日（1年）,12月租金,嘉定公寓,
,S303,1500,,,,,,,2024-01-01,2025-01-01,签到25年11月30日（1年）,12月租金,嘉定公寓,
,S304,1600,1600.0,1600.0,,,,400.0,2024-01-01,2024-02-01,签到25年3月30日（3个月）,12月租金,嘉定公寓,
,S305,1500,1500.0,1500.0,,,,1500.0,2024-12-27,2025-01-27,签到25年12月26日（1年）没冰箱,12月租金,嘉定公寓,
,S307,1400,1400.0,1400.0,,冀R78MY1,150.0,1000.0,2024-12-13,2025-01-13,签到25年12月12日（1年）,12月租金,嘉定公寓,
,S308,1700,1700.0,1700.0,,鄂EC0560,,,2024-12-10,2025-01-10,签到25年12月9日（1年）包停车,12月租金,嘉定公寓,
,S309,1900,1900.0,,,,,,2024-12-26,2025-01-26,签到25年11月25日（1年）,12月租金,嘉定公寓,
,S315,2200,,,,,,,2024-02-01,2024-12-01,新签到25年10月30日（1年）,12月租金,嘉定公寓,
,S401,1400,1400.0,1400.0,,沪CQ059F,,350.0,2024-12-10,2025-01-10,签到25年3月9日（3个月）包停车,12月租金,嘉定公寓,
,S402,1600,1600.0,1600.0,,,,1120.0,2024-12-28,2025-01-28,签到25年12月27日（1年）,12月租金,嘉定公寓,
,S403,1500,1500.0,1500.0,,,,100.0,2024-12-29,2025-01-28,短租1个月,12月租金,嘉定公寓,
,S404,1550,1550.0,1550.0,,,,542.0,2024-12-08,2025-01-08,签到25年6月7日（6个月）,12月租金,嘉定公寓,
,S405,1400,1400.0,1400.0,,,,560.0,2024-12-15,2025-01-15,签到25年4月14日（4个月）没冰箱,12月租金,嘉定公寓,
,S406,1600,1600.0,1600.0,,,,,2024-12-21,2025-01-21,签到25年6月20日（6个月）,12月租金,嘉定公寓,
,S408,1700,1700.0,1700.0,,,,,2024-12-10,2025-01-10,签到25年12月9日（1年）,12月租金,嘉定公寓,
,S415,2400,2400.0,2400.0,,,,,2024-01-01,2024-02-01,短租25年2月28日（2个月）,12月租金,嘉定公寓,
,R101,1700,1700.0,,,,,,2024-11-17,2024-12-17,签到25年1月16日（3个月）,11月租金,嘉定公寓,R楼
,R104,1700,1700.0,,,,,,2024-12-01,2025-01-01,签到25年1月30日（3个月）,11月租金,嘉定公寓,
,R107,1700,1700.0,1700.0,,,,1700.0,2024-11-25,2024-12-25,签到25年11月24日（1年）,11月租金,嘉定公寓,
,R211,2000,2000.0,2000.0,,,,,2024-11-09,2024-12-09,签到25年11月8日（1年）,11月租金,嘉定公寓,
,R213,2200,2200.0,2200.0,,,,1540.0,2024-11-25,2024-12-25,签到25年1月24日（1年）,11月租金,嘉定公寓,
,R215,2300,2300.0,2300.0,,,,2300.0,2024-11-10,2024-12-10,签到25年11月9日（1年）,11月租金,嘉定公寓,
,R217,2200,2200.0,2200.0,,,,1540.0,2024-11-25,2024-12-25,签到25年1月24日（1年）,11月租金,嘉定公寓,
,R219,2000,,,,,,,2024-12-01,2025-12-01,签到25年10月30日（1年）,11月租金,嘉定公寓,
,R220,1700,1700.0,,,,,,2024-11-26,2024-12-26,签到25年10月25日（1年）,11月租金,嘉定公寓,
,R302,1800,1800.0,1800.0,,,,,2024-11-16,2024-12-16,签到25年11月15日（1年）,11月租金,嘉定公寓,
,R318,无押金,1500.0,,,,,,2024-11-20,2024-12-20,唐总小舅子,11月租金,嘉定公寓,
,R319,1700,1700.0,1700.0,,,,1200.0,2024-11-18,2024-12-18,签到25年11月17日（1年）,11月租金,嘉定公寓,
,R402,1500,,,,,,,2024-12-10,2025-12-10,新签到25年11月9日（1年）,11月租金,嘉定公寓,
,R404,1200,1200.0,1200.0,,,,,2024-11-14,2024-12-14,签到25年11月13日（1年）,11月租金,嘉定公寓,
,S003,1200,,,,,,,2024-12-01,2025-12-01,签到25年2月28日（4个月）,11月租金,嘉定公寓,
,S105,2200,2200.0,2200.0,,,,,2024-11-05,2024-12-05,签到25年11月4日（1年）,11月租金,嘉定公寓,
,S111,2200,2200.0,,,,,,2024-12-01,2025-01-01,签到25年10月30日（1年）,11月租金,嘉定公寓,
,S201,1580,1580.0,1580.0,,CCY585,150.0,350.0,2024-11-22,2024-12-22,签到25年2月21日（3个月）,11月租金,嘉定公寓,
,S203,1500,3000.0,1500.0,,鲁Q813Z,300.0,300.0,2024-12-01,2025-02-01,签到25年2月28日（3个月）,11月租金,嘉定公寓,
,S205,1500,1500.0,1500.0,,,,750.0,2024-11-22,2024-12-22,签到25年5月21日（6个月）,11月租金,嘉定公寓,
,S215,2400,,,,,,,2024-12-01,2025-12-01,签到25年2月28日（4个月）,11月租金,嘉定公寓,
,S303,1500,1500.0,1500.0,,,,1050.0,2024-12-01,2025-01-01,签到25年11月30日（1年）,11月租金,嘉定公寓,
,S309,1900,1900.0,1900.0,,,,,2024-11-26,2024-12-26,签到25年11月25日（1年）,11月租金,嘉定公寓,
,S315,2200,,,,,,,2024-02-01,2024-12-01,新签到25年10月30日（1年）,11月租金,嘉定公寓,
1.0,201,1880,3760.0,1880.0,,,,313.0,2026-07-01,2026-08-31,2个月,7月租金2 ,明远公寓,
2.0,202,1800,1800.0,,80.0,,,,2026-07-26,2026-08-26,续27年7月25日（1年）减80,7月租金2 ,明远公寓,
3.0,203,1880,1880.0,,,,,,2026-07-03,2026-08-03,27年5月2日（1年）,7月租金2 ,明远公寓,
4.0,204,1800,1800.0,,,,,,2026-07-08,2026-08-08,27年6月7日（1年）,7月租金2 ,明远公寓,
5.0,205,1700,1700.0,,,,,,2026-07-24,2026-08-24,续25年10月23日（6个月）减50元,7月租金2 ,明远公寓,
6.0,206,1800,1800.0,,,,,,2026-07-18,2026-08-18,续27年3月17日（1年）（减600）,7月租金2 ,明远公寓,
7.0,207,1880,1880.0,,,,,,2026-07-23,2026-08-23,26年8月22日（1年）,7月租金2 ,明远公寓,
8.0,208,1880,1960.0,80.0,1700.0,,,,2026-07-25,2026-08-25,27年6月24日（1年）201调房前客户到期退房,7月租金2 ,明远公寓,
9.0,209,1700,,,,,,,2026-11-18,2027-11-18,26年5月17日（1年）,7月租金2 ,明远公寓,
10.0,210,2180,2180.0,2180.0,2180.0,,,545.0,2026-07-10,2026-08-10,26年10月9日（3个月）前客户到期退房,7月租金2 ,明远公寓,
11.0,211,1800,,,,,,,2026-09-22,2027-09-22,三个月9.22,7月租金2 ,明远公寓,
12.0,212,2200,2200.0,2200.0,,,,1833.0,2026-07-05,2026-08-05,27年5月4日（10个月）,7月租金2 ,明远公寓,
13.0,213,2280,2280.0,,,,,,2026-07-17,2026-08-17,26年10月16日（4个月）,7月租金2 ,明远公寓,
14.0,214,2000,2000.0,,,,,,2026-07-10,2026-08-10,续26年9月9日（6个月）减300,7月租金2 ,明远公寓,
15.0,215,2180,2180.0,,,,,,2026-07-10,2026-08-10,26年12月9日（6个月）,7月租金2 ,明远公寓,
16.0,216,2150,2150.0,,,,,,2026-07-28,2026-08-28,续27年2月27日（8个月）,7月租金2 ,明远公寓,
17.0,217,1800,1800.0,,,,,,2026-07-25,2026-08-25,续26年6月24日（1年）减200,7月租金2 ,明远公寓,
18.0,218,1800,,,,,,,2026-09-17,2027-09-17,27年6月16日（1年）,7月租金2 ,明远公寓,
19.0,301,1800,,,,,,,2026-08-02,2027-08-02,25年1月1日（半年）,7月租金2 ,明远公寓,
20.0,302,1760,1760.0,,,,,,2026-07-22,2026-08-22,27年6月21日（1年）,7月租金2 ,明远公寓,
21.0,303,1600,1600.0,,,,,,2026-07-15,2026-08-15,续26年11月28日（1年）减300,7月租金2 ,明远公寓,
22.0,304,1650,,,,,,,2026-05-28,2027-05-28,27年5月27日（1年）付清1年,7月租金2 ,明远公寓,
23.0,305,1800,1800.0,,,,,,2026-07-25,2026-08-25,2个月8.25,7月租金2 ,明远公寓,
24.0,306,1900,1900.0,,,,,,2026-07-20,2026-08-20,27年6月19日（1年）,7月租金2 ,明远公寓,
25.0,307,2000,2000.0,,,,,,2026-07-01,2026-08-01,续26年8月31日到期（1年）减1000,7月租金2 ,明远公寓,
26.0,308,2000,2000.0,,,,,,2026-07-24,2026-08-24,26年9月23日（1年）,7月租金2 ,明远公寓,
27.0,309,1900,,,,,,,2026-09-01,2027-09-01,续27年2月28日到期（1年）（减免1200）,7月租金2 ,明远公寓,
28.0,310,1800,1800.0,,,,,,2026-07-03,2026-08-03,27年4月2日（1年）,7月租金2 ,明远公寓,
29.0,311,1800,1800.0,,,,,,2026-07-26,2026-08-26,续27年6月25日,7月租金2 ,明远公寓,
30.0,312,2000,2000.0,,,,,,2026-07-26,2026-08-26,27年1月25日（1年）,7月租金2 ,明远公寓,
31.0,313,1900,1900.0,,,,,,2026-07-22,2026-08-22,续2026年7月21日（1年)减800,7月租金2 ,明远公寓,
32.0,314,1900,1900.0,,,,,,2026-07-27,2026-08-27,26年11月26日（6个月）,7月租金2 ,明远公寓,
33.0,315,1900,1900.0,,,,,,2026-07-24,2026-08-24,26年11月23日（1年）,7月租金2 ,明远公寓,
34.0,316,1950,1950.0,,,,,,2026-07-10,2026-08-10,27年6月9日（1年）,7月租金2 ,明远公寓,
35.0,317,2000,2000.0,,,,,,2026-07-10,2026-08-10,26年11月9日（1年）,7月租金2 ,明远公寓,
36.0,318,1880,,,,,,,2026-08-16,2027-08-16,2个月,7月租金2 ,明远公寓,
37.0,319,1200,1200.0,,,,,,2026-07-15,2026-08-15,26年4月14日（1年）,7月租金2 ,明远公寓,
38.0,320,2100,2100.0,,,,,,2026-07-03,2026-08-03,27年5月2日（1年）,7月租金2 ,明远公寓,
39.0,321,2100,2100.0,,,,,,2026-07-15,2026-08-15,27年5月14日（1年）,7月租金2 ,明远公寓,
40.0,322,2050,2050.0,,,,,,2026-07-10,2026-08-10,2026年9月9日（1年）,7月租金2 ,明远公寓,
41.0,323,2150,2150.0,,,,,,2026-07-01,2026-08-01,续26年7月30日（1年）减800,7月租金2 ,明远公寓,
42.0,324,1600,1600.0,1600.0,,,,1600.0,2026-07-26,2026-08-26,27年7月25日（1年）前客户退房,7月租金2 ,明远公寓,
43.0,325,1800,1800.0,,,,,,2026-07-19,2026-08-19,27年4月18日（1年）,7月租金2 ,明远公寓,
44.0,326,2000,,,,,,,2026-09-28,2027-09-28,续27年3月27日（1年）租金2000,7月租金2 ,明远公寓,
45.0,327,2150,2150.0,,,,,,2026-07-10,2026-08-10,27年6月9日（1年）,7月租金2 ,明远公寓,
46.0,328,2080,2080.0,,,,,,2026-07-05,2026-08-05,26年9月4日（6个月）,7月租金2 ,明远公寓,
47.0,329,2200,2200.0,,,,,,2026-07-19,2026-08-19, ,7月租金2 ,明远公寓,
48.0,330,1800,1800.0,,,,,,2026-07-05,2026-08-05,27年4月4日（1年）,7月租金2 ,明远公寓,
49.0,331,1680,1680.0,,,,,,2026-07-08,2026-08-08,27年3月7日（1年）,7月租金2 ,明远公寓,
50.0,332,1500,,,,,,,2026-08-15,2027-08-15,继1年减100 25年5月14日（没窗户）,7月租金2 ,明远公寓,
51.0,333,2180,2180.0,,,,,,2026-07-25,2026-08-25,27年2月24日（1年）,7月租金2 ,明远公寓,
52.0,334,2800,4800.0,,,,,,2026-07-28,2026-08-27,,7月租金2 ,明远公寓,
1.0,201,1800,1800.0,1800.0,1700.0,,,1800.0,2026-06-25,2026-07-25,27年6月24日（1年）前客户退房,6月租金2,明远公寓,
2.0,202,1880,1880.0,,,,,,2026-06-26,2026-07-26,26年7月25日（3个月）,6月租金2,明远公寓,
3.0,203,1880,1880.0,,,,,,2026-06-03,2026-07-03,27年5月2日（1年）,6月租金2,明远公寓,
4.0,204,1800,1800.0,1800.0,689.0,,,1800.0,2026-06-08,2026-07-08,27年6月7日（1年）,6月租金2,明远公寓,
5.0,205,1700,1700.0,,,,,,2026-06-24,2026-07-24,续25年10月23日（6个月）减50元,6月租金2,明远公寓,
6.0,206,1800,1800.0,,,,,,2026-06-18,2026-07-18,续27年3月17日（1年）（减600）,6月租金2,明远公寓,
7.0,207,1880,1880.0,,,,,,2026-06-23,2026-07-23,26年8月22日（1年）,6月租金2,明远公寓,
8.0,208,1700,1700.0,,,,,,2026-06-04,2026-07-04,续26年7月3日（10个月）减180租金1700,6月租金2,明远公寓,
9.0,209,1700,,,,,,,2026-11-18,2027-11-18,26年5月17日（1年）,6月租金2,明远公寓,
10.0,210,2180,2180.0,2180.0,,,,182.0,2026-06-08,2026-07-08,1个月,6月租金2,明远公寓,
11.0,211,1800,5400.0,1700.0,,,,450.0,2026-06-22,2026-09-22,三个月前客户到期退房,6月租金2,明远公寓,
12.0,212,2180,2180.0,,2180.0,,,,2026-06-04,2026-07-04,退房,6月租金2,明远公寓,
13.0,213,2280,2280.0,2280.0,,,,760.0,2026-06-17,2026-07-17,26年10月16日（4个月）,6月租金2,明远公寓,
14.0,214,2000,2000.0,,,,,,2026-06-10,2026-07-10,续26年9月9日（6个月）减300,6月租金2,明远公寓,
15.0,215,2180,2180.0,2180.0,,,,1090.0,2026-06-10,2026-07-10,26年12月9日（6个月）,6月租金2,明远公寓,
16.0,216,2150,2150.0,,,,,,2026-06-28,2026-07-28,续27年2月27日（8个月）,6月租金2,明远公寓,
17.0,217,1800,1800.0,,,,,,2026-06-25,2026-07-25,续26年6月24日（1年）减200,6月租金2,明远公寓,
18.0,218,1800,5400.0,1800.0,,,,1700.0,2026-06-17,2026-08-17,27年6月12日（1年）前租客退房302调房,6月租金2,明远公寓,
19.0,301,1800,3600.0,,,,,,2026-06-02,2026-08-02,25年1月1日（半年）,6月租金2,明远公寓,
20.0,302,1760,1760.0,1760.0,,,,1760.0,2026-06-22,2026-07-22,27年6月21日（1年）,6月租金2,明远公寓,
21.0,303,1600,1600.0,,,,,,2026-06-15,2026-07-15,续26年11月28日（1年）减300,6月租金2,明远公寓,
22.0,304,1650,,,,,,,2026-05-28,2027-05-28,27年5月27日（1年）付清1年,6月租金2,明远公寓,
23.0,305,1800,1800.0,1800.0,1600.0,,,300.0,2026-06-25,2026-07-25,2个月前客户到期退房,6月租金2,明远公寓,
24.0,306,1900,1900.0,1900.0,,,,1900.0,2026-06-20,2026-07-20,27年6月19日（1年）,6月租金2,明远公寓,
25.0,307,2000,2000.0,,,,,,2026-06-01,2026-07-01,续26年8月31日到期（1年）减1000,6月租金2,明远公寓,
26.0,308,2000,2000.0,,,,,,2026-06-24,2026-07-24,26年9月23日（1年）,6月租金2,明远公寓,
27.0,309,1900,5700.0,,,,,,2026-06-01,2026-09-01,续27年2月28日到期（1年）（减免1200）,6月租金2,明远公寓,
28.0,310,1800,1800.0,,,,,,2026-06-03,2026-07-03,27年4月2日（1年）,6月租金2,明远公寓,
29.0,311,1800,1800.0,,,,,,2026-06-26,2026-07-26,续27年6月25日,6月租金2,明远公寓,
30.0,312,2000,2000.0,,,,,,2026-06-26,2026-07-26,27年1月25日（1年）,6月租金2,明远公寓,
31.0,313,1900,1900.0,,,,,,2026-06-22,2026-07-22,续2026年7月21日（1年)减800,6月租金2,明远公寓,
32.0,314,1900,1900.0,,,,,,2026-06-27,2026-07-27,26年11月26日（6个月）,6月租金2,明远公寓,
33.0,315,1900,1900.0,,,,,,2026-06-24,2026-07-24,26年11月23日（1年）,6月租金2,明远公寓,
34.0,316,1950,1950.0,1950.0,,,,1950.0,2026-06-10,2026-07-10,27年6月9日（1年）,6月租金2,明远公寓,
35.0,317,2000,2000.0,,,,,,2026-06-10,2026-07-10,26年11月9日（1年）,6月租金2,明远公寓,
36.0,318,1880,3760.0,1880.0,1800.0,,,313.0,2026-06-17,2026-08-16,2个月前客户到期退房,6月租金2,明远公寓,
37.0,319,1200,1200.0,,,,,,2026-06-15,2026-07-15,26年4月14日（1年）,6月租金2,明远公寓,
38.0,320,2100,2100.0,,,,,,2026-06-03,2026-07-03,27年5月2日（1年）,6月租金2,明远公寓,
39.0,321,2100,2100.0,200.0,2180.0,,,,2026-06-15,2026-07-15,27年5月14日（1年）前客户到期退房306调房,6月租金2,明远公寓,
40.0,322,2050,2050.0,,,,,,2026-06-10,2026-07-10,2026年9月9日（1年）,6月租金2,明远公寓,
41.0,323,2150,2150.0,,,,,,2026-06-01,2026-07-01,续26年7月30日（1年）减800,6月租金2,明远公寓,
42.0,324,1680,1680.0,,,,,,2026-06-18,2026-07-18,26年9月17日（1年）,6月租金2,明远公寓,
43.0,325,1800,1800.0,,,,,,2026-06-19,2026-07-19,27年4月18日（1年）,6月租金2,明远公寓,
44.0,326,2000,,,,,,,2026-09-28,2027-09-28,续27年3月27日（1年）租金2000,6月租金2,明远公寓,
45.0,327,2150,2150.0,2150.0,2180.0,,,2150.0,2026-06-10,2026-07-10,27年6月9日（1年）前客户到期退房,6月租金2,明远公寓,
46.0,328,2080,2080.0,,,,,,2026-06-05,2026-07-05,26年9月4日（6个月）,6月租金2,明远公寓,
47.0,329,2200,2200.0,,,,,,2026-06-17,2026-07-19, ,6月租金2,明远公寓,
48.0,330,1800,1800.0,,,,,,2026-06-05,2026-07-05,27年4月4日（1年）,6月租金2,明远公寓,
49.0,331,1680,1680.0,,,,,,2026-06-08,2026-07-08,27年3月7日（1年）,6月租金2,明远公寓,
50.0,332,1500,,,,,,,2026-08-15,2027-08-15,继1年减100 25年5月14日（没窗户）,6月租金2,明远公寓,
51.0,333,2180,2180.0,,,,,,2026-06-25,2026-07-25,27年2月24日（1年）,6月租金2,明远公寓,
52.0,334,2800,,,,,,,2026-06-28,2027-06-28,,6月租金2,明远公寓,
1.0,201,1700,1700.0,,,,,,2026-05-23,2026-06-23,2个月,5月租金1,明远公寓,
2.0,202,1880,1880.0,,,,,,2026-05-26,2026-06-26,26年7月25日（3个月）,5月租金1,明远公寓,
3.0,203,1880,1880.0,1880.0,,,,1880.0,2026-05-03,2026-06-03,27年5月2日（1年）,5月租金1,明远公寓,
4.0,204,1880,1880.0,1880.0,,,,1880.0,2026-05-20,2026-06-20,27年5月19日（1年）,5月租金1,明远公寓,
5.0,205,1700,1700.0,,,,,,2026-05-24,2026-06-24,续25年10月23日（6个月）减50元,5月租金1,明远公寓,
6.0,206,1800,1800.0,,,,,,2026-05-18,2026-06-18,续27年3月17日（1年）（减600）,5月租金1,明远公寓,
7.0,207,1880,1880.0,,,,,,2026-05-23,2026-06-23,26年8月22日（1年）,5月租金1,明远公寓,
8.0,208,1700,1700.0,,,,,,2026-05-04,2026-06-04,续26年7月3日（10个月）减180租金1700,5月租金1,明远公寓,
9.0,209,1700,10200.0,,,,,,2026-05-18,2026-11-18,26年5月17日（1年）,5月租金1,明远公寓,
11.0,211,1700,1700.0,,,,,,2026-05-17,2026-06-17,2个月（推荐三家）,5月租金1,明远公寓,
12.0,212,2180,2180.0,,,,,,2026-05-04,2026-06-04,26年6月3日（2个月）,5月租金1,明远公寓,
14.0,214,2000,2000.0,,,,,,2026-05-10,2026-06-10,续26年9月9日（6个月）减300,5月租金1,明远公寓,
15.0,215,2280,2280.0,2280.0,2280.0,,,570.0,2026-05-01,2026-06-01,,5月租金1,明远公寓,
16.0,216,2150,2150.0,,,,,,2026-05-28,2026-06-28,26年6月28日（1年）,5月租金1,明远公寓,
17.0,217,1800,1800.0,,,,,,2026-05-25,2026-06-25,续26年6月24日（1年）减200,5月租金1,明远公寓,
18.0,218,1800,1800.0,,,,,,2026-05-01,2026-06-01,27年3月30日（1年）,5月租金1,明远公寓,
19.0,301,1800,,,,,,,2026-06-02,2027-06-02,25年1月1日（半年）,5月租金1,明远公寓,
20.0,302,1800,1800.0,,,,,,2026-05-12,2026-06-12,27年1月11日（1年）,5月租金1,明远公寓,
21.0,303,1600,1600.0,,,,,,2026-05-15,2026-06-15,续26年11月28日（1年）减300,5月租金1,明远公寓,
22.0,304,1650,19800.0,1650.0,1473.0,,,1650.0,2026-05-28,2027-05-28,27年5月27日（1年）付清1年,5月租金1,明远公寓,
23.0,305,1600,1600.0,,,,,,2026-05-23,2026-06-23,2个月,5月租金1,明远公寓,
24.0,306,1900,1900.0,1900.0,,,,1900.0,2026-05-15,2026-06-15,27年5月14日（1年）,5月租金1,明远公寓,
25.0,307,2000,2000.0,,,,,,2026-05-01,2026-06-01,续26年8月31日到期（1年）减1000,5月租金1,明远公寓,
26.0,308,2000,2000.0,,,,,,2026-05-24,2026-06-24,26年9月23日（1年）,5月租金1,明远公寓,
27.0,309,1900,,,,,,,2026-06-01,2027-06-01,续27年2月28日到期（1年）（减免1200）,5月租金1,明远公寓,
28.0,310,1800,1800.0,,,,,,2026-05-03,2026-06-03,27年4月2日（1年）,5月租金1,明远公寓,
29.0,311,1800,1800.0,,,,,,2026-05-26,2026-06-26,续26年6月25日（1年减100）,5月租金1,明远公寓,
30.0,312,2000,2000.0,,,,,,2026-05-26,2026-06-26,27年1月25日（1年）,5月租金1,明远公寓,
31.0,313,1900,1900.0,,,,,,2026-05-22,2026-06-22,续2026年7月21日（1年)减800,5月租金1,明远公寓,
32.0,314,1900,1900.0,1900.0,910.0,,,950.0,2026-05-27,2026-06-27,26年11月26日（6个月）,5月租金1,明远公寓,
33.0,315,1900,1900.0,,,,,,2026-05-24,2026-06-24,26年11月23日（1年）,5月租金1,明远公寓,
35.0,317,2000,2000.0,,,,,,2026-05-10,2026-06-10,26年11月9日（1年）,5月租金1,明远公寓,
36.0,318,1800,1800.0,,,,,,2026-05-03,2026-06-03,续26年6月3日（6个月）,5月租金1,明远公寓,
37.0,319,1200,1200.0,,,,,,2026-05-15,2026-06-15,26年4月14日（1年）,5月租金1,明远公寓,
38.0,320,2100,2100.0,2100.0,,,,2100.0,2026-05-03,2026-06-03,27年5月2日（1年）,5月租金1,明远公寓,
39.0,321,2180,2180.0,,,,,,2026-05-06,2026-06-06,6月5日（2个月）,5月租金1,明远公寓,
40.0,322,2050,2050.0,,,,,,2026-05-10,2026-06-10,2026年9月9日（1年）,5月租金1,明远公寓,
41.0,323,2150,2150.0,,,,,,2026-05-01,2026-06-01,续26年7月30日（1年）减800,5月租金1,明远公寓,
42.0,324,1680,1680.0,,,,,,2026-05-18,2026-06-18,26年9月17日（1年）,5月租金1,明远公寓,
43.0,325,1800,1800.0,,,,,,2026-05-19,2026-06-19,27年4月18日（1年）,5月租金1,明远公寓,
44.0,326,2000,,,,,,,2026-09-28,2027-09-28,续27年3月27日（1年）租金2000,5月租金1,明远公寓,
45.0,327,2180,2180.0,,,,,,2026-05-06,2026-06-06,6月5日（2个月）,5月租金1,明远公寓,
46.0,328,2080,2080.0,,,,,,2026-05-05,2026-06-05,26年9月4日（6个月）,5月租金1,明远公寓,
47.0,329,2200,2200.0,,,,,,2026-05-17,2026-06-17, ,5月租金1,明远公寓,
48.0,330,1800,1800.0,,,,,,2026-05-05,2026-06-05,27年4月4日（1年）,5月租金1,明远公寓,
49.0,331,1680,1680.0,,,,,,2026-05-08,2026-06-08,27年3月7日（1年）,5月租金1,明远公寓,
50.0,332,1500,4200.0,,,,,,2026-05-15,2026-08-15,继1年减100 25年5月14日（没窗户）,5月租金1,明远公寓,
51.0,333,2180,2180.0,,,,,,2026-05-25,2026-06-25,27年2月24日（1年）,5月租金1,明远公寓,
52.0,334,2800,2400.0,,,,,,2026-05-28,2026-06-28,1个月,5月租金1,明远公寓,
1.0,201,1700,1700.0,1700.0,,,,,2026-04-23,2026-05-23,2个月,4月租金1,明远公寓,
2.0,202,1880,1880.0,1880.0,1850.0,,,470.0,2026-04-26,2026-05-26,26年7月25日（3个月）,4月租金1,明远公寓,
3.0,203,1780,783.0,,,,,,2026-04-06,2027-04-06,退房,4月租金1,明远公寓,
4.0,204,1880,1880.0,,,,,,2026-04-14,2026-05-14,27年3月13日（1年）,4月租金1,明远公寓,
5.0,205,1700,1700.0,,,,,,2026-04-24,2026-05-24,续25年10月23日（6个月）减50元,4月租金1,明远公寓,
6.0,206,1800,1800.0,,,,,,2026-04-18,2026-05-18,续27年3月17日（1年）（减600）,4月租金1,明远公寓,
7.0,207,1880,1880.0,,,,,,2026-04-23,2026-05-23,26年8月22日（1年）,4月租金1,明远公寓,
8.0,208,1700,1700.0,,,,,,2026-04-04,2026-05-04,续26年7月3日（10个月）减180租金1700,4月租金1,明远公寓,
9.0,209,1700,,,,,,,2025-05-18,2026-05-18,26年5月17日（1年）,4月租金1,明远公寓,
10.0,210,2108,2180.0,2180.0,,,,182.0,2026-04-19,2026-05-18,1个月,4月租金1,明远公寓,
11.0,211,1700,1700.0,1700.0,,,,200.0,2026-04-17,2026-05-17,2个月（推荐三家）,4月租金1,明远公寓,
12.0,212,2180,,,,,,,2026-05-04,2027-05-04,26年6月3日（2个月）,4月租金1,明远公寓,
13.0,213,2200,2200.0,,,,,,2026-04-22,2026-05-22,26年8月21日（1年）,4月租金1,明远公寓,
14.0,214,2000,2000.0,,,,,,2026-04-10,2026-05-10,续26年9月9日（6个月）减300,4月租金1,明远公寓,
15.0,215,2280,2200.0,,,,,,2026-04-01,2026-05-01,续26年3月30号（2个月）减80,4月租金1,明远公寓,
16.0,216,2150,2150.0,,,,,,2026-04-28,2026-05-28,26年6月28日（1年）,4月租金1,明远公寓,
17.0,217,1800,1800.0,,,,,,2026-04-25,2026-05-25,续26年6月24日（1年）减200,4月租金1,明远公寓,
18.0,218,1800,,,,,,,2026-04-01,2026-05-01,27年3月30日（1年）,4月租金1,明远公寓,
19.0,301,1800,3600.0,,,,,,2026-04-02,2026-06-02,25年1月1日（半年）,4月租金1,明远公寓,
20.0,302,1800,1800.0,,,,,,2026-04-12,2026-05-12,27年1月11日（1年）,4月租金1,明远公寓,
21.0,303,1600,1600.0,,,,,,2026-04-15,2026-05-15,续26年11月28日（1年）减300,4月租金1,明远公寓,
22.0,304,1700,1700.0,,,,,,2026-04-20,2026-05-20,26年3月19日（4个月）,4月租金1,明远公寓,
23.0,305,1600,1600.0,1600.0,1650.0,,,,2026-04-23,2026-05-23,2个月,4月租金1,明远公寓,
25.0,307,2000,2000.0,,,,,,2026-04-01,2026-05-01,续26年8月31日到期（1年）减1000,4月租金1,明远公寓,
26.0,308,2000,2000.0,,,,,,2026-04-24,2026-05-24,26年9月23日（1年）,4月租金1,明远公寓,
27.0,309,1900,,,,,,,2026-06-01,2027-06-01,续27年2月28日到期（1年）（减免1200）,4月租金1,明远公寓,
28.0,310,1800,,,,,,,2026-05-03,2027-05-03,27年4月2日（1年）,4月租金1,明远公寓,
29.0,311,1800,1800.0,,,,,,2026-04-26,2026-05-26,续26年6月25日（1年减100）,4月租金1,明远公寓,
30.0,312,2000,2000.0,,,,,,2026-04-26,2026-05-26,27年1月25日（1年）,4月租金1,明远公寓,
31.0,313,1900,1900.0,,,,,,2026-04-22,2026-05-22,续2026年7月21日（1年)减800,4月租金1,明远公寓,
32.0,314,1900,1900.0,,,,,,2026-04-23,2026-05-23,续2026年7月22日（1年)减800,4月租金1,明远公寓,
33.0,315,1900,1900.0,,,,,,2026-04-24,2026-05-24,26年11月23日（1年）,4月租金1,明远公寓,
34.0,316,2000,2000.0,,,,,,2026-04-24,2026-05-24,26年8月23日（1年）,4月租金1,明远公寓,
35.0,317,2000,2000.0,,,,,,2026-04-10,2026-05-10,26年11月9日（1年）,4月租金1,明远公寓,
36.0,318,1800,1800.0,,,,,,2026-04-03,2026-05-03,续26年6月3日（6个月）,4月租金1,明远公寓,
37.0,319,1200,1200.0,,,,,,2026-04-15,2026-05-15,26年4月14日（1年）,4月租金1,明远公寓,
39.0,321,2180,2180.0,2180.0,,,,363.0,2026-04-06,2026-05-06,6月5日（2个月）,4月租金1,明远公寓,
40.0,322,2050,2050.0,,,,,,2026-04-10,2026-05-10,2026年9月9日（1年）,4月租金1,明远公寓,
41.0,323,2150,2150.0,,,,,,2026-04-01,2026-05-01,续26年7月30日（1年）减800,4月租金1,明远公寓,
42.0,324,1680,1680.0,,,,,,2026-04-18,2026-05-18,26年9月17日（1年）,4月租金1,明远公寓,
43.0,325,1800,1800.0,1800.0,,,,1800.0,2026-04-19,2026-05-19,27年4月18日（1年）,4月租金1,明远公寓,
44.0,326,2000,,,,,,,2026-09-28,2027-09-28,续27年3月27日（1年）租金2000,4月租金1,明远公寓,
45.0,327,2180,2180.0,2180.0,,,,363.0,2026-04-06,2026-05-06,6月5日（2个月）,4月租金1,明远公寓,
46.0,328,2080,2080.0,,,,,,2026-04-05,2026-05-05,26年9月4日（6个月）,4月租金1,明远公寓,
47.0,329,2200,2200.0,,,,,,2026-04-17,2026-05-17, ,4月租金1,明远公寓,
48.0,330,1800,1800.0,1800.0,,,,1800.0,2026-04-05,2026-05-05,27年4月4日（1年）,4月租金1,明远公寓,
49.0,331,1680,1680.0,,,,,,2026-04-08,2026-05-08,27年3月7日（1年）,4月租金1,明远公寓,
50.0,332,1500,1400.0,,,,,,2026-04-15,2026-05-15,继1年减100 25年5月14日（没窗户）,4月租金1,明远公寓,
51.0,333,2180,2180.0,,,,,,2026-04-25,2026-05-25,27年2月24日（1年）,4月租金1,明远公寓,
52.0,334,2800,2400.0,2800.0,,,,182.0,2026-04-28,2026-05-28,1个月,4月租金1,明远公寓,
,202,1850,1850.0,,,,,,2026-03-24,2026-04-24,25年4月23日（6个月）,3月租金1,明远公寓,
,203,1780,1780.0,1780.0,,,,1780.0,2026-03-06,2026-04-06,27年3月5日（1年）,3月租金1,明远公寓,
,204,1880,1880.0,1880.0,,,,1880.0,2026-03-14,2026-04-14,27年3月13日（1年）,3月租金1,明远公寓,
,205,1700,1700.0,,,,,,2026-03-24,2026-04-24,续25年10月23日（6个月）减50元,3月租金1,明远公寓,
,206,1800,1200.0,,,,,,2026-03-18,2027-03-18,续27年3月17日（1年）（减600）,3月租金1,明远公寓,
,207,1880,1880.0,,,,,,2026-03-23,2026-04-23,26年8月22日（1年）,3月租金1,明远公寓,
,208,1700,1700.0,,,,,,2026-03-04,2026-04-04,续26年7月3日（10个月）减180租金1700,3月租金1,明远公寓,
,209,1700,,,,,,,2025-05-18,2026-05-18,26年5月17日（1年）,3月租金1,明远公寓,
,211,500,1600.0,,,,,,2026-03-01,2026-04-01,2个月,3月租金1,明远公寓,
,212,2180,2180.0,2180.0,,,,363.0,2026-04-04,2026-05-04,26年6月3日（2个月）,3月租金1,明远公寓,
,213,2200,2200.0,,,,,,2026-03-22,2026-04-22,26年8月21日（1年）,3月租金1,明远公寓,
,214,2000,2000.0,,,,,,2026-03-10,2026-04-10,续26年9月9日（6个月）减300,3月租金1,明远公寓,
,215,2280,2200.0,,,,,,2026-03-01,2026-04-01,续26年3月30号（2个月）减80,3月租金1,明远公寓,
,216,2150,2150.0,,,,,,2026-03-28,2026-04-28,26年6月28日（1年）,3月租金1,明远公寓,
,217,1800,1800.0,,,,,,2026-03-25,2026-04-25,续26年6月24日（1年）减200,3月租金1,明远公寓,
,218,1800,1800.0,1800.0,1700.0,,,1800.0,2026-04-01,2026-05-01,27年3月30日（1年）,3月租金1,明远公寓,
,301,1800,,,,,,,2026-04-02,2027-04-02,25年1月1日（半年）,3月租金1,明远公寓,3楼
,302,1800,1800.0,,,,,,2026-03-12,2026-04-12,27年1月11日（1年）,3月租金1,明远公寓,
,303,1600,1600.0,,,,,,2026-03-15,2026-04-15,续26年11月28日（1年）减300客户调了时间,3月租金1,明远公寓,
,304,1700,1700.0,,,,,,2026-03-20,2026-04-20,26年3月19日（4个月）,3月租金1,明远公寓,
,305,1650,1650.0,,,,,,2026-03-22,2026-04-22,26年4月21日（1年）,3月租金1,明远公寓,
,306,1800,1800.0,1800.0,,,,1800.0,2026-03-28,2026-04-28,27年3月27日（1年）,3月租金1,明远公寓,
,307,2000,2000.0,,,,,,2026-03-01,2026-04-01,续26年8月31日到期（1年）减1000,3月租金1,明远公寓,
,308,2000,2000.0,,,,,,2026-03-24,2026-04-24,26年9月23日（1年）,3月租金1,明远公寓,
,309,1900,,,,,,,2026-06-01,2027-06-01,续27年2月28日到期（1年）（减免1200）,3月租金1,明远公寓,
,310,1800,1800.0,1800.0,,,,1800.0,2026-04-03,2026-05-03,27年4月2日（1年）,3月租金1,明远公寓,
,311,1800,1800.0,,,,,,2026-03-26,2026-04-26,续26年6月25日（1年减100）,3月租金1,明远公寓,
,312,2000,2000.0,,,,,,2026-03-26,2026-04-26,27年1月25日（1年）,3月租金1,明远公寓,
,313,1900,1900.0,,,,,,2026-03-22,2026-04-22,续2026年7月21日（1年)减800,3月租金1,明远公寓,
,314,1900,1900.0,,,,,,2026-03-23,2026-04-23,续2026年7月22日（1年)减800,3月租金1,明远公寓,
,315,1900,1900.0,,,,,,2026-03-24,2026-04-24,26年11月23日（1年）,3月租金1,明远公寓,
,316,2000,2000.0,,,,,,2026-03-24,2026-04-24,26年8月23日（1年）,3月租金1,明远公寓,
,317,2000,2000.0,,,,,,2026-03-10,2026-04-10,26年11月9日（1年）,3月租金1,明远公寓,
,318,1800,1800.0,,,,,,2026-03-03,2026-04-03,续26年6月3日（6个月）,3月租金1,明远公寓,
,319,1200,1200.0,,,,,,2026-03-15,2026-04-15,26年4月14日（1年）,3月租金1,明远公寓,
,320,2080,2080.0,,,,,,2026-03-26,2026-04-26,26年4月25日（1年）,3月租金1,明远公寓,
,322,2050,2050.0,,,,,,2026-03-10,2026-04-10,2026年9月9日（1年）,3月租金1,明远公寓,
,323,2150,2150.0,,,,,,2026-03-01,2026-04-01,续26年7月30日（1年）减800,3月租金1,明远公寓,
,324,1680,1680.0,,,,,,2026-03-18,2026-04-18,26年9月17日（1年）,3月租金1,明远公寓,
,326,2000,12000.0,,,,,,2026-03-28,2026-09-28,续27年3月27日（1年）租金2000,3月租金1,明远公寓,
,328,2080,2080.0,2080.0,,,,1040.0,2026-03-05,2026-04-05,26年9月4日（6个月）,3月租金1,明远公寓,
,329,2200,2200.0,,,,,,2026-03-17,2026-04-17, ,3月租金1,明远公寓,
,331,1680,1680.0,1680.0,,,,1680.0,2026-03-08,2026-04-08,27年3月7日（1年）,3月租金1,明远公寓,
,332,1500,1400.0,,,,,,2026-03-15,2026-04-15,继1年减100 25年5月14日（没窗户）,3月租金1,明远公寓,
,333,2180,2180.0,,,,,,2026-03-25,2026-04-25,27年2月24日（1年）,3月租金1,明远公寓,
,202,1850,1850.0,,,,,,2026-02-24,2026-03-24,25年4月23日（6个月）,2月租金1,明远公寓,
,205,1700,1700.0,,,,,,2026-02-24,2026-03-24,续25年10月23日（6个月）减50元,2月租金1,明远公寓,
,206,1800,1800.0,,,,,,2026-02-18,2026-03-18,续26年3月17日（1年）（减600）,2月租金1,明远公寓,
,207,1880,1880.0,,,,,,2026-02-23,2026-03-23,26年8月22日（1年）,2月租金1,明远公寓,
,208,1700,1700.0,,,,,,2026-02-04,2026-03-04,续26年7月3日（10个月）减180租金1700,2月租金1,明远公寓,
,209,1700,,,,,,,2025-05-18,2026-05-18,26年5月17日（1年）,2月租金1,明远公寓,
,210,1800,,,,,,,2026-02-20,2027-02-20,续26年3月19日（1年）,2月租金1,明远公寓,
,211,500,,,,,,,2026-01-01,2026-02-28,2个月,2月租金1,明远公寓,
,213,2200,2200.0,,,,,,2026-02-22,2026-03-22,26年8月21日（1年）,2月租金1,明远公寓,
,214,2000,2000.0,,,,,,2026-02-10,2026-03-10,26年3月9日（1年）,2月租金1,明远公寓,
,215,2280,2200.0,,,,,,2026-02-01,2026-03-01,续26年3月30号（2个月）减80,2月租金1,明远公寓,
,216,2150,2150.0,,,,,,2026-02-28,2026-03-28,26年6月28日（1年）,2月租金1,明远公寓,
,217,1800,1800.0,,,,,,2026-02-25,2026-03-25,续26年6月24日（1年）减200,2月租金1,明远公寓,
,218,1700,1700.0,,1700.0,,,,2026-02-01,2026-03-01,退房,2月租金1,明远公寓,
,301,1800,3600.0,,,,,,2026-02-02,2026-04-02,25年1月1日（半年）,2月租金1,明远公寓,3楼
,302,1800,1800.0,,,,,,2026-02-12,2026-03-12,27年1月11日（1年）,2月租金1,明远公寓,
,303,1600,2506.0,,,,,,2026-02-15,2026-03-15,续26年11月28日（1年）减300客户调了时间,2月租金1,明远公寓,
,304,1700,1700.0,,,,,,2026-02-20,2026-03-20,26年3月19日（4个月）,2月租金1,明远公寓,
,305,1650,1650.0,,,,,,2026-02-22,2026-03-22,26年4月21日（1年）,2月租金1,明远公寓,
,307,2000,2000.0,,,,,,2026-02-01,2026-03-01,续26年8月31日到期（1年）减1000,2月租金1,明远公寓,
,308,2000,2000.0,,,,,,2026-02-24,2026-03-24,26年9月23日（1年）,2月租金1,明远公寓,
,309,1900,4500.0,,,,,,2025-03-01,2026-06-01,续27年2月28日到期（1年）（减免1200）,2月租金1,明远公寓,
,310,1800,,,840.0,,,,2026-02-12,2027-02-12,退房,2月租金1,明远公寓,
,311,1800,1800.0,,,,,,2026-02-26,2026-03-26,续26年6月25日（1年减100）,2月租金1,明远公寓,
,312,2000,2000.0,,,,,,2026-02-26,2026-03-26,27年1月25日（1年）,2月租金1,明远公寓,
,313,1900,1900.0,,,,,,2026-02-22,2026-03-22,续2026年7月21日（1年)减800,2月租金1,明远公寓,
,314,1900,1900.0,,,,,,2026-02-23,2026-03-23,续2026年7月22日（1年)减800,2月租金1,明远公寓,
,315,1900,1900.0,,,,,,2026-02-24,2026-03-24,26年11月23日（1年）,2月租金1,明远公寓,
,316,2000,2000.0,,,,,,2026-02-24,2026-03-24,26年8月23日（1年）,2月租金1,明远公寓,
,317,2000,2000.0,,,,,,2026-02-10,2026-03-10,26年11月9日（1年）,2月租金1,明远公寓,
,318,1800,1800.0,,,,,,2026-02-03,2026-03-03,续26年6月3日（6个月）,2月租金1,明远公寓,
,319,1200,1200.0,,,,,,2026-02-15,2026-03-18,26年4月14日（1年）,2月租金1,明远公寓,
,320,2080,2080.0,,,,,,2026-02-26,2026-03-26,26年4月25日（1年）,2月租金1,明远公寓,
,321,2000,2000.0,,,,,,2026-02-05,2026-03-05,26年8月4日（1年）,2月租金1,明远公寓,
,322,2050,2050.0,,,,,,2026-02-10,2026-03-10,2026年9月9日（1年）,2月租金1,明远公寓,
,323,2150,2150.0,,,,,,2026-02-01,2026-03-01,续26年7月30日（1年）减800,2月租金1,明远公寓,
,324,1680,1680.0,,,,,,2026-02-18,2026-03-18,26年9月17日（1年）,2月租金1,明远公寓,
,325,1800,1800.0,,,,,,2026-02-20,2026-03-20,25年12月19日（1年）,2月租金1,明远公寓,
,326,2180,2180.0,2180.0,2280.0,,,182.0,2026-02-27,2026-03-27,1个月,2月租金1,明远公寓,
,327,2100,2100.0,,,,,,2026-02-03,2026-03-03,26年11月2日（1年）,2月租金1,明远公寓,
,328,1000,2180.0,1000.0,1000.0,,,182.0,2026-02-03,2026-03-02,退房,2月租金1,明远公寓,
,329,2200,2200.0,,,,,,2026-02-17,2026-03-17, ,2月租金1,明远公寓,
,330,1700,1700.0,,,,,,2026-02-02,2026-03-02,26年8月1日（1年）,2月租金1,明远公寓,
,332,1500,1400.0,,,,,,2026-02-15,2026-03-15,继1年减100 25年5月14日（没窗户）,2月租金1,明远公寓,
,333,2180,2180.0,2180.0,,,,2180.0,2026-02-25,2026-03-25,27年2月24日（1年）,2月租金1,明远公寓,
,334,2000,2000.0,,,,,,2026-02-10,2026-03-10,26年3月9日（1年）,2月租金1,明远公寓,
,202,1850,1850.0,,,,,,2025-01-24,2026-02-24,25年4月23日（6个月）,1月租金1,明远公寓,
,205,1700,1700.0,,,,,,2025-01-24,2026-02-24,续25年10月23日（6个月）减50元,1月租金1,明远公寓,
,206,1800,1800.0,,,,,,2025-01-18,2026-02-18,续26年3月17日（1年）（减600）,1月租金1,明远公寓,
,207,1880,1880.0,,,,,,2025-01-23,2026-02-23,26年8月22日（1年）,1月租金1,明远公寓,
,208,1700,1700.0,,,,,,2025-01-04,2026-02-04,续26年7月3日（10个月）减180租金1700,1月租金1,明远公寓,
,209,1700,,,,,,,2025-05-18,2026-05-18,26年5月17日（1年）,1月租金1,明远公寓,
,210,1800,1800.0,,,,,,2025-01-20,2026-02-20,续26年3月19日（1年）,1月租金1,明远公寓,
,211,500,3200.0,500.0,,,,,2026-01-01,2026-02-28,2个月,1月租金1,明远公寓,
,213,2200,2200.0,,,,,,2025-01-22,2026-02-22,26年8月21日（1年）,1月租金1,明远公寓,
,214,2000,2000.0,,,,,,2025-01-10,2026-02-10,26年3月9日（1年）,1月租金1,明远公寓,
,215,2280,2280.0,,,,,,2025-01-01,2026-02-01,26年1月30号（6个月）,1月租金1,明远公寓,
,216,2150,2150.0,,,,,,2025-01-28,2026-02-28,26年6月28日（1年）,1月租金1,明远公寓,
,217,1800,1800.0,,,,,,2025-01-25,2026-02-25,续26年6月24日（1年）减200,1月租金1,明远公寓,
,218,1700,1700.0,,,,,,2025-01-01,2026-02-01,26年2月28日（1年）,1月租金1,明远公寓,
,301,1800,1800.0,,,,,,2025-01-02,2026-02-02,25年1月1日（半年）,1月租金1,明远公寓,3楼
,302,1800,1800.0,1800.0,,,,1800.0,2026-01-12,2026-02-12,27年1月11日（1年）,1月租金1,明远公寓,
,303,1600,1600.0,,,,,,2025-01-28,2026-01-28,续26年11月28日（1年）减300,1月租金1,明远公寓,
,304,1700,1700.0,,,,,,2025-01-20,2026-02-20,26年3月19日（4个月）,1月租金1,明远公寓,
,305,1650,1650.0,,,,,,2025-01-22,2026-02-22,26年4月21日（1年）,1月租金1,明远公寓,
,307,2000,2000.0,,,,,,2025-01-01,2025-02-01,续26年8月31日到期（1年）减1000,1月租金1,明远公寓,
,308,2000,2000.0,,,,,,2025-01-24,2026-02-24,26年9月23日（1年）,1月租金1,明远公寓,
,309,1900,,,,,,,2025-03-01,2026-03-01,续26年2月28日到期（1年）（减免1200）,1月租金1,明远公寓,
,310,1800,1800.0,,,,,,2025-01-12,2026-02-12,25年4月11日（6个月）,1月租金1,明远公寓,
,311,1800,1800.0,,,,,,2025-01-26,2026-02-26,续26年6月25日（1年减100）,1月租金1,明远公寓,
,312,2000,2000.0,2000.0,,,,2000.0,2026-01-26,2026-02-26,27年1月25日（1年）,1月租金1,明远公寓,
,313,1900,1900.0,,,,,,2025-01-22,2026-02-22,续2026年7月21日（1年)减800,1月租金1,明远公寓,
,314,1900,1900.0,,,,,,2025-01-23,2026-02-23,续2026年7月22日（1年)减800,1月租金1,明远公寓,
,315,1900,1900.0,,,,,,2025-01-24,2026-02-24,26年11月23日（1年）,1月租金1,明远公寓,
,316,2000,2000.0,,,,,,2025-01-24,2026-02-24,26年8月23日（1年）,1月租金1,明远公寓,
,317,2000,2000.0,,,,,,2025-01-10,2026-02-10,26年11月9日（1年）,1月租金1,明远公寓,
,318,1800,1800.0,,,,,,2025-01-03,2026-02-03,续26年6月3日（6个月）,1月租金1,明远公寓,
,319,1200,1200.0,,,,,,2025-01-15,2026-02-15,26年4月14日（1年）,1月租金1,明远公寓,
,320,2080,2080.0,,,,,,2025-01-26,2026-02-26,26年4月25日（1年）,1月租金1,明远公寓,
,321,2000,2000.0,,,,,,2025-01-05,2026-02-05,26年8月4日（1年）,1月租金1,明远公寓,
,322,2050,2050.0,,,,,,2025-01-10,2026-02-10,2026年9月9日（1年）,1月租金1,明远公寓,
,323,2150,2150.0,,,,,,2025-01-01,2026-02-01,续26年7月30日（1年）减800,1月租金1,明远公寓,
,324,1680,1680.0,,,,,,2025-01-18,2026-02-18,26年9月17日（1年）,1月租金1,明远公寓,
,325,1800,1800.0,,,,,,2025-01-20,2026-02-20,25年12月19日（1年）,1月租金1,明远公寓,
,326,2280,2280.0,,,,,,2025-01-12,2026-02-12,26年2月11日（3个月）,1月租金1,明远公寓,
,327,2100,2100.0,,,,,,2025-01-03,2025-02-03,26年11月2日（1年）,1月租金1,明远公寓,
,329,2200,2200.0,,,,,,2025-12-17,2026-02-17, ,1月租金1,明远公寓,
,330,1700,1700.0,,,,,,2025-01-02,2026-02-02,26年8月1日（1年）,1月租金1,明远公寓,
,332,1500,1400.0,,,,,,2025-01-15,2026-02-15,继1年减100 25年5月14日（没窗户）,1月租金1,明远公寓,
,334,2000,4000.0,,,,,,2025-01-10,2026-02-10,26年3月9日（1年）,1月租金1,明远公寓,
,202,1850,1850.0,,,,,,2025-12-24,2026-01-24,25年4月23日（6个月）,12月租金1,明远公寓,
,203,1800,,,1800.0,,,,2025-12-09,2026-12-09,退房,12月租金1,明远公寓,
,204,1750,1750.0,,,,,,2025-12-14,2026-01-14,续26年9月13日（1年）减50,12月租金1,明远公寓,
,205,1700,1700.0,,,,,,2025-12-24,2026-01-24,续25年10月23日（6个月）减50元,12月租金1,明远公寓,
,206,1800,1800.0,,,,,,2025-12-18,2026-01-18,续26年3月17日（1年）（减600）,12月租金1,明远公寓,
,207,1880,1880.0,,,,,,2025-12-23,2026-01-23,26年8月22日（1年）,12月租金1,明远公寓,
,208,1700,1700.0,,,,,,2025-12-04,2026-01-04,续26年7月3日（10个月）减180租金1700,12月租金1,明远公寓,
,209,1700,,,,,,,2025-05-18,2026-05-18,26年5月17日（1年）,12月租金1,明远公寓,
,210,1800,1800.0,,,,,,2025-12-20,2026-01-20,续26年3月19日（1年）,12月租金1,明远公寓,
,213,2200,2200.0,,,,,,2025-12-22,2026-01-22,26年8月21日（1年）,12月租金1,明远公寓,
,214,2000,2000.0,,,,,,2025-12-10,2026-01-10,26年3月9日（1年）,12月租金1,明远公寓,
,215,2280,2280.0,,,,,,2025-12-01,2026-01-01,26年1月30号（6个月）,12月租金1,明远公寓,
,216,2150,2150.0,,,,,,2025-12-28,2026-01-28,26年6月28日（1年）,12月租金1,明远公寓,
,217,1800,1800.0,,,,,,2025-12-25,2026-01-25,续26年6月24日（1年）减200,12月租金1,明远公寓,
,218,1700,1700.0,,,,,,2025-12-01,2026-01-01,26年2月28日（1年）,12月租金1,明远公寓,
,301,1800,1800.0,,,,,,2025-12-02,2026-01-02,25年1月1日（半年）,12月租金1,明远公寓,3楼
,302,1800,1800.0,,,,,,2025-12-02,2026-01-02,26年2月1日（3个月）,12月租金1,明远公寓,
,303,1600,1300.0,,,,,,2025-12-28,2026-01-28,续26年11月28日（1年）减300,12月租金1,明远公寓,
,304,1700,1700.0,,,,,,2025-12-20,2026-01-20,26年3月19日（4个月）,12月租金1,明远公寓,
,305,1650,1650.0,,,,,,2025-12-22,2026-01-22,26年4月21日（1年）,12月租金1,明远公寓,
,306,2000,2200.0,,2120.0,,,,2025-12-23,2026-12-23,退房,12月租金1,明远公寓,
,307,2000,2000.0,,,,,,2025-12-01,2026-01-01,续26年8月31日到期（1年）减1000,12月租金1,明远公寓,
,308,2000,2000.0,,,,,,2025-12-24,2026-01-24,26年9月23日（1年）,12月租金1,明远公寓,
,309,1900,,,,,,,2025-03-01,2026-03-01,续26年2月28日到期（1年）（减免1200）,12月租金1,明远公寓,
,310,1800,1800.0,,,,,,2025-12-12,2026-01-12,25年4月11日（6个月）,12月租金1,明远公寓,
,311,1800,1800.0,,,,,,2025-12-26,2026-01-26,续26年6月25日（1年减100）,12月租金1,明远公寓,
,312,1900,,,,,,,2025-12-26,2026-12-26,退房,12月租金1,明远公寓,
,313,1900,1900.0,,,,,,2025-12-22,2026-01-22,续2026年7月21日（1年)减800,12月租金1,明远公寓,
,314,1900,1900.0,,,,,,2025-12-23,2026-01-23,续2026年7月22日（1年)减800,12月租金1,明远公寓,
,315,1900,1900.0,,,,,,2025-12-24,2026-01-24,26年11月23日（1年）,12月租金1,明远公寓,
,316,2000,2000.0,,,,,,2025-12-24,2026-01-24,26年8月23日（1年）,12月租金1,明远公寓,
,317,2000,2000.0,,,,,,2025-12-10,2026-01-10,26年11月9日（1年）,12月租金1,明远公寓,
,318,1800,1800.0,,,,,,2025-12-03,2026-01-03,续26年6月3日（6个月）,12月租金1,明远公寓,
,319,1200,1200.0,,,,,,2025-12-15,2026-01-15,26年4月14日（1年）,12月租金1,明远公寓,
,320,2080,2080.0,,,,,,2025-12-26,2026-01-26,26年4月25日（1年）,12月租金1,明远公寓,
,321,2000,2000.0,,,,,,2025-12-05,2026-01-05,26年8月4日（1年）,12月租金1,明远公寓,
,322,2050,2050.0,,,,,,2025-12-10,2026-01-10,2026年9月9日（1年）,12月租金1,明远公寓,
,323,2150,2150.0,,,,,,2025-12-01,2026-01-01,续26年7月30日（1年）减800,12月租金1,明远公寓,
,324,1680,1680.0,,,,,,2025-12-18,2026-01-18,26年9月17日（1年）,12月租金1,明远公寓,
,325,1800,1800.0,,,,,,2025-12-20,2026-01-20,25年12月19日（1年）,12月租金1,明远公寓,
,326,2280,2280.0,,,,,,2025-12-12,2026-01-12,26年2月11日（3个月）,12月租金1,明远公寓,
,327,2100,2100.0,,,,,,2025-12-03,2026-12-03,26年11月2日（1年）,12月租金1,明远公寓,
,328,2200,,,2200.0,,,,2025-12-10,2026-12-10,退房,12月租金1,明远公寓,
,329,2200,2200.0,,,,,,2025-12-17,2026-01-17, ,12月租金1,明远公寓,
,330,1700,1700.0,,,,,,2025-12-02,2026-01-02,26年8月1日（1年）,12月租金1,明远公寓,
,332,1500,1400.0,,,,,,2025-12-15,2026-01-15,继1年减100 25年5月14日（没窗户）,12月租金1,明远公寓,
,334,2000,,,,,,,2025-12-10,2026-12-10,26年3月9日（1年）,12月租金1,明远公寓,
,202,1850,1850.0,,,,,,2025-11-24,2025-12-24,25年4月23日（6个月）,11月租金1,明远公寓,
,203,1800,1800.0,,,,,,2025-11-09,2025-12-09,25年8月8日（6个月）,11月租金1,明远公寓,
,204,1750,1750.0,,,,,,2025-11-14,2025-12-14,续26年9月13日（1年）减50,11月租金1,明远公寓,
,205,1700,1700.0,,,,,,2025-11-24,2025-12-24,续25年10月23日（6个月）减50元,11月租金1,明远公寓,
,206,1800,1800.0,,,,,,2025-11-18,2025-12-18,续26年3月17日（1年）（减600）,11月租金1,明远公寓,
,207,1880,1880.0,,,,,,2025-11-23,2025-12-23,26年8月22日（1年）,11月租金1,明远公寓,
,208,1700,1700.0,,,,,,2025-11-04,2025-12-04,续26年7月3日（10个月）减180租金1700,11月租金1,明远公寓,
,209,1700,10200.0,,,,,,2025-11-18,2025-12-18,26年5月17日（1年）,11月租金1,明远公寓,
,210,1800,1800.0,,,,,,2025-11-20,2025-12-20,续26年3月19日（1年）,11月租金1,明远公寓,
,211,1880,1880.0,,,,,,2025-10-29,2025-11-29,退房,11月租金1,明远公寓,
,212,,2200.0,,,,,,2025-11-29,2025-12-29,26年5月28日（6个月）没付押金中介费,11月租金1,明远公寓,
,213,2200,2200.0,,,,,,2025-11-22,2025-12-22,26年8月21日（1年）,11月租金1,明远公寓,
,214,2000,2000.0,,,,,,2025-11-10,2025-12-10,26年3月9日（1年）,11月租金1,明远公寓,
,215,2280,2280.0,,,,,,2025-11-01,2025-12-01,26年1月30号（6个月）,11月租金1,明远公寓,
,216,2150,2150.0,,,,,,2025-11-28,2025-12-28,26年6月28日（1年）,11月租金1,明远公寓,
,217,1800,1800.0,,,,,,2025-11-25,2025-12-25,续26年6月24日（1年）减200,11月租金1,明远公寓,
,218,1700,1700.0,,,,,,2025-11-01,2025-12-01,26年2月28日（1年）,11月租金1,明远公寓,
,301,1800,1800.0,,,,,,2025-11-02,2025-12-02,25年1月1日（半年）,11月租金1,明远公寓,3楼
,302,1800,1800.0,1800.0,,,,450.0,2025-11-02,2025-12-02,26年2月1日（3个月）,11月租金1,明远公寓,
,303,1600,1600.0,,,,,,2025-11-28,2025-12-28,25年11月28日（1年）,11月租金1,明远公寓,
,304,1700,1700.0,1700.0,,,,567.0,2025-11-20,2025-12-20,26年3月19日（4个月）,11月租金1,明远公寓,
,305,1650,1650.0,,,,,,2025-11-22,2025-12-22,26年4月21日（1年）,11月租金1,明远公寓,
,306,2200,,,,,,,2025-11-23,2026-11-23,1个月,11月租金1,明远公寓,
,307,2000,2000.0,,,,,,2025-11-01,2025-12-01,续26年8月31日到期（1年）减1000,11月租金1,明远公寓,
,308,2000,2000.0,,,,,,2025-11-24,2025-12-24,26年9月23日（1年）,11月租金1,明远公寓,
,309,1900,5700.0,,,,,,2025-12-01,2026-03-01,续26年2月28日到期（1年）（减免1200）,11月租金1,明远公寓,
,310,1800,1800.0,,,,,,2025-11-12,2025-12-12,25年4月11日（6个月）,11月租金1,明远公寓,
,311,1800,1800.0,,,,,,2025-11-26,2025-12-26,续26年6月25日（1年减100）,11月租金1,明远公寓,
,312,1900,1900.0,,,,,,2025-11-29,2025-12-26,26年3月25日（1年）,11月租金1,明远公寓,
,313,1900,1900.0,,,,,,2025-11-22,2025-12-22,续2026年7月21日（1年)减800,11月租金1,明远公寓,
,314,1900,1900.0,,,,,,2025-11-23,2025-12-23,续2026年7月22日（1年)减800,11月租金1,明远公寓,
,315,1900,1900.0,1900.0,,,,1900.0,2025-11-24,2025-12-24,26年11月23日（1年）,11月租金1,明远公寓,
,316,2000,2000.0,,,,,,2025-11-24,2025-12-24,26年8月23日（1年）,11月租金1,明远公寓,
,317,2000,2000.0,2000.0,2080.0,,,2000.0,2025-11-10,2025-12-10,26年11月9日（1年）,11月租金1,明远公寓,
,318,1800,1800.0,,,,,,2025-11-03,2025-12-03,25年12月3日（6个月）,11月租金1,明远公寓,
,319,1200,1200.0,,,,,,2025-11-15,2025-12-15,26年4月14日（1年）,11月租金1,明远公寓,
,320,2080,2080.0,,,,,,2025-11-26,2025-12-26,26年4月25日（1年）,11月租金1,明远公寓,
,321,2000,2000.0,,,,,,2025-11-05,2025-12-05,26年8月4日（1年）,11月租金1,明远公寓,
,322,2050,2050.0,,,,,,2025-11-10,2025-12-10,2026年9月9日（1年）,11月租金1,明远公寓,
,323,2150,2150.0,,,,,,2025-11-01,2025-12-01,续26年7月30日（1年）减800,11月租金1,明远公寓,
,324,1680,1680.0,,,,,,2025-11-18,2025-12-18,26年9月17日（1年）,11月租金1,明远公寓,
,325,1800,1800.0,,,,,,2025-11-20,2025-12-20,25年12月19日（1年）,11月租金1,明远公寓,
,326,2280,2280.0,2280.0,,,,570.0,2025-11-12,2025-12-12,26年2月11日（3个月）,11月租金1,明远公寓,
,327,2100,2100.0,2100.0,,,,2100.0,2025-11-03,2025-12-03,26年11月2日（1年）,11月租金1,明远公寓,
,328,2200,2200.0,,,,,,2025-11-10,2025-12-10,续25年12月9日（3个月）,11月租金1,明远公寓,
,329,2200,2200.0,,,,,,2025-11-17,2025-12-17, ,11月租金1,明远公寓,
,330,1700,1700.0,,,,,,2025-11-02,2025-12-02,26年8月1日（1年）,11月租金1,明远公寓,
,331,1600,1600.0,1600.0,,,,1600.0,2025-11-17,2025-12-17,26年11月16日（1年）,11月租金1,明远公寓,
,332,1500,1400.0,,,,,,2025-11-15,2025-12-15,继1年减100 25年5月14日（没窗户）,11月租金1,明远公寓,
,333,2000,,,2000.0,,,,2025-11-24,2026-11-24,到期退房,11月租金1,明远公寓,
,334,2000,2000.0,,,,,,2025-11-10,2025-12-10,26年3月9日（1年）,11月租金1,明远公寓,
,202,1850,1850.0,,,,,,2025-10-24,2025-11-24,25年4月23日（6个月）,10月租金1,明远公寓,
,203,1800,1800.0,,,,,,2025-10-09,2025-11-09,25年8月8日（6个月）,10月租金1,明远公寓,
,204,1750,1750.0,,,,,,2025-10-14,2025-11-14,续26年9月13日（1年）减50,10月租金1,明远公寓,
,205,1700,1700.0,,,,,,2025-10-24,2025-11-24,续25年10月23日（6个月）减50元,10月租金1,明远公寓,
,206,1800,1800.0,,,,,,2025-10-18,2025-11-18,续26年3月17日（1年）（减600）,10月租金1,明远公寓,
,207,1880,1880.0,,,,,,2025-10-23,2025-11-23,26年8月22日（1年）,10月租金1,明远公寓,
,208,1700,1700.0,,,,,,2025-10-04,2025-11-04,续26年7月3日（10个月）减180租金1700,10月租金1,明远公寓,
,209,1700,,,,,,,2025-11-18,2026-11-18,26年5月17日（1年）,10月租金1,明远公寓,
,210,1800,1800.0,,,,,,2025-10-20,2025-11-20,续26年3月19日（1年）,10月租金1,明远公寓,
,211,1880,,,,,,,2025-10-29,2026-10-29,26年3月28日（8个月）,10月租金1,明远公寓,
,212,1800,2050.0,,2200.0,,,,2025-10-28,2025-11-28,26年9月27日（1年）201调房（前租客到期）,10月租金1,明远公寓,
,213,2200,2200.0,,,,,,2025-10-22,2025-11-22,26年8月21日（1年）,10月租金1,明远公寓,
,214,2000,2000.0,,,,,,2025-10-10,2025-11-10,26年3月9日（1年）,10月租金1,明远公寓,
,215,2280,2280.0,,,,,,2025-10-01,2025-11-01,26年1月30号（6个月）,10月租金1,明远公寓,
,216,2150,2150.0,,,,,,2025-10-28,2025-11-28,26年6月28日（1年）,10月租金1,明远公寓,
,217,1800,1800.0,,,,,,2025-10-25,2025-11-25,续26年6月24日（1年）减200,10月租金1,明远公寓,
,218,1700,1700.0,,,,,,2025-10-01,2025-11-01,26年2月28日（1年）,10月租金1,明远公寓,
,301,1800,1800.0,,,,,,2025-10-02,2025-11-02,25年1月1日（半年）,10月租金1,明远公寓,3楼
,302,1880,,,1880.0,,,,2025-10-01,2026-10-01,退房,10月租金1,明远公寓,
,303,1600,1600.0,,,,,,2025-10-28,2026-10-28,25年11月28日（1年）,10月租金1,明远公寓,
,305,1650,1650.0,,,,,,2025-10-22,2025-11-22,26年4月21日（1年）,10月租金1,明远公寓,
,306,2200,2300.0,2200.0,760.0,,,,2025-10-23,2025-11-23,1个月,10月租金1,明远公寓,
,307,2000,2000.0,,,,,,2025-10-01,2025-11-01,续26年8月31日到期（1年）减1000,10月租金1,明远公寓,
,308,2000,2000.0,,,,,,2025-10-24,2025-11-24,26年9月23日（1年）,10月租金1,明远公寓,
,309,1900,,,,,,,2025-12-01,2026-12-01,续26年2月28日到期（1年）（减免1200）,10月租金1,明远公寓,
,310,1800,1800.0,,,,,,2025-10-12,2025-11-12,25年4月11日（6个月）,10月租金1,明远公寓,
,311,1800,1800.0,,,,,,2025-10-26,2025-11-26,续26年6月25日（1年减100）,10月租金1,明远公寓,
,312,1900,1900.0,,,,,,2025-10-26,2025-11-26,26年3月25日（1年）,10月租金1,明远公寓,
,313,1900,1900.0,,,,,,2025-10-22,2025-11-22,续2026年7月21日（1年)减800,10月租金1,明远公寓,
,314,1900,1900.0,,,,,,2025-10-23,2025-11-23,续2026年7月22日（1年)减800,10月租金1,明远公寓,
,315,1800,1800.0,,,,,,2025-10-15,2025-11-15,26年9月14日（1年）,10月租金1,明远公寓,
,316,2000,2000.0,,,,,,2025-10-24,2025-11-24,26年8月23日（1年）,10月租金1,明远公寓,
,317,2080,2080.0,2080.0,2200.0,,,173.0,2025-10-10,2025-11-09,1个月,10月租金1,明远公寓,
,318,1800,1800.0,,,,,,2025-10-03,2025-11-03,25年12月3日（6个月）,10月租金1,明远公寓,
,319,1200,1200.0,,,,,,2025-10-15,2025-11-15,26年4月14日（1年）,10月租金1,明远公寓,
,320,2080,2080.0,,,,,,2025-10-26,2025-11-26,26年4月25日（1年）,10月租金1,明远公寓,
,321,2000,2000.0,,,,,,2025-10-05,2025-11-05,26年8月4日（1年）,10月租金1,明远公寓,
,322,2050,2050.0,,,,,,2025-10-10,2025-11-10,2026年9月9日（1年）,10月租金1,明远公寓,
,323,2150,2150.0,,,,,,2025-10-01,2025-11-01,续26年7月30日（1年）减800,10月租金1,明远公寓,
,324,1680,1680.0,,,,,,2025-10-18,2025-11-18,26年9月17日（1年）,10月租金1,明远公寓,
,325,1800,1800.0,,,,,,2025-10-20,2025-11-20,25年12月19日（1年）,10月租金1,明远公寓,
,326,2000,2000.0,,,,,,2025-10-20,2025-11-20,续26年6月19日（1年）减800,10月租金1,明远公寓,
,327,2000,,,,,,,2025-10-26,2026-10-26,退房,10月租金1,明远公寓,
,328,2200,2200.0,,,,,,2025-10-10,2025-11-10,续25年12月9日（3个月）,10月租金1,明远公寓,
,329,2200,2200.0,,,,,,2025-10-17,2025-11-17, ,10月租金1,明远公寓,
,330,1700,1700.0,,,,,,2025-10-02,2025-11-02,26年8月1日（1年）,10月租金1,明远公寓,
,331,1600,1600.0,1600.0,,,,1600.0,2025-10-12,2025-11-12,26年10月11日（1年）,10月租金1,明远公寓,
,332,1500,1400.0,,,,,,2025-10-15,2025-11-15,继1年减100 25年5月14日（没窗户）,10月租金1,明远公寓,
,333,2000,2000.0,,,,,,2025-10-24,2025-11-24,25年11月23日（6个月）,10月租金1,明远公寓,
,334,2000,2000.0,,,,,,2025-10-10,2025-11-10,26年3月9日（1年）,10月租金1,明远公寓,
,201,1800,1800.0,1800.0,,,,1800.0,2025-09-28,2025-10-28,26年9月27日（1年）,9月租金1,明远公寓,2楼
,202,1850,1850.0,,,,,,2025-09-24,2025-10-24,25年4月23日（6个月）,9月租金1,明远公寓,
,203,1800,1800.0,,,,,,2025-09-09,2025-10-09,25年8月8日（6个月）,9月租金1,明远公寓,
,204,1750,1750.0,,,,,,2025-09-14,2025-10-14,续26年9月13日（1年）减50,9月租金1,明远公寓,
,205,1700,1700.0,,,,,,2025-09-24,2025-10-24,续25年10月23日（6个月）减50元,9月租金1,明远公寓,
,206,1800,1800.0,,,,,,2025-09-18,2025-10-18,续26年3月17日（1年）（减600）,9月租金1,明远公寓,
,207,1880,1880.0,,,,,,2025-09-23,2025-10-23,26年8月22日（1年）,9月租金1,明远公寓,
,208,1700,1700.0,,,,,,2025-09-04,2025-10-04,续26年7月3日（10个月）减180租金1700,9月租金1,明远公寓,
,209,1700,,,,,,,2025-11-18,2026-11-18,26年5月17日（1年）,9月租金1,明远公寓,
,210,1800,1800.0,,,,,,2025-09-20,2025-10-20,续26年3月19日（1年）,9月租金1,明远公寓,
,211,1880,1880.0,,,,,,2025-09-29,2025-10-29,26年3月28日（8个月）,9月租金1,明远公寓,
,212,2200,2200.0,,,,,,2025-09-28,2025-10-28,2025年10月27日（3个月）,9月租金1,明远公寓,
,213,2200,2200.0,,,,,,2025-09-22,2025-10-22,26年8月21日（1年）,9月租金1,明远公寓,
,214,2000,2000.0,,,,,,2025-09-10,2025-10-10,26年3月9日（1年）,9月租金1,明远公寓,
,215,2280,2280.0,,,,,,2025-09-01,2025-10-01,26年1月30号（6个月）,9月租金1,明远公寓,
,216,2150,2150.0,,,,,,2025-09-28,2025-10-28,26年6月28日（1年）,9月租金1,明远公寓,
,217,1800,1800.0,,,,,,2025-09-25,2025-10-25,续26年6月24日（1年）减200,9月租金1,明远公寓,
,218,1700,1700.0,,,,,,2025-09-01,2025-10-01,26年2月28日（1年）,9月租金1,明远公寓,
,301,1800,1800.0,,,,,,2025-09-02,2025-10-02,25年1月1日（半年）,9月租金1,明远公寓,3楼
,302,1880,1880.0,,,,,,2025-09-01,2025-10-01,25年10月1日（3个月）,9月租金1,明远公寓,
,303,1600,1600.0,,,,,,2025-09-28,2026-09-28,25年11月28日（1年）,9月租金1,明远公寓,
,305,1650,1650.0,,,,,,2025-09-22,2025-10-22,26年4月21日（1年）,9月租金1,明远公寓,
,306,1900,1900.0,,,,,,2025-09-01,2025-10-01,25年9月30日（5个月）,9月租金1,明远公寓,
,307,2000,1000.0,,,,,,2025-09-01,2025-10-01,续26年8月31日到期（1年）减1000,9月租金1,明远公寓,
,308,2000,2000.0,2000.0,,,,2000.0,2025-09-24,2025-10-24,26年9月23日（1年）,9月租金1,明远公寓,
,309,1900,,,,,,,2025-12-01,2026-12-01,续26年2月28日到期（1年）（减免1200）,9月租金1,明远公寓,
,310,1800,1800.0,,,,,,2025-09-12,2025-10-12,25年4月11日（6个月）,9月租金1,明远公寓,
,311,1800,1800.0,,,,,,2025-09-26,2025-10-26,续26年6月25日（1年减100）,9月租金1,明远公寓,
,312,1900,3800.0,,,,,,2025-09-26,2025-10-26,26年3月25日（1年）,9月租金1,明远公寓,
,313,1900,1900.0,,,,,,2025-09-22,2025-10-22,续2026年7月21日（1年)减800,9月租金1,明远公寓,
,314,1900,1900.0,,,,,,2025-09-23,2025-10-23,续2026年7月22日（1年)减800,9月租金1,明远公寓,
,315,1800,1800.0,1800.0,,,,1800.0,2025-09-15,2025-10-15,26年9月14日（1年）,9月租金1,明远公寓,
,316,2000,2000.0,,,,,,2025-09-24,2025-10-24,26年8月23日（1年）,9月租金1,明远公寓,
,317,2200,2200.0,,,,,,2025-09-19,2025-10-19,25年11月18日（3个月）,9月租金1,明远公寓,
,318,1800,1800.0,,,,,,2025-09-03,2025-10-03,25年12月3日（6个月）,9月租金1,明远公寓,
,319,1200,1480.0,,,,,,2025-09-15,2025-10-15,26年4月14日（1年）,9月租金1,明远公寓,
,320,2080,2080.0,,,,,,2025-09-26,2025-10-26,26年4月25日（1年）,9月租金1,明远公寓,
,321,2000,2000.0,,,,,,2025-09-05,2025-10-05,26年8月4日（1年）,9月租金1,明远公寓,
,322,2050,2590.0,,,,,1800.0,2025-09-10,2025-10-10,2026年9月9日（1年）201调房,9月租金1,明远公寓,
,323,2150,2150.0,,,,,,2025-09-01,2025-10-01,续26年7月30日（1年）减800,9月租金1,明远公寓,
,324,1680,1680.0,,,,,1680.0,2025-09-18,2025-10-18,26年9月17日（1年）,9月租金1,明远公寓,
,325,1800,1800.0,,,,,,2025-09-20,2025-10-20,25年12月19日（1年）,9月租金1,明远公寓,
,326,2000,2000.0,,,,,,2025-09-20,2025-10-20,续26年6月19日（1年）减800,9月租金1,明远公寓,
,327,2000,2000.0,,,,,,2025-09-26,2025-10-26,26年3月25日（1年）,9月租金1,明远公寓,
,328,2200,2200.0,,,,,,2025-09-10,2025-10-10,续25年12月9日（3个月）,9月租金1,明远公寓,
,329,2200,2200.0,,,,,,2025-09-17,2025-10-17, ,9月租金1,明远公寓,
,330,1700,1700.0,,,,,,2025-09-02,2025-10-02,26年8月1日（1年）,9月租金1,明远公寓,
,331,1600,1600.0,,1600.0,,,,2025-09-20,2025-10-20,退房,9月租金1,明远公寓,
,332,1500,1400.0,,,,,,2025-09-15,2025-10-15,继1年减100 25年5月14日（没窗户）,9月租金1,明远公寓,
,333,2000,2000.0,,,,,,2025-09-24,2025-10-24,25年11月23日（6个月）,9月租金1,明远公寓,
,334,2000,2000.0,,,,,,2025-09-10,2025-10-10,26年3月9日（1年）,9月租金1,明远公寓,
,202,1850,1850.0,,,,,,2025-08-24,2025-09-24,25年4月23日（6个月）,8月租金1,明远公寓,
,203,1800,1800.0,,,,,,2025-08-09,2025-09-09,25年8月8日（6个月）,8月租金1,明远公寓,
,204,1800,1800.0,,,,,,2025-08-14,2025-09-14,25年1月18日（3个月）,8月租金1,明远公寓,
,205,1700,1700.0,,,,,,2025-08-24,2025-09-24,续25年10月23日（6个月）减50元,8月租金1,明远公寓,
,206,1800,1800.0,,,,,,2025-08-18,2025-09-18,续26年3月17日（1年）（减600）,8月租金1,明远公寓,
,207,1880,1880.0,,,,,,2025-08-23,2025-09-23,25年8月22日（1年）,8月租金1,明远公寓,
,208,1880,1880.0,,,,,,2025-08-04,2025-09-04,续26年7月3日（10个月）减180租金1700,8月租金1,明远公寓,
,209,1700,,,,,,,2025-11-18,2026-11-18,26年5月17日（1年）,8月租金1,明远公寓,
,210,1800,1800.0,,,,,,2025-08-20,2025-09-20,续26年3月19日（1年）,8月租金1,明远公寓,
,211,1880,1880.0,,,,,,2025-08-29,2025-09-29,26年3月28日（8个月）,8月租金1,明远公寓,
,212,2200,2200.0,,,,,,2025-08-28,2025-09-28,2025年10月27日（3个月）,8月租金1,明远公寓,
,213,2200,2200.0,,2280.0,,,2200.0,2025-08-22,2025-09-22,26年8月21日（1年）,8月租金1,明远公寓,
,214,2000,2000.0,,,,,,2025-08-10,2025-09-10,26年3月9日（1年）,8月租金1,明远公寓,
,215,2280,,,,,,,2025-08-01,2025-09-01,26年1月30号（6个月）,8月租金1,明远公寓,
,216,2150,2150.0,,,,,,2025-08-28,2025-09-28,26年6月28日（1年）,8月租金1,明远公寓,
,217,1800,1800.0,,,,,,2025-08-25,2025-09-25,续26年6月24日（1年）减200,8月租金1,明远公寓,
,218,1700,1700.0,,,,,,2025-08-01,2025-09-01,26年2月28日（1年）,8月租金1,明远公寓,
,301,1800,1800.0,,,,,,2025-08-02,2025-09-02,25年1月1日（半年）,8月租金1,明远公寓,3楼
,302,1880,1880.0,,,,,,2025-08-02,2025-09-01,25年10月1日（3个月）,8月租金1,明远公寓,
,303,1600,1600.0,,,,,,2025-08-28,2026-08-28,25年11月28日（1年）,8月租金1,明远公寓,
,305,1650,1650.0,,,,,,2025-08-22,2025-09-22,26年4月21日（1年）,8月租金1,明远公寓,
,306,1900,1900.0,,,,,,2025-08-01,2025-09-01,25年9月30日（5个月）,8月租金1,明远公寓,
,307,2000,2000.0,,,,,,2025-08-01,2025-09-01,续26年8月31日到期（1年）减1000,8月租金1,明远公寓,
,309,1900,5700.0,,,,,,2025-09-01,2025-12-01,续26年2月28日到期（1年）（减免1200）,8月租金1,明远公寓,
,310,1800,1800.0,,,,,,2025-08-12,2025-09-12,25年4月11日（6个月）,8月租金1,明远公寓,
,311,1800,1800.0,,,,,,2025-08-26,2025-09-26,续26年6月25日（1年减100）,8月租金1,明远公寓,
,312,1900,,,,,,,2025-08-26,2026-08-26,26年3月25日（1年）下月付,8月租金1,明远公寓,
,313,1900,1100.0,,,,,,2025-08-22,2025-09-22,续2026年7月21日（1年)减800,8月租金1,明远公寓,
,314,1900,1100.0,,,,,,2025-08-23,2025-09-23,续2026年7月22日（1年)减800,8月租金1,明远公寓,
,316,2000,2000.0,2000.0,,,,2000.0,2025-08-24,2025-09-24,26年8月23日（1年）,8月租金1,明远公寓,
,317,2200,2200.0,2200.0,1900.0,,,550.0,2025-08-19,2025-09-19,25年11月18日（3个月）,8月租金1,明远公寓,
,318,1800,1800.0,,,,,,2025-08-03,2025-09-03,25年12月3日（6个月）,8月租金1,明远公寓,
,319,1200,920.0,,,,,,2025-08-15,2026-08-15,26年4月14日（1年）欠280,8月租金1,明远公寓,
,320,2080,2080.0,,,,,,2025-08-26,2025-09-26,26年4月25日（1年）,8月租金1,明远公寓,
,321,2000,2000.0,2000.0,,,,2000.0,2025-08-05,2025-09-05,26年8月4日（1年）,8月租金1,明远公寓,
,322,2100,2100.0,,2100.0,,,,2025-08-03,2025-09-03,退房,8月租金1,明远公寓,
,323,2150,1350.0,,,,,,2025-08-01,2025-09-01,续26年7月30日（1年）减800,8月租金1,明远公寓,
,325,1800,1800.0,,,,,,2025-08-20,2025-09-20,25年12月19日（1年）,8月租金1,明远公寓,
,326,2000,2000.0,,,,,,2025-08-20,2025-09-20,续26年6月19日（1年）减800,8月租金1,明远公寓,
,327,2000,2000.0,,,,,,2025-08-26,2025-09-26,26年3月25日（1年）,8月租金1,明远公寓,
,328,2200,2200.0,,,,,,2025-08-10,2025-09-10,续25年12月9日（3个月）,8月租金1,明远公寓,
,329,2200,2200.0,,,,,,2025-08-17,2025-09-17, ,8月租金1,明远公寓,
,330,1700,1700.0,1700.0,,,,1700.0,2025-08-02,2025-09-02,26年8月1日（1年）,8月租金1,明远公寓,
,331,1600,1600.0,,,,,,2025-08-20,2025-09-20,25年10月19日（1年）,8月租金1,明远公寓,
,332,1500,1400.0,,,,,,2025-08-15,2025-09-15,继1年减100 25年5月14日（没窗户）,8月租金1,明远公寓,
,333,2000,2000.0,,,,,,2025-08-24,2025-09-24,25年11月23日（6个月）,8月租金1,明远公寓,
,334,2000,2000.0,,,,,,2025-08-10,2025-09-10,26年3月9日（1年）,8月租金1,明远公寓,
,201,1880,1880.0,,,,,,2025-07-03,2025-08-03,25年9月2日（5个月）,7月租金1,明远公寓,2楼
,202,1850,1850.0,,,,,,2025-07-24,2025-08-24,25年4月23日（6个月）,7月租金1,明远公寓,
,203,1800,1800.0,,,,,,2025-07-09,2025-08-09,25年8月8日（6个月）,7月租金1,明远公寓,
,204,1800,1800.0,,,,,,2025-07-14,2025-08-14,25年1月18日（3个月）,7月租金1,明远公寓,
,205,1700,1700.0,,,,,,2025-07-24,2025-08-24,续25年10月23日（6个月）减50元,7月租金1,明远公寓,
,206,1800,1800.0,,,,,,2025-07-18,2025-08-18,续26年3月17日（1年）（减600）,7月租金1,明远公寓,
,207,1880,1880.0,,,,,,2025-07-23,2025-08-23,25年8月22日（1年）,7月租金1,明远公寓,
,208,1880,1880.0,,,,,,2025-07-04,2025-08-04,25年9月3日（1年）,7月租金1,明远公寓,
,209,1700,,,,,,,2025-11-18,2026-11-18,26年5月17日（1年）,7月租金1,明远公寓,
,210,1800,1800.0,,,,,,2025-07-20,2025-08-20,续26年3月19日（1年）,7月租金1,明远公寓,
,211,1880,1880.0,1880.0,,,,1253.0,2025-07-29,2025-08-29,26年3月28日（8个月）,7月租金1,明远公寓,
,212,2200,2200.0,2200.0,,,,550.0,2025-07-28,2025-08-28,2025年10月27日（3个月）,7月租金1,明远公寓,
,213,2280,2280.0,,,,,,2025-07-11,2025-08-11,25年8月10日（1年）,7月租金1,明远公寓,
,214,2000,2000.0,,,,,,2025-07-10,2025-08-10,26年3月9日（1年）,7月租金1,明远公寓,
,215,2280,2280.0,2280.0,2100.0,,,1140.0,2025-08-01,2025-09-01,26年1月30号（6个月）,7月租金1,明远公寓,
,216,2150,2150.0,,,,,,2025-07-28,2025-08-28,26年6月28日（1年）,7月租金1,明远公寓,
,217,1800,3600.0,,,,,,2025-07-25,2025-08-25,续26年6月24日（1年）减200,7月租金1,明远公寓,
,218,1700,1700.0,,,,,,2025-07-01,2025-08-01,26年2月28日（1年）,7月租金1,明远公寓,
,301,1800,1800.0,,,,,,2025-07-02,2025-08-02,25年1月1日（半年）,7月租金1,明远公寓,3楼
,302,1880,1880.0,1880.0,1880.0,,,470.0,2025-07-02,2025-08-02,25年10月1日（3个月）,7月租金1,明远公寓,
,303,1600,1600.0,,,,,,2025-07-28,2026-07-28,25年11月28日（1年）,7月租金1,明远公寓,
,304,1800,1800.0,,,,,,2025-07-20,2025-08-20,续25年7月19日（1年）,7月租金1,明远公寓,
,305,1650,1650.0,,,,,,2025-07-22,2025-08-22,26年4月21日（1年）,7月租金1,明远公寓,
,306,1900,1900.0,,,,,,2025-07-01,2025-08-01,25年9月30日（5个月）,7月租金1,明远公寓,
,307,2000,2000.0,,,,,,2025-07-01,2025-08-01,续25年8月31日到期（1年）,7月租金1,明远公寓,
,308,1600,1750.0,,,,,,2025-07-15,2025-08-15,25年8月14日（1年）（324调房）,7月租金1,明远公寓,
,309,1900,,,,,,,2025-09-01,2026-09-01,续26年2月28日到期（1年）（减免1200）,7月租金1,明远公寓,
,310,1800,1800.0,,,,,,2025-07-12,2025-08-12,25年4月11日（6个月）,7月租金1,明远公寓,
,311,1800,1800.0,,,,,,2025-07-26,2025-08-26,续26年6月25日（1年减100）,7月租金1,明远公寓,
,312,1900,1900.0,,,,,,2025-07-22,2025-08-26,26年3月25日（1年）,7月租金1,明远公寓,
,313,1900,1900.0,,,,,,2025-07-22,2025-08-22,3月21日到期,7月租金1,明远公寓,
,314,1900,1900.0,,,,,,2025-07-23,2025-08-23,3月22日到期,7月租金1,明远公寓,
,315,1900,1900.0,,,,,,2025-07-25,2025-08-25,25年8月24日（6个月）,7月租金1,明远公寓,
,316,2000,,,2000.0,,,,2025-07-08,2026-07-08,退房,7月租金1,明远公寓,
,317,1900,1900.0,,,,,,2025-07-01,2025-08-01,25年5月31日（1年）,7月租金1,明远公寓,
,318,1800,1800.0,,,,,,2025-07-03,2025-08-03,25年12月3日（6个月）,7月租金1,明远公寓,
,319,1200,1200.0,,,,,,2025-07-15,2025-08-15,26年4月14日（1年）,7月租金1,明远公寓,
,320,2080,2080.0,,,,,,2025-07-26,2025-08-26,26年4月25日（1年）,7月租金1,明远公寓,
,321,2000,,,,,,,2025-09-25,2026-09-25,26年6月25日（1年）,7月租金1,明远公寓,
,322,2100,2100.0,,,,,,2025-07-03,2025-08-03,25年8月2日（6个月）,7月租金1,明远公寓,
,323,2150,2150.0,,,,,,2025-07-01,2025-08-01,25年7月30日（1年）,7月租金1,明远公寓,
,324,1500,1500.0,,,,,,2025-07-03,2025-08-03,26年3月2日（1年）,7月租金1,明远公寓,
,325,1800,1800.0,,,,,,2025-07-20,2025-08-20,25年12月19日（1年）,7月租金1,明远公寓,
,326,2000,1200.0,,,,,,2025-07-20,2025-08-20,续26年6月19日（1年）减800,7月租金1,明远公寓,
,327,2000,2000.0,,,,,,2025-07-26,2025-08-26,26年3月25日（1年）,7月租金1,明远公寓,
,328,2200,2200.0,,,,,,2025-07-10,2025-08-10,25年9月9日（3个月）,7月租金1,明远公寓,
,329,2200,2200.0,,,,,,2025-07-17,2025-08-17, ,7月租金1,明远公寓,
,331,1600,1600.0,,,,,,2025-07-20,2025-08-20,25年10月19日（1年）,7月租金1,明远公寓,
,332,1500,1400.0,,,,,,2025-07-15,2025-08-15,继1年减100 25年5月14日（没窗户）,7月租金1,明远公寓,
,333,2000,2000.0,,,,,,2025-07-24,2025-08-24,25年11月23日（6个月）,7月租金1,明远公寓,
,334,2000,2000.0,,,,,,2025-07-10,2025-08-10,26年3月9日（1年）,7月租金1,明远公寓,
,201,1880,1880.0,,,,,,2025-06-03,2025-07-03,25年9月2日（5个月）,6月租金1,明远公寓,2楼
,202,1850,1850.0,,,,,,2025-06-24,2025-07-24,25年4月23日（6个月）,6月租金1,明远公寓,
,203,1800,1800.0,,,,,,2025-06-09,2025-07-09,25年8月8日（6个月）,6月租金1,明远公寓,
,204,1800,1800.0,,,,,,2025-06-14,2025-07-14,25年1月18日（3个月）,6月租金1,明远公寓,
,205,1700,1700.0,,,,,,2025-06-24,2025-07-24,续25年10月23日（6个月）减50元,6月租金1,明远公寓,
,206,1800,1800.0,,,,,,2025-06-18,2025-07-18,续26年3月17日（1年）（减600）,6月租金1,明远公寓,
,207,1880,1880.0,,,,,,2025-06-23,2025-07-23,25年8月22日（1年）,6月租金1,明远公寓,
,208,1880,1880.0,,,,,,2025-06-04,2025-07-04,25年9月3日（1年）,6月租金1,明远公寓,
,209,1700,,,,,,,2025-11-18,2026-11-18,26年5月17日（1年）,6月租金1,明远公寓,
,210,1800,1800.0,,,,,,2025-06-20,2025-07-20,续26年3月19日（1年）,6月租金1,明远公寓,
,211,1750,1750.0,1750.0,1850.0,,,1750.0,2025-06-22,2025-07-22,26年6月21日（1年）,6月租金1,明远公寓,
,213,2280,2280.0,,,,,,2025-06-11,2025-07-11,25年8月10日（1年）,6月租金1,明远公寓,
,214,2000,2000.0,,,,,,2025-06-10,2025-07-10,26年3月9日（1年）,6月租金1,明远公寓,
,215,2100,2100.0,,,,,,2025-06-22,2025-07-22,25年7月21日（1年）,6月租金1,明远公寓,
,216,2150,2150.0,2150.0,1880.0,,,2150.0,2025-06-28,2026-06-28,26年6月28日（1年）,6月租金1,明远公寓,
,217,2000,,,,,,,2025-06-25,2026-06-25,25年6月24日（1年）,6月租金1,明远公寓,
,218,1700,1700.0,,,,,,2025-06-01,2025-07-01,26年2月28日（1年）,6月租金1,明远公寓,
,301,1800,1800.0,,,,,,2025-06-02,2025-07-02,25年1月1日（半年）,6月租金1,明远公寓,3楼
,302,1880,1880.0,,,,,,2025-06-06,2025-07-06,25年7月6日（3个月）,6月租金1,明远公寓,
,303,1600,1600.0,,,,,,2025-06-28,2026-06-28,25年11月28日（1年）,6月租金1,明远公寓,
,304,1800,1800.0,,,,,,2025-06-20,2025-07-20,续25年7月19日（1年）,6月租金1,明远公寓,
,305,1650,1650.0,,,,,,2025-06-22,2025-07-22,26年4月21日（1年）,6月租金1,明远公寓,
,306,1900,1900.0,,,,,,2025-06-01,2025-07-01,25年9月30日（5个月）,6月租金1,明远公寓,
,307,2000,2000.0,,,,,,2025-06-01,2025-07-01,续25年8月31日到期（1年）,6月租金1,明远公寓,
,308,1600,1750.0,,,,,,2025-06-15,2025-07-15,25年8月14日（1年）（324调房）,6月租金1,明远公寓,
,309,1900,,,,,,,2025-09-01,2026-09-01,续26年2月28日到期（1年）（减免1200）,6月租金1,明远公寓,
,310,1800,1800.0,,,,,,2025-06-12,2025-07-12,25年4月11日（6个月）,6月租金1,明远公寓,
,311,1800,1800.0,,,,,,2025-06-26,2025-07-26,续26年6月25日（1年减100）,6月租金1,明远公寓,
,312,1900,1900.0,,,,,,2025-06-26,2025-07-26,26年3月25日（1年）,6月租金1,明远公寓,
,313,1900,1900.0,,,,,,2025-06-22,2025-07-22,3月21日到期,6月租金1,明远公寓,
,314,1900,1900.0,,,,,,2025-06-23,2025-07-23,3月22日到期,6月租金1,明远公寓,
,315,1900,1900.0,,,,,,2025-06-25,2025-07-25,25年8月24日（6个月）,6月租金1,明远公寓,
,316,2000,2000.0,,,,,,2025-06-08,2025-07-08,25年7月7日（3个月）,6月租金1,明远公寓,
,317,1900,1900.0,,,,,,2025-06-01,2025-07-01,25年5月31日（1年）,6月租金1,明远公寓,
,318,1800,1800.0,1800.0,,,,900.0,2025-06-03,2025-07-03,25年12月3日（6个月）,6月租金1,明远公寓,
,319,1200,1200.0,,,,,600.0,2025-06-15,2026-06-15,26年4月14日（1年）,6月租金1,明远公寓,
,320,2080,2080.0,,,,,,2025-06-26,2025-07-26,26年4月25日（1年）,6月租金1,明远公寓,
,321,2000,6000.0,,333.0,,,2000.0,2025-06-26,2025-07-26,26年6月25日（1年）,6月租金1,明远公寓,
,322,2100,2100.0,,,,,,2025-06-03,2025-07-03,25年8月2日（6个月）,6月租金1,明远公寓,
,323,2150,2150.0,,,,,,2025-06-01,2025-07-01,25年7月30日（1年）,6月租金1,明远公寓,
,324,1500,1500.0,,,,,,2025-06-03,2025-07-03,26年3月2日（1年）,6月租金1,明远公寓,
,325,1800,1800.0,,,,,,2025-06-20,2025-07-20,25年12月19日（1年）,6月租金1,明远公寓,
,326,2000,2000.0,,,,,,2025-06-20,2025-07-20,25年6月19日（1年）,6月租金1,明远公寓,
,327,2000,2000.0,,,,,,2025-06-26,2025-07-26,26年3月25日（1年）,6月租金1,明远公寓,
,328,2200,2200.0,2200.0,,,,550.0,2025-06-10,2025-07-10,25年9月9日（3个月）,6月租金1,明远公寓,
,329,2200,2200.0,,,,,,2025-06-17,2025-07-17, ,6月租金1,明远公寓,
,330,1700,1700.0,,,,,,2025-06-25,2026-06-25,26年3月24日（1年）,6月租金1,明远公寓,
,331,1600,1600.0,,,,,,2025-06-20,2025-07-20,25年10月19日（1年）,6月租金1,明远公寓,
,332,1500,1400.0,,,,,,2025-06-15,2025-07-15,继1年减100 25年5月14日（没窗户）,6月租金1,明远公寓,
,333,2000,2000.0,,,,,,2025-06-24,2025-07-24,25年11月23日（6个月）,6月租金1,明远公寓,
,334,2000,2000.0,,,,,,2025-06-10,2025-07-10,26年3月9日（1年）,6月租金1,明远公寓,
,201,1880,1880.0,,,,,,2025-05-03,2025-06-03,25年9月2日（5个月）,5月租金,明远公寓,2楼
,202,1850,1850.0,,,,,,2025-05-24,2025-06-24,25年4月23日（6个月）,5月租金,明远公寓,
,203,1800,1800.0,,,,,,2025-05-09,2025-06-09,25年8月8日（6个月）,5月租金,明远公寓,
,204,1800,1800.0,,,,,,2025-05-14,2025-06-14,25年1月18日（3个月）,5月租金,明远公寓,
,205,1700,1700.0,,,,,,2025-05-24,2025-06-24,续25年10月23日（6个月）减50元,5月租金,明远公寓,
,206,1800,1800.0,,,,,,2025-05-18,2025-06-18,续26年3月17日（1年）（减600）,5月租金,明远公寓,
,207,1880,1880.0,,,,,,2025-05-23,2025-06-23,25年8月22日（1年）,5月租金,明远公寓,
,208,1880,1880.0,,,,,,2025-05-04,2025-06-04,25年9月3日（1年）,5月租金,明远公寓,
,209,1700,10200.0,1700.0,,,,1700.0,2025-05-18,2025-11-18,26年5月17日（1年）,5月租金,明远公寓,
,210,1800,1800.0,,,,,,2025-05-20,2025-06-20,续26年3月19日（1年）,5月租金,明远公寓,
,211,1850,1850.0,,,,,,2025-05-12,2025-06-12,26年6月11日（3个月）306调房,5月租金,明远公寓,
,212,2280,2280.0,,,,,,2025-05-26,2025-06-26,短租1个月,5月租金,明远公寓,
,213,2280,2280.0,,,,,,2025-05-11,2025-06-11,25年8月10日（1年）,5月租金,明远公寓,
,214,2000,2000.0,,,,,,2025-05-10,2025-06-10,26年3月9日（1年）,5月租金,明远公寓,
,215,2100,2100.0,,,,,,2025-05-22,2025-06-22,25年7月21日（1年）,5月租金,明远公寓,
,216,1880,2150.0,,,,,,2025-05-24,2025-06-24,25年6月23日（2个月）（209调房）,5月租金,明远公寓,
,217,2000,2000.0,,,,,,2025-05-25,2025-06-25,25年6月24日（1年）,5月租金,明远公寓,
,218,1700,1700.0,,,,,,2025-05-01,2025-06-01,26年2月28日（1年）,5月租金,明远公寓,
,301,1800,1800.0,,,,,,2025-05-02,2025-06-02,25年1月1日（半年）,5月租金,明远公寓,3楼
,302,1880,1880.0,,,,,,2025-05-06,2025-06-06,25年7月6日（3个月）,5月租金,明远公寓,
,303,1600,1600.0,,,,,,2025-05-28,2026-05-28,25年11月28日（1年）,5月租金,明远公寓,
,304,1800,1800.0,,,,,,2025-05-20,2025-06-20,续25年7月19日（1年）,5月租金,明远公寓,
,305,1650,1650.0,,,,,,2025-05-22,2026-05-22,26年4月21日（1年）,5月租金,明远公寓,
,306,1900,1900.0,1900.0,,,,,2025-05-01,2025-06-01,25年9月30日（5个月）,5月租金,明远公寓,
,307,2000,2000.0,,,,,,2025-05-01,2025-06-01,续25年8月31日到期（1年）,5月租金,明远公寓,
,308,1600,1750.0,,,,,,2025-05-15,2025-06-15,25年8月14日（1年）（324调房）,5月租金,明远公寓,
,309,1900,5700.0,,,,,,2025-06-01,2025-09-01,续26年2月28日到期（1年）（减免1200）,5月租金,明远公寓,
,310,1800,1800.0,,,,,,2025-05-12,2025-06-12,25年4月11日（6个月）,5月租金,明远公寓,
,311,1900,1900.0,,,,,,2025-05-26,2025-06-26,25年6月25日（1年）,5月租金,明远公寓,
,312,1900,1900.0,,,,,,2025-05-26,2025-06-26,26年3月25日（1年）,5月租金,明远公寓,
,313,1900,1900.0,,,,,,2025-05-22,2025-06-22,3月21日到期,5月租金,明远公寓,
,314,1900,1900.0,,,,,,2025-05-23,2025-06-23,3月22日到期,5月租金,明远公寓,
,315,1900,1900.0,,,,,,2025-05-25,2025-06-25,25年8月24日（6个月）,5月租金,明远公寓,
,316,2000,2000.0,,,,,,2025-05-08,2025-06-08,25年7月7日（3个月）,5月租金,明远公寓,
,317,1900,1900.0,,,,,,2025-05-01,2025-06-01,25年5月31日（1年）,5月租金,明远公寓,
,318,1750,,,1750.0,,,,2025-05-27,2026-05-27,退房,5月租金,明远公寓,
,319,600,1200.0,600.0,,,,600.0,2025-05-15,2025-06-15,26年4月14日（1年）,5月租金,明远公寓,
,320,2080,2080.0,,,,,,2025-05-26,2025-06-26,26年4月25日（1年）,5月租金,明远公寓,
,321,2000,,,,,,,2025-06-02,2026-06-02,25年9月1日（1年）,5月租金,明远公寓,
,322,2100,2100.0,,,,,,2025-05-03,2025-06-03,25年8月2日（6个月）,5月租金,明远公寓,
,323,2150,2150.0,,,,,,2025-05-01,2025-06-01,25年7月30日（1年）,5月租金,明远公寓,
,324,1500,1500.0,,,,,,2025-05-03,2025-06-03,26年3月2日（1年）,5月租金,明远公寓,
,325,1800,1800.0,,,,,,2025-05-20,2025-06-20,25年12月19日（1年）,5月租金,明远公寓,
,326,2000,2000.0,,,,,,2025-05-20,2025-06-20,25年6月19日（1年）,5月租金,明远公寓,
,327,2000,2000.0,,,,,,2025-05-26,2025-06-26,26年3月25日（1年）,5月租金,明远公寓,
,328,2080,,,2080.0,,,,2025-05-25,2026-05-25,退房,5月租金,明远公寓,
,329,2200,2200.0,,,,,,2025-05-17,2025-06-17, ,5月租金,明远公寓,
,330,1700,1700.0,,,,,,2025-05-25,2025-06-25,26年3月24日（1年）,5月租金,明远公寓,
,331,1600,1600.0,,,,,,2025-05-20,2025-06-20,25年10月19日（1年）,5月租金,明远公寓,
,332,1500,1400.0,,,,,,2025-05-15,2025-06-15,继1年减100 25年5月14日（没窗户）,5月租金,明远公寓,
,333,2000,2000.0,2000.0,,,,1000.0,2025-05-24,2025-06-24,25年11月23日（6个月）,5月租金,明远公寓,
,334,2000,2000.0,,,,,,2025-05-10,2025-06-10,26年3月9日（1年）,5月租金,明远公寓,
,201,1880,1880.0,1880.0,,,,783.0,2025-04-03,2025-05-03,25年9月2日（5个月）,4月租金,明远公寓,2楼
,202,1850,1850.0,,,,,,2025-04-24,2025-05-24,25年4月23日（6个月）,4月租金,明远公寓,
,203,1800,1800.0,,,,,,2025-04-09,2025-05-09,25年8月8日（6个月）,4月租金,明远公寓,
,204,1800,1800.0,,,,,,2025-04-14,2025-05-14,25年1月18日（3个月）,4月租金,明远公寓,
,205,1700,1700.0,,,,,,2025-04-23,2026-04-23,续25年10月23日（6个月）减50元,4月租金,明远公寓,
,206,1800,1800.0,,,,,,2025-04-18,2025-05-18,续26年3月17日（1年）（减600）,4月租金,明远公寓,
,207,1880,1880.0,,,,,,2025-04-23,2025-05-23,25年8月22日（1年）,4月租金,明远公寓,
,208,1880,1880.0,,,,,,2025-04-04,2025-05-04,25年9月3日（1年）,4月租金,明远公寓,
,210,1800,1800.0,,,,,,2025-04-20,2025-05-20,续26年3月19日（1年）,4月租金,明远公寓,
,211,1850,1850.0,,,,,,2025-04-12,2025-05-12,26年6月11日（3个月）306调房,4月租金,明远公寓,
,212,2000,2000.0,,,,,,2025-04-16,2025-05-16,25年7月15日（1年）,4月租金,明远公寓,
,213,2280,2280.0,,,,,,2025-04-11,2025-05-11,25年8月10日（1年）,4月租金,明远公寓,
,214,2000,2000.0,,,,,,2025-04-10,2025-05-10,26年3月9日（1年）,4月租金,明远公寓,
,215,2100,2100.0,,,,,,2025-04-22,2025-05-22,25年7月21日（1年）,4月租金,明远公寓,
,216,1880,2150.0,1880.0,,,,313.0,2025-04-24,2025-05-24,25年6月23日（2个月）（209调房）前客户退房,4月租金,明远公寓,
,217,2000,2000.0,,,,,,2025-04-25,2025-05-25,25年6月24日（1年）,4月租金,明远公寓,
,218,1700,1700.0,,,,,,2025-04-01,2025-05-01,26年2月28日（1年）,4月租金,明远公寓,
,301,1800,1800.0,,,,,,2025-04-02,2025-05-02,25年1月1日（半年）,4月租金,明远公寓,3楼
,302,1880,1880.0,1880.0,1800.0,,,470.0,2025-04-06,2025-05-06,25年7月6日（3个月）,4月租金,明远公寓,
,303,1600,1600.0,,,,,,2025-04-28,2026-04-28,25年11月28日（1年）,4月租金,明远公寓,
,304,1800,1800.0,,,,,,2025-04-20,2025-05-20,续25年7月19日（1年）,4月租金,明远公寓,
,305,1650,1650.0,,,,,,2025-04-22,2026-04-22,26年4月21日（1年）,4月租金,明远公寓,
,307,2000,2000.0,,,,,,2025-04-01,2025-05-01,续25年8月31日到期（1年）,4月租金,明远公寓,
,308,1600,1750.0,,,,,,2025-04-15,2025-05-15,25年8月14日（1年）（324调房）,4月租金,明远公寓,
,309,1900,,,,,,,2025-06-01,2026-06-01,续26年2月28日到期（1年）（减免1200）,4月租金,明远公寓,
,310,1800,1800.0,,,,,,2025-04-12,2025-05-12,25年4月11日（6个月）,4月租金,明远公寓,
,311,1900,1900.0,,,,,,2025-04-26,2025-05-26,25年6月25日（1年）,4月租金,明远公寓,
,312,1900,1900.0,,,,,,2025-04-26,2025-05-26,26年3月25日（1年）,4月租金,明远公寓,
,313,1900,1900.0,,,,,,2025-04-22,2025-05-22,3月21日到期,4月租金,明远公寓,
,314,1900,1900.0,,,,,,2025-04-23,2025-05-23,3月22日到期,4月租金,明远公寓,
,315,1900,1900.0,,,,,,2025-04-25,2025-05-25,25年8月24日（6个月）,4月租金,明远公寓,
,316,2000,2000.0,2000.0,,,,500.0,2025-04-08,2025-05-08,25年7月7日（3个月）,4月租金,明远公寓,
,317,1900,1900.0,,,,,,2025-04-01,2025-05-01,25年5月31日（1年）,4月租金,明远公寓,
,318,1750,,,,,,,2025-05-27,2026-05-27,25年5月26日（1年）,4月租金,明远公寓,
,319,,1200.0,,,,,,2025-04-15,2025-05-15,26年4月14日（1年）,4月租金,明远公寓,
,320,2080,2080.0,2080.0,2000.0,,,2080.0,2025-04-26,2025-05-26,26年4月25日（1年）,4月租金,明远公寓,
,321,2000,,,,,,,2025-06-02,2026-06-02,25年9月1日（1年）,4月租金,明远公寓,
,322,2100,2100.0,,,,,,2025-04-03,2025-05-03,25年8月2日（6个月）,4月租金,明远公寓,
,323,2150,2150.0,,,,,,2025-04-01,2025-05-01,25年7月30日（1年）,4月租金,明远公寓,
,324,1500,1500.0,,,,,,2025-04-03,2025-05-03,26年3月2日（1年）,4月租金,明远公寓,
,325,1800,1800.0,,,,,,2025-04-20,2025-05-20,25年12月19日（1年）,4月租金,明远公寓,
,326,2000,2000.0,,,,,,2025-04-20,2025-05-20,25年6月19日（1年）,4月租金,明远公寓,
,327,2000,2000.0,,,,,,2025-04-26,2025-05-26,26年3月25日（1年）,4月租金,明远公寓,
,328,2080,2080.0,,,,,,2025-04-25,2025-05-25,25年5月25日到期,4月租金,明远公寓,
,329,2200,2200.0,,,,,,2025-04-17,2025-05-17, ,4月租金,明远公寓,
,330,1700,1700.0,,,,,,2025-04-25,2025-05-25,26年3月24日（1年）,4月租金,明远公寓,
,331,1600,1600.0,,,,,,2025-04-20,2025-05-20,25年10月19日（1年）,4月租金,明远公寓,
,332,1500,1400.0,,,,,,2025-04-15,2025-05-15,继1年减100 25年5月14日（没窗户）,4月租金,明远公寓,
,334,2000,2000.0,,,,,,2025-04-10,2025-05-10,26年3月9日（1年）,4月租金,明远公寓,
,202,1850,1850.0,,,,,,2025-03-24,2025-04-24,25年4月23日（6个月）,3月租金,明远公寓,
,203,1800,1800.0,,,,,,2025-03-09,2025-04-09,25年8月8日（6个月）,3月租金,明远公寓,
,204,1800,1800.0,,,,,,2025-03-14,2025-04-14,25年1月18日（3个月）,3月租金,明远公寓,
,205,1750,1750.0,,,,,,2025-03-24,2025-04-23,25年4月23日（6个月）减50元,3月租金,明远公寓,
,206,1800,1200.0,,,,,,2025-03-18,2025-04-18,续26年3月17日（1年）（减600）,3月租金,明远公寓,
,207,1880,1880.0,,,,,,2025-03-23,2025-04-23,25年8月22日（1年）,3月租金,明远公寓,
,208,1880,1880.0,,,,,,2025-03-04,2025-04-04,25年9月3日（1年）,3月租金,明远公寓,
,209,1700,,,,,,,2024-04-26,2025-04-26,10月25日（减200）,3月租金,明远公寓,
,210,1800,1800.0,,,,,,2025-03-20,2025-04-20,续26年3月19日（1年）,3月租金,明远公寓,
,211,1700,1750.0,1700.0,,,,1700.0,2025-03-11,2025-04-11,26年3月10日（1年）（中间305调房）,3月租金,明远公寓,
,212,2000,2000.0,,,,,,2025-03-16,2025-04-16,25年7月15日（1年）,3月租金,明远公寓,
,213,2280,2280.0,,,,,,2025-03-11,2025-04-11,25年8月10日（1年）,3月租金,明远公寓,
,214,2000,2000.0,2000.0,,,,2000.0,2025-03-10,2025-04-10,26年3月9日（1年）,3月租金,明远公寓,
,215,2100,2100.0,,,,,,2025-03-22,2025-04-22,25年7月21日（1年）,3月租金,明远公寓,
,216,2150,2150.0,,,,,,2025-03-18,2025-04-18,26年1月17日（1年）,3月租金,明远公寓,
,217,2000,2000.0,,,,,,2025-03-25,2025-04-25,25年6月24日（1年）,3月租金,明远公寓,
,218,1700,,,,,,,2025-04-01,2026-04-01,26年2月28日（1年）,3月租金,明远公寓,
,301,1800,1800.0,,,,,,2025-03-02,2025-04-02,25年1月1日（半年）,3月租金,明远公寓,3楼
,302,1800,1800.0,,,,,,2025-03-01,2025-04-01,25年3月31号到期（1年）,3月租金,明远公寓,
,303,1600,1600.0,,,,,,2025-03-28,2025-04-28,25年11月28日（1年）,3月租金,明远公寓,
,304,1800,1800.0,,,,,,2025-03-20,2025-04-20,续25年7月19日（1年）,3月租金,明远公寓,
,305,1650,1650.0,1650.0,,,,,2025-03-22,2025-04-22,26年3月21日（1年）,3月租金,明远公寓,
,306,1850,1850.0,1850.0,,,,463.0,2025-03-12,2025-04-12,26年6月11日（3个月）,3月租金,明远公寓,
,307,2000,2000.0,,,,,,2025-03-01,2025-04-01,续25年8月31日到期（1年）,3月租金,明远公寓,
,308,1600,1750.0,,,,,,2025-03-15,2026-03-15,25年8月14日（1年）（324调房）,3月租金,明远公寓,
,309,1900,,,,,,,2025-06-01,2026-06-01,续26年2月28日到期（1年）（减免1200）,3月租金,明远公寓,
,310,1800,1800.0,,,,,,2025-03-12,2025-04-12,25年4月11日（6个月）,3月租金,明远公寓,
,311,1900,1900.0,,,,,,2025-03-26,2025-04-26,25年6月25日（1年）,3月租金,明远公寓,
,312,1900,3800.0,3800.0,,,,2850.0,2025-03-26,2025-04-26,26年3月25日（1年）前客户退房,3月租金,明远公寓,
,313,1900,1900.0,,,,,,2025-03-22,2025-04-22,3月21日到期,3月租金,明远公寓,
,314,1900,1900.0,,,,,,2025-03-23,2025-04-23,3月22日到期,3月租金,明远公寓,
,315,1900,1900.0,,,,,,2025-03-25,2025-04-25,25年8月24日（6个月）,3月租金,明远公寓,
,317,1900,1900.0,,,,,,2025-03-01,2025-04-01,25年5月31日（1年）,3月租金,明远公寓,
,318,1750,,,,,,,2025-05-27,2026-05-27,25年5月26日（1年）,3月租金,明远公寓,
,320,2000,,,,,,,2025-04-17,2026-04-17,25年4月16日（1年）,3月租金,明远公寓,
,321,2000,6000.0,,,,,,2025-06-02,2026-06-02,25年9月1日（1年）,3月租金,明远公寓,
,322,2100,2100.0,,,,,,2025-03-03,2025-04-03,25年8月2日（6个月）,3月租金,明远公寓,
,323,2150,2150.0,,,,,,2025-03-01,2025-04-01,25年7月30日（1年）,3月租金,明远公寓,
,324,1500,1500.0,,,,,1500.0,2025-03-03,2025-04-03,26年3月2日（1年）,3月租金,明远公寓,
,325,1800,1800.0,,,,,,2025-03-20,2025-04-20,25年12月19日（1年）,3月租金,明远公寓,
,326,2000,2000.0,,,,,,2025-03-20,2025-04-20,25年6月19日（1年）,3月租金,明远公寓,
,327,2000,2000.0,2000.0,,,,2000.0,2025-03-26,2025-04-26,26年3月25日（1年）,3月租金,明远公寓,
,328,920,2080.0,920.0,,,,347.0,2025-03-25,2025-04-25,25年5月25日到期（2个月）下月补押金1160,3月租金,明远公寓,
,329,2200,2200.0,,,,,,2025-03-17,2025-04-17, ,3月租金,明远公寓,
,330,1700,1700.0,1700.0,,,,1700.0,2025-03-25,2025-04-25,26年3月24日（1年）,3月租金,明远公寓,
,331,1600,1600.0,,,,,,2025-03-20,2025-04-20,25年10月19日（1年）,3月租金,明远公寓,
,332,1500,1400.0,,,,,,2025-03-15,2025-04-15,继1年减100 25年5月14日（没窗户）,3月租金,明远公寓,
,333,2080,2080.0,,,,,,2025-03-25,2025-04-25,24年10月24日（3个月）,3月租金,明远公寓,
,334,2000,,,,,,,2025-03-10,2025-04-10,26年3月9日（1年）,3月租金,明远公寓,
,201,1800,1800.0,,,,,,2025-02-24,2025-03-24,25年3月23日（1年）,2月租金,明远公寓,2楼
,202,1850,1850.0,,,,,,2025-02-24,2025-03-24,25年4月23日（6个月）,2月租金,明远公寓,
,203,1800,1800.0,,,,,,2025-02-09,2025-03-09,25年2月8日（6个月）,2月租金,明远公寓,
,204,1800,1800.0,,,,,,2025-02-14,2025-03-14,25年1月18日（3个月）,2月租金,明远公寓,
,205,1750,1750.0,,,,,,2025-02-24,2025-03-24,25年4月23日（6个月）减50元,2月租金,明远公寓,
,206,1800,1800.0,,,,,,2025-02-18,2025-03-18,25年3月17日（1年）,2月租金,明远公寓,
,207,1880,1880.0,,,,,,2025-02-23,2025-03-23,25年8月22日（1年）,2月租金,明远公寓,
,208,1880,1880.0,,,,,,2025-02-04,2025-03-04,25年9月3日（1年）,2月租金,明远公寓,
,209,1700,,,,,,,2024-04-26,2025-04-26,10月25日（减200）,2月租金,明远公寓,
,210,1800,1800.0,,,,,,2025-02-20,2025-03-20,25年3月19日（1年）,2月租金,明远公寓,
,211,1880,1880.0,,,,,,2025-02-10,2025-03-10,25年5月9日（1年）,2月租金,明远公寓,
,212,2000,2000.0,,,,,,2025-02-16,2025-03-16,25年7月15日（1年）,2月租金,明远公寓,
,213,2280,2280.0,,,,,,2025-02-11,2025-03-11,25年8月10日（1年）,2月租金,明远公寓,
,215,2100,2100.0,,,,,,2025-02-22,2025-03-22,25年7月21日（1年）,2月租金,明远公寓,
,216,2150,2150.0,,,,,,2025-02-18,2025-03-18,26年1月17日（1年）,2月租金,明远公寓,
,217,2000,2000.0,,,,,,2025-02-25,2025-03-25,25年6月24日（1年）,2月租金,明远公寓,
,218,1700,1700.0,,,,,1700.0,2025-03-01,2025-04-01,签到26年2月28日（1年）,2月租金,明远公寓,
,301,1800,1800.0,,,,,,2025-02-02,2025-03-02,25年1月1日（半年）,2月租金,明远公寓,3楼
,302,1800,1800.0,,,,,,2025-02-01,2025-03-01,25年3月31号到期（1年）,2月租金,明远公寓,
,303,1600,1600.0,,,,,,2025-01-29,2025-02-28,25年11月28日（1年）,2月租金,明远公寓,
,304,1800,1800.0,,,,,,2025-02-20,2025-03-20,续25年7月19日（1年）,2月租金,明远公寓,
,305,1700,,,1700.0,,,,2025-02-28,2026-02-28,退房,2月租金,明远公寓,
,307,2000,2000.0,,,,,,2025-02-01,2025-03-01,续25年8月31日到期（1年）,2月租金,明远公寓,
,309,1900,4500.0,,,,,,2024-03-01,2025-06-01,续26年2月28日到期（1年）（减免1200）,2月租金,明远公寓,
,310,1800,1800.0,,,,,,2025-02-12,2025-03-12,25年4月11日（6个月）,2月租金,明远公寓,
,311,1900,1900.0,,,,,,2025-02-26,2025-03-26,25年6月25日（1年）,2月租金,明远公寓,
,312,,,,,,,,2025-02-26,2026-02-26,退房,2月租金,明远公寓,
,313,1900,1900.0,,,,,,2025-02-22,2025-03-22,3月21日到期,2月租金,明远公寓,
,314,1900,1900.0,,,,,,2025-02-23,2025-03-23,3月22日到期,2月租金,明远公寓,
,315,1900,1900.0,1900.0,,,,950.0,2025-02-25,2025-03-25,签到25年8月24日（6个月）,2月租金,明远公寓,
,316,2080,2080.0,,,,,,2025-02-24,2025-03-24,25年10月23日（1年）,2月租金,明远公寓,
,317,1900,1900.0,,,,,,2025-02-01,2025-03-01,25年5月31日（1年）,2月租金,明远公寓,
,318,1750,5250.0,,,,,,2025-02-27,2025-05-27,25年5月26日（1年）,2月租金,明远公寓,
,319,1100,1100.0,,,,,,2025-02-12,2025-03-12,25年7月11日（1年）,2月租金,明远公寓,
,320,2000,,,,,,,2025-04-17,2026-04-17,25年4月16日（1年）,2月租金,明远公寓,
,321,2000,,,,,,,2024-03-02,2025-03-02,25年9月1日（1年）,2月租金,明远公寓,
,322,2100,2100.0,2100.0,,,,,2025-02-03,2025-03-03,新签到25年8月2日（6个月）,2月租金,明远公寓,
,323,2150,2150.0,,,,,,2025-02-01,2025-03-01,25年7月30日（1年）,2月租金,明远公寓,
,324,1600,1600.0,,,,,,2025-02-15,2025-03-15,25年8月14日（1年）,2月租金,明远公寓,
,325,1800,1800.0,,,,,,2025-02-20,2025-03-20,25年12月19日（1年）,2月租金,明远公寓,
,326,2000,2000.0,,,,,,2025-02-20,2025-03-20,25年6月19日（1年）,2月租金,明远公寓,
,329,2200,2200.0,,,,,,2025-02-17,2025-03-17, ,2月租金,明远公寓,
,331,1600,1600.0,,,,,,2025-02-20,2025-03-20,25年10月19日（1年）,2月租金,明远公寓,
,332,1500,1400.0,,,,,,2025-02-15,2025-03-15,继1年减100 25年5月14日（没窗户）,2月租金,明远公寓,
,333,2080,2080.0,,,,,,2025-02-25,2025-03-25,24年10月24日（3个月）,2月租金,明远公寓,
,334,2000,2000.0,,,,,2000.0,2025-03-10,2025-04-10,签到26年3月9日（1年）,2月租金,明远公寓,
,201,1800,1800.0,,,,,,2024-01-24,2025-02-24,25年3月23日（1年）,1月租金,明远公寓,2楼
,202,1850,1850.0,,,,,,2024-01-24,2025-02-24,25年4月23日（6个月）,1月租金,明远公寓,
,203,1800,1800.0,,,,,,2024-01-09,2025-02-09,25年2月8日（6个月）,1月租金,明远公寓,
,204,1800,1800.0,1800.0,1850.0,,,600.0,2024-01-19,2025-01-19,25年1月18日（3个月）,1月租金,明远公寓,
,205,1750,1750.0,,,,,,2024-01-24,2025-02-24,25年4月23日（6个月）减50元,1月租金,明远公寓,
,206,1800,1800.0,,,,,,2024-01-18,2025-02-18,25年3月17日（1年）,1月租金,明远公寓,
,207,1880,1880.0,,,,,,2024-01-23,2025-02-23,25年8月22日（1年）,1月租金,明远公寓,
,208,1880,1880.0,,,,,,2024-01-04,2024-02-04,25年9月3日（1年）,1月租金,明远公寓,
,209,1700,,,,,,,2024-04-26,2025-04-26,10月25日（减200）,1月租金,明远公寓,
,210,1800,1800.0,,,,,,2024-01-20,2025-02-20,25年3月19日（1年）,1月租金,明远公寓,
,211,1880,1880.0,,,,,,2024-01-10,2025-02-10,25年5月9日（1年）,1月租金,明远公寓,
,212,2000,2000.0,,,,,,2025-01-16,2025-02-16,25年7月15日（1年）,1月租金,明远公寓,
,213,2280,2280.0,,,,,,2024-01-11,2025-02-11,25年8月10日（1年）,1月租金,明远公寓,
,214,2150,2150.0,,,,,,2024-01-18,2025-02-18,25年5月17日（6个月）,1月租金,明远公寓,
,215,2100,2100.0,,,,,,2024-01-22,2025-02-22,25年7月21日（1年）,1月租金,明远公寓,
,216,2150,2150.0,2150.0,2280.0,,,,2025-01-18,2025-02-18,26年1月17日（1年）,1月租金,明远公寓,
,217,2000,2000.0,,,,,,2024-01-25,2025-02-25,25年6月24日（1年）,1月租金,明远公寓,
,301,1800,1800.0,,,,,,2024-01-02,2025-01-21,25年1月1日（半年）,1月租金,明远公寓,3楼
,302,1800,1800.0,,,,,,2024-01-01,2025-02-01,25年3月31号到期（1年）,1月租金,明远公寓,
,303,1600,1600.0,,,,,,2024-12-29,2025-01-29,25年11月28日（1年）,1月租金,明远公寓,
,304,1800,1800.0,,,,,,2024-01-20,2025-02-20,续25年7月19日（1年）,1月租金,明远公寓,
,305,1700,1700.0,,,,,,2024-01-28,2025-02-28,25年2月27日（半年）,1月租金,明远公寓,
,306,无押金,1800.0,,,,,,2024-01-01,2025-02-01,9月底（3个月）,1月租金,明远公寓,
,307,2000,2000.0,,,,,,2024-01-01,2024-02-01,续25年8月31日到期（1年）,1月租金,明远公寓,
,308,2000,,,,,,,2024-02-21,2025-02-21,续25年11月20日（1年）,1月租金,明远公寓,
,309,1900,,,,,,,2024-03-01,2025-03-01,续25年2月28日到期,1月租金,明远公寓,
,310,1800,1800.0,,,,,,2024-01-12,2025-02-12,25年4月11日（6个月）,1月租金,明远公寓,
,311,1900,1900.0,,,,,,2024-01-26,2025-02-26,25年6月25日（1年）,1月租金,明远公寓,
,312,1800,1800.0,,,,,,2024-01-26,2025-02-26,25年3月25日（1年）,1月租金,明远公寓,
,313,1900,1900.0,,,,,,2024-01-22,2025-02-22,3月21日到期,1月租金,明远公寓,
,314,1900,1900.0,,,,,,2024-01-23,2025-02-23,3月22日到期,1月租金,明远公寓,
,315,1950,,,1950.0,,,,2024-01-10,2025-01-10,退房,1月租金,明远公寓,
,316,2080,2080.0,,,,,,2024-01-24,2025-02-24,25年10月23日（1年）,1月租金,明远公寓,
,317,1900,1900.0,,,,,,2024-01-01,2025-02-01,25年5月31日（1年）,1月租金,明远公寓,
,318,1750,,,,,,,2024-02-27,2025-02-27,25年5月26日（1年）,1月租金,明远公寓,
,319,1100,300.0,,,,,,2024-01-12,2025-01-12,25年7月11日（1年）（216推荐费800）,1月租金,明远公寓,
,320,2000,6000.0,,,,,,2024-01-17,2025-04-17,25年4月16日（1年）,1月租金,明远公寓,
,321,2000,,,,,,,2024-03-02,2025-03-02,25年9月1日（1年）,1月租金,明远公寓,
,323,2150,2150.0,,,,,,2024-01-01,2025-02-01,25年7月30日（1年）,1月租金,明远公寓,
,324,1600,1600.0,,,,,,2024-01-15,2025-02-15,25年8月14日（1年）,1月租金,明远公寓,
,325,1800,1800.0,,,,,,2024-01-20,2025-02-20,25年12月19日（1年）,1月租金,明远公寓,
,326,2000,2000.0,,,,,,2024-01-20,2025-02-20,25年6月19日（1年）,1月租金,明远公寓,
,327,2200,2200.0,,,,,,2024-01-18,2025-02-18,续25年4月17日（6个月）,1月租金,明远公寓,
,328,2000,2000.0,,,,,,2024-01-29,2024-02-29,"25年6月28日（1年） [数据清洗:原始截止日期无法解析,已按+1个月估算]",1月租金,明远公寓,
,329,2200,2200.0,,,,,,2024-01-17,2025-02-17, ,1月租金,明远公寓,
,331,1600,1600.0,,,,,,2024-01-20,2025-02-20,25年10月19日（1年）,1月租金,明远公寓,
,332,1500,1400.0,,,,,,2024-01-15,2025-02-15,继1年减100 25年5月14日（没窗户）,1月租金,明远公寓,
,333,2080,2080.0,,,,,,2024-01-25,2025-02-25,24年10月24日（3个月）,1月租金,明远公寓,
,201,1800,1800.0,,,,,,2024-12-24,2025-01-24,25年3月23日（1年）,12月租金,明远公寓,2楼
,202,1850,1850.0,,,,,,2024-12-24,2025-01-24,25年4月23日（6个月）,12月租金,明远公寓,
,203,1800,1800.0,,,,,,2024-12-09,2025-01-09,25年2月8日（6个月）,12月租金,明远公寓,
,204,1850,1850.0,,,,,,2024-12-19,2025-01-19,25年1月18日（3个月）,12月租金,明远公寓,
,205,1750,1750.0,,,,,,2024-12-24,2025-01-24,25年4月23日（6个月）减50元,12月租金,明远公寓,
,206,1800,1800.0,,,,,,2024-12-18,2025-01-18,25年3月17日（1年）,12月租金,明远公寓,
,207,1880,1880.0,,,,,,2024-12-23,2025-01-23,25年8月22日（1年）,12月租金,明远公寓,
,208,1880,1880.0,,,,,,2024-12-04,2025-01-04,25年9月3日（1年）,12月租金,明远公寓,
,209,1700,,,,,,,2024-04-26,2025-04-26,10月25日（减200）,12月租金,明远公寓,
,210,1800,1800.0,,,,,,2024-12-20,2025-01-20,25年3月19日（1年）,12月租金,明远公寓,
,211,1880,1880.0,,,,,,2024-12-10,2025-01-10,25年5月9日（1年）,12月租金,明远公寓,
,212,2000,2000.0,,,,,,2024-12-16,2025-01-16,25年7月15日（1年）,12月租金,明远公寓,
,213,2280,2280.0,,,,,,2024-12-11,2025-01-11,25年8月10日（1年）,12月租金,明远公寓,
,214,2150,2150.0,,,,,,2024-12-18,2025-01-18,25年5月17日（6个月）,12月租金,明远公寓,
,215,2100,2100.0,,,,,,2024-12-22,2025-01-22,25年7月21日（1年）,12月租金,明远公寓,
,216,2280,2280.0,,,,,,2024-12-19,2025-01-19,25年1月18日（3个月）,12月租金,明远公寓,
,217,2000,2000.0,,,,,,2024-12-25,2025-01-25,25年6月24日（1年）,12月租金,明远公寓,
,218,1880,1880.0,,,,,,2024-12-20,2025-01-20,25年6月19日（1年）,12月租金,明远公寓,
,301,1800,1800.0,,,,,,2024-12-02,2025-01-02,25年1月1日（半年）,12月租金,明远公寓,3楼
,302,1800,1800.0,,,,,,2024-12-01,2025-01-01,25年3月31号到期（1年）,12月租金,明远公寓,
,303,1600,1600.0,,,,,,2024-11-29,2024-12-29,25年11月28日（1年）,12月租金,明远公寓,
,304,1800,1800.0,,,,,,2024-12-20,2025-01-20,续25年7月19日（1年）,12月租金,明远公寓,
,305,1700,1700.0,,,,,,2024-12-28,2025-01-28,25年2月27日（半年）,12月租金,明远公寓,
,306,无押金,1800.0,,,,,,2024-12-01,2025-01-01,9月底（3个月）,12月租金,明远公寓,
,307,2000,2000.0,,,,,,2024-12-01,2025-01-01,续25年8月31日到期（1年）,12月租金,明远公寓,
,308,2000,,,,,,,2024-02-21,2025-02-21,续25年11月20日（1年）,12月租金,明远公寓,
,309,1900,,,,,,,2024-03-01,2025-03-01,续25年2月28日到期,12月租金,明远公寓,
,310,1800,1800.0,,,,,,2024-12-12,2025-01-12,25年4月11日（6个月）,12月租金,明远公寓,
,311,1900,1900.0,,,,,,2024-12-26,2025-01-26,25年6月25日（1年）,12月租金,明远公寓,
,312,1800,1800.0,,,,,,2024-12-26,2025-01-26,25年3月25日（1年）,12月租金,明远公寓,
,313,1900,1900.0,,,,,,2024-12-22,2025-01-22,3月21日到期,12月租金,明远公寓,
,314,1900,1900.0,,,,,,2024-12-23,2025-02-23,3月22日到期,12月租金,明远公寓,
,315,1950,1950.0,,,,,,2024-12-10,2025-01-10,续签到1月9日（3个月）,12月租金,明远公寓,
,316,2080,2080.0,,,,,,2024-12-24,2025-01-24,25年10月23日（1年）,12月租金,明远公寓,
,317,1900,1900.0,,,,,,2024-12-01,2025-01-01,25年5月31日（1年）,12月租金,明远公寓,
,318,1750,,,,,,,2024-12-27,2025-02-27,25年5月26日（1年）,12月租金,明远公寓,
,319,1100,1100.0,,,,,,2024-12-12,2025-01-12,25年7月11日（1年）,12月租金,明远公寓,
,320,2000,,,,,,,2024-01-17,2025-01-17,25年4月16日（1年）,12月租金,明远公寓,
,321,2000,6000.0,,,,,,2024-12-02,2025-03-02,25年9月1日（1年）,12月租金,明远公寓,
,323,2150,2150.0,,,,,,2024-12-01,2025-01-01,25年7月30日（1年）,12月租金,明远公寓,
,324,1600,1600.0,,,,,,2024-12-15,2025-01-15,25年8月14日（1年）,12月租金,明远公寓,
,325,1800,1800.0,1800.0,,,,1800.0,2024-12-20,2025-01-20,签到25年12月19日（1年）,12月租金,明远公寓,
,326,2000,2000.0,,,,,,2024-12-20,2025-01-20,25年6月19日（1年）,12月租金,明远公寓,
,327,2200,2200.0,,,,,,2024-12-18,2025-01-18,续25年4月17日（6个月）,12月租金,明远公寓,
,328,2000,2000.0,,,,,,2024-12-29,2025-01-29,25年6月28日（1年）,12月租金,明远公寓,
,329,2200,2200.0,,,,,,2024-12-17,2025-01-17, ,12月租金,明远公寓,
,331,1600,1600.0,,,,,,2024-12-20,2025-01-20,25年10月19日（1年）,12月租金,明远公寓,
,332,1500,1400.0,,,,,,2024-12-15,2025-01-15,继1年减100 25年5月14日（没窗户）,12月租金,明远公寓,
,333,2080,2080.0,,,,,,2024-12-25,2025-01-25,24年10月24日（3个月）,12月租金,明远公寓,
,201,1800,1800.0,,,,,,2024-11-24,2024-12-24,25年3月23日（1年）,11月租金,明远公寓,2楼
,202,1850,1850.0,,,,,,2024-11-24,2024-12-24,25年4月23日（6个月）,11月租金,明远公寓,
,203,1800,1800.0,,,,,,2024-11-09,2024-12-09,25年2月8日（6个月）,11月租金,明远公寓,
,204,1850,1850.0,,,,,,2024-11-19,2024-12-19,25年1月18日（3个月）,11月租金,明远公寓,
,205,1750,1750.0,,,,,,2024-11-24,2024-12-24,25年4月23日（6个月）减50元,11月租金,明远公寓,
,206,1800,1800.0,,,,,,2024-11-18,2024-12-18,25年3月17日（1年）,11月租金,明远公寓,
,207,1880,1880.0,,,,,,2024-11-23,2024-12-23,25年8月22日（1年）,11月租金,明远公寓,
,208,1880,1880.0,,,,,,2024-11-04,2024-12-04,25年9月3日（1年）,11月租金,明远公寓,
,209,1700,,,,,,,2024-04-26,2025-04-26,10月25日（减200）,11月租金,明远公寓,
,210,1800,1800.0,,,,,,2024-11-20,2024-12-20,25年3月19日（1年）,11月租金,明远公寓,
,211,1880,1880.0,,,,,,2024-11-10,2024-12-10,25年5月9日（1年）,11月租金,明远公寓,
,212,2000,2000.0,,,,,,2024-11-16,2024-12-16,25年7月15日（1年）,11月租金,明远公寓,
,213,2280,2280.0,,,,,,2024-11-11,2024-12-11,25年8月10日（1年）,11月租金,明远公寓,
,214,2150,2150.0,2150.0,,,,1075.0,2024-11-18,2024-12-18,新签到25年5月17日（6个月）,11月租金,明远公寓,
,215,2100,2100.0,,,,,,2024-11-22,2024-12-22,25年7月21日（1年）,11月租金,明远公寓,
,216,2280,2280.0,,,,,,2024-11-19,2024-12-19,25年1月18日（3个月）,11月租金,明远公寓,
,217,2000,2000.0,,,,,,2024-11-25,2024-12-25,25年6月24日（1年）,11月租金,明远公寓,
,218,1880,1880.0,,,,,,2024-11-20,2024-12-20,25年6月19日（1年）,11月租金,明远公寓,
,301,1800,1800.0,,,,,,2024-11-02,2024-12-02,25年1月1日（半年）,11月租金,明远公寓,3楼
,302,1800,1800.0,,,,,,2024-11-01,2024-12-01,25年3月31号到期（1年）,11月租金,明远公寓,
,303,1600,,,,,,,2024-11-29,2025-11-29,25年11月28日（1年）,11月租金,明远公寓,
,304,1800,1800.0,,,,,,2024-11-20,2024-12-20,续25年7月19日（1年）续签福利减800头月,11月租金,明远公寓,
,305,1700,1700.0,,,,,,2024-11-28,2024-12-28,25年2月27日（半年）,11月租金,明远公寓,
,306,无押金,1800.0,,,,,,2024-11-01,2024-12-01,9月底（3个月）,11月租金,明远公寓,
,307,2000,2000.0,,,,,,2024-11-01,2024-12-01,续25年8月31日到期（1年）,11月租金,明远公寓,
,308,2000,6000.0,,,,,,2024-11-21,2025-02-21,续签到25年11月20日（1年）年租减100元,11月租金,明远公寓,
,309,1900,5700.0,,,,,,2024-12-01,2025-03-01,续25年2月28日到期,11月租金,明远公寓,
,310,1800,1800.0,,,,,,2024-11-12,2024-12-12,25年4月11日（6个月）,11月租金,明远公寓,
,311,1900,1900.0,,,,,,2024-11-26,2024-12-26,25年6月25日（1年）,11月租金,明远公寓,
,312,1800,1800.0,,,,,,2024-11-26,2024-12-26,25年3月25日（1年）,11月租金,明远公寓,
,313,1900,1900.0,,,,,,2024-11-22,2024-12-22,3月21日到期,11月租金,明远公寓,
,314,1900,1900.0,,,,,,2024-11-23,2024-12-23,3月22日到期,11月租金,明远公寓,
,315,1950,1950.0,,,,,,2024-11-10,2024-12-10,续签到1月9日（3个月）,11月租金,明远公寓,
,316,2080,2080.0,,,,,,2024-11-24,2024-12-24,25年10月23日（1年）,11月租金,明远公寓,
,317,1900,1900.0,,,,,,2024-11-01,2024-12-01,25年5月31日（1年）,11月租金,明远公寓,
,318,1750,5250.0,,,,,,2024-11-27,2025-02-27,25年5月26日（1年）,11月租金,明远公寓,
,319,1100,1100.0,,,,,,2024-11-12,2024-12-12,25年7月11日（1年）,11月租金,明远公寓,
,320,2000,,,,,,,2024-01-17,2025-01-17,25年4月16日（1年）,11月租金,明远公寓,
,321,2000,,,,,,,2024-12-02,2025-12-02,25年9月1日（1年）,11月租金,明远公寓,
,323,2150,2150.0,,,,,,2024-11-01,2024-12-01,25年7月30日（1年）,11月租金,明远公寓,
,324,1600,1600.0,,,,,,2024-11-15,2024-12-15,25年8月14日（1年）,11月租金,明远公寓,
,325,1800,1800.0,,,,,,2024-11-01,2024-12-01,25年8月31日（1年）,11月租金,明远公寓,
,326,2000,2000.0,,,,,,2024-11-20,2024-12-20,25年6月19日（1年）,11月租金,明远公寓,
,327,2200,2200.0,,,,,,2024-11-18,2024-12-18,续25年4月17日（6个月）,11月租金,明远公寓,
,328,2000,2000.0,,,,,,2024-11-29,2024-12-29,25年6月28日（1年）,11月租金,明远公寓,
,329,2200,2200.0,,,,,,2024-11-17,2024-12-17, ,11月租金,明远公寓,
,331,1600,1600.0,,,,,,2024-11-20,2024-12-20,25年10月19日（1年）,11月租金,明远公寓,
,332,1500,1400.0,,,,,,2024-11-15,2024-12-15,继1年减100 25年5月14日（没窗户）,11月租金,明远公寓,
,333,2080,2080.0,,,,,,2024-11-25,2024-12-25,24年10月24日（3个月）,11月租金,明远公寓,
,334,2100,,,,,,,2024-11-24,2025-11-24,退房,11月租金,明远公寓,
,201,1800,1800.0,,,,,,2024-10-24,2024-11-24,25年3月23日（1年）,10月租金,明远公寓,2楼
,202,1850,1850.0,1850.0,,,,,2024-10-24,2024-11-24,新签到25年4月23日（6个月）,10月租金,明远公寓,
,203,1800,1800.0,,,,,,2024-10-09,2024-11-09,25年2月8日（6个月）,10月租金,明远公寓,
,204,1850,1850.0,1850.0,,,,463.0,2024-10-19,2024-11-19,新签到25年1月18日（3个月）,10月租金,明远公寓,
,205,1750,1750.0,,,,,,2024-10-24,2024-11-24,续签到25年4月23日（6个月）减50元,10月租金,明远公寓,
,206,1800,1800.0,,,,,,2024-10-18,2024-11-18,25年3月17日（1年）,10月租金,明远公寓,
,207,1880,1880.0,,,,,,2024-10-23,2024-11-23,25年8月22日（1年）,10月租金,明远公寓,
,208,1880,1880.0,,,,,,2024-10-04,2024-11-04,25年9月3日（1年）,10月租金,明远公寓,
,209,1700,10200.0,,,,,,2024-10-26,2025-04-26,10月25日（减200）,10月租金,明远公寓,
,210,1800,1800.0,,,,,,2024-10-20,2024-11-20,25年3月19日（1年）,10月租金,明远公寓,
,211,1880,1880.0,,,,,,2024-10-10,2024-11-10,25年5月9日（1年）,10月租金,明远公寓,
,212,2000,2000.0,,,,,,2024-10-16,2024-11-16,25年7月15日（1年）,10月租金,明远公寓,
,213,2280,2280.0,,,,,,2024-10-11,2024-11-11,25年8月10日（1年）,10月租金,明远公寓,
,214,2200,2200.0,,,,,,2024-10-06,2024-11-06,25年8月5日（1年）,10月租金,明远公寓,
,215,2100,2100.0,,,,,,2024-10-22,2024-11-22,25年7月21日（1年）,10月租金,明远公寓,
,216,2280,2280.0,,2200.0,,,570.0,2024-10-19,2024-11-19,新签到25年1月18日（3个月）,10月租金,明远公寓,
,217,2000,2000.0,,,,,,2024-10-25,2024-11-25,25年6月24日（1年）,10月租金,明远公寓,
,218,1880,1880.0,,,,,,2024-10-20,2024-11-20,25年6月19日（1年）,10月租金,明远公寓,
,301,1800,1800.0,,,,,,2024-10-02,2024-11-02,25年1月1日（半年）,10月租金,明远公寓,3楼
,302,1800,1800.0,,,,,,2024-10-01,2024-11-01,25年3月31号到期（1年）,10月租金,明远公寓,
,303,1600,1600.0,1600.0,,,,1600.0,2024-10-29,2024-11-29,新签到25年11月28日（1年）,10月租金,明远公寓,
,304,1800,1800.0,,,,,,2024-10-20,2024-11-20,续25年7月19日（1年）续签福利减800头月,10月租金,明远公寓,
,305,1700,1700.0,,,,,,2024-10-28,2024-11-28,25年2月27日（半年）,10月租金,明远公寓,
,306,无押金,1800.0,,,,,,2024-10-01,2024-11-01,9月底（3个月）,10月租金,明远公寓,
,307,2000,2000.0,,,,,,2024-10-01,2024-11-01,续25年8月31日到期（1年）,10月租金,明远公寓,
,308,2100,,,,,,,2024-11-20,2025-11-20,前客户退租（三个月）,10月租金,明远公寓,
,309,1900,,,,,,,2024-09-01,2024-12-01,续25年2月28日到期,10月租金,明远公寓,
,310,1800,1800.0,1800.0,,,,,2024-10-12,2024-11-12,新签到25年4月11日（6个月）,10月租金,明远公寓,
,311,1900,1900.0,,,,,,2024-10-26,2024-11-26,25年6月25日（1年）,10月租金,明远公寓,
,312,1800,1800.0,,,,,,2024-10-26,2024-11-26,25年3月25日（1年）,10月租金,明远公寓,
,313,1900,1900.0,,,,,,2024-10-22,2024-11-22,3月21日到期,10月租金,明远公寓,
,314,1900,1900.0,,,,,,2024-10-23,2024-11-23,3月22日到期,10月租金,明远公寓,
,315,1950,1950.0,,,,,,2024-10-10,2024-11-10,续签到1月9日（3个月）,10月租金,明远公寓,
,316,2080,2080.0,2080.0,2000.0,,,2080.0,2024-10-24,2024-11-24,新签到25年10月23日（1年）,10月租金,明远公寓,
,317,1900,1900.0,,,,,,2024-10-01,2024-11-01,25年5月31日（1年）,10月租金,明远公寓,
,318,1750,,,,,,,2024-11-27,2025-11-27,25年5月26日（1年）,10月租金,明远公寓,
,319,1100,1100.0,,,,,,2024-10-12,2024-11-12,25年7月11日（1年）,10月租金,明远公寓,
,320,2000,6000.0,,,,,,2024-10-17,2025-01-17,25年4月16日（1年）,10月租金,明远公寓,
,321,2000,,,,,,,2024-09-02,2024-12-02,25年9月1日（1年）,10月租金,明远公寓,
,322,2150,2150.0,,,,,,2024-10-01,2024-11-01,24年10月31日（6个月）,10月租金,明远公寓,
,323,2150,2150.0,,,,,,2024-10-01,2024-11-01,25年7月30日（1年）,10月租金,明远公寓,
,324,1600,1600.0,,,,,,2024-10-15,2024-11-15,25年8月14日（1年）,10月租金,明远公寓,
,325,1800,1800.0,,,,,,2024-10-01,2024-11-01,25年8月31日（1年）,10月租金,明远公寓,
,326,2000,2000.0,,,,,,2024-10-20,2024-11-20,25年6月19日（1年）,10月租金,明远公寓,
,327,2200,2200.0,,,,,,2024-10-18,2024-11-18,续签到25年4月17日（6个月）,10月租金,明远公寓,
,328,2000,2000.0,,,,,,2024-10-29,2024-11-29,25年6月28日（1年）,10月租金,明远公寓,
,329,2200,2200.0,,,,,,2024-10-17,2024-11-17, ,10月租金,明远公寓,
,330,500,1800.0,500.0,,,,,2024-10-07,2024-11-07,12月6日到期（2个月）,10月租金,明远公寓,
,331,1600,1600.0,1600.0,,,,1600.0,2024-10-20,2024-11-20,新签到25年10月19日（1年）,10月租金,明远公寓,
,332,1500,1400.0,,,,,,2024-10-15,2024-11-15,继1年减100 25年5月14日（没窗户）,10月租金,明远公寓,
,333,2080,2080.0,,,,,,2024-10-25,2024-11-25,24年10月24日（3个月）,10月租金,明远公寓,
,334,2100,2100.0,,,,,,2024-10-24,2025-10-24,25年5月23日（1年）,10月租金,明远公寓,
,201,1800,1800.0,,,,,,2024-09-24,2024-10-24,25年3月23日（1年）,9月租金 ,明远公寓,2楼
,202,1800,1800.0,,,,,,2024-09-25,2024-10-25,25年3月24号到期（1年）,9月租金 ,明远公寓,
,203,1800,1800.0,,,,,,2024-09-09,2024-10-09,25年2月8日（6个月）,9月租金 ,明远公寓,
,205,2000,1800.0,,,,,,2024-09-24,2024-10-24,10月23日（6个月）,9月租金 ,明远公寓,
,206,1800,1800.0,,,,,,2024-09-18,2024-10-18,25年3月17日（1年）,9月租金 ,明远公寓,
,207,1880,1880.0,,,,,,2024-09-23,2024-10-23,25年8月22日（1年）,9月租金 ,明远公寓,
,208,1880,1880.0,1880.0,,,,1880.0,2024-09-04,2024-10-04,新签到25年9月3日（1年）,9月租金 ,明远公寓,
,209,1700,,,,,,,2024-10-26,2025-10-26,10月25日（减200）,9月租金 ,明远公寓,
,210,1800,1800.0,,,,,,2024-09-20,2024-10-20,25年3月19日（1年）,9月租金 ,明远公寓,
,211,1880,1880.0,,,,,,2024-09-10,2024-10-10,25年5月9日（1年）,9月租金 ,明远公寓,
,212,2000,2000.0,,,,,,2024-09-16,2024-10-16,25年7月15日（1年）,9月租金 ,明远公寓,
,213,2280,2280.0,,,,,,2024-09-11,2024-10-11,25年8月10日（1年）,9月租金 ,明远公寓,
,214,2200,2200.0,,,,,,2024-09-06,2024-10-06,25年8月5日（1年）,9月租金 ,明远公寓,
,215,2100,2100.0,,,,,,2024-09-22,2024-10-22,25年7月21日（1年）,9月租金 ,明远公寓,
,216,2200,2200.0,,,,,,2024-09-01,2024-10-01,9月30日（3个月）,9月租金 ,明远公寓,
,217,2000,2000.0,,,,,,2024-09-25,2024-10-25,25年6月24日（1年）,9月租金 ,明远公寓,
,218,1880,1880.0,,,,,,2024-09-20,2024-10-20,25年6月19日（1年）,9月租金 ,明远公寓,
,301,1800,1800.0,,,,,,2024-09-02,2024-10-02,25年1月1日（半年）,9月租金 ,明远公寓,3楼
,302,1800,1800.0,,,,,,2024-09-01,2024-10-01,25年3月31号到期（1年）,9月租金 ,明远公寓,
,304,1800,1800.0,,,,,,2024-09-20,2024-10-20,续25年7月19日（1年）续签福利减800头月,9月租金 ,明远公寓,
,305,1700,1700.0,,,,,,2024-09-28,2024-10-28,25年2月27日（半年）,9月租金 ,明远公寓,
,306,无押金,1800.0,,,,,,2024-09-01,2024-10-01,9月底（3个月）,9月租金 ,明远公寓,
,307,2000,2000.0,,,,,,2024-09-01,2024-10-01,续25年8月31日到期,9月租金 ,明远公寓,
,308,2100,,,,,,,2024-11-20,2025-11-20,前客户退租（三个月）,9月租金 ,明远公寓,
,309,1900,,,,,,,2024-09-01,2024-12-01,续25年2月28日到期,9月租金 ,明远公寓,
,310,1850,1850.0,,1850.0,,,,2024-09-10,2024-10-10,退房,9月租金 ,明远公寓,
,311,1900,1900.0,,,,,,2024-09-26,2024-10-26,25年6月25日（1年）,9月租金 ,明远公寓,
,312,1800,1800.0,,,,,,2024-09-26,2024-10-26,25年3月25日（1年）,9月租金 ,明远公寓,
,313,1900,1900.0,,,,,,2024-09-22,2024-10-22,3月21日到期,9月租金 ,明远公寓,
,314,1900,1900.0,,,,,,2024-09-23,2024-10-23,3月22日到期,9月租金 ,明远公寓,
,315,1950,1950.0,,,,,,2024-09-10,2024-10-10,10月9日（6个月）,9月租金 ,明远公寓,
,316,2000,2000.0,,,,,,2024-09-10,2024-10-10,10月9日（5个月）,9月租金 ,明远公寓,
,317,1900,1900.0,,,,,,2024-09-01,2024-10-01,25年5月31日（1年）,9月租金 ,明远公寓,
,318,1750,,,,,,,2024-11-27,2025-11-27,25年5月26日（1年）,9月租金 ,明远公寓,
,319,1100,1100.0,,,,,,2024-09-12,2024-10-12,25年7月11日（1年）,9月租金 ,明远公寓,
,320,2000,,,,,,,2024-07-17,2024-10-17,25年4月16日（1年）,9月租金 ,明远公寓,
,321,2000,6000.0,2000.0,,,,,2024-09-02,2024-12-02,新签到25年9月1日（1年）,9月租金 ,明远公寓,
,322,2150,2150.0,,,,,,2024-09-01,2024-10-01,24年10月31日（6个月）,9月租金 ,明远公寓,
,323,2150,2150.0,,,,,,2024-09-01,2024-10-01,25年7月30日（1年）,9月租金 ,明远公寓,
,324,1600,1600.0,,,,,,2024-09-15,2024-10-15,25年8月14日（1年）,9月租金 ,明远公寓,
,325,1800,1800.0,1800.0,,,,1800.0,2024-09-01,2024-10-01,新签到25年8月31日（1年）,9月租金 ,明远公寓,
,326,2000,2000.0,,,,,,2024-09-20,2024-10-20,25年6月19日（1年）,9月租金 ,明远公寓,
,327,2200,2200.0,,,,,,2024-09-18,2024-10-18,10月17日到期,9月租金 ,明远公寓,
,328,2000,2000.0,,,,,,2024-09-29,2024-10-29,25年6月28日（1年）,9月租金 ,明远公寓,
,329,2200,2200.0,,,,,,2024-09-17,2024-10-17,3月16日到期,9月租金 ,明远公寓,
,332,1500,1400.0,,,,,,2024-09-15,2024-10-15,继1年减100 25年5月14日（没窗户）,9月租金 ,明远公寓,
,333,2080,2080.0,,,,,,2024-09-25,2024-10-25,24年10月24日（3个月）,9月租金 ,明远公寓,
,334,2100,2100.0,,,,,,2024-09-24,2024-10-24,25年5月23日（1年）,9月租金 ,明远公寓,
,201,1800,1800.0,,,,,,2024-08-24,2024-09-24,25年3月23日（1年）,8月租金,明远公寓,2楼
,202,1800,1800.0,,,,,,2024-08-25,2024-09-25,25年3月24号到期（1年）,8月租金,明远公寓,
,203,1800,1800.0,1800.0,,,,,2024-08-09,2024-09-09,新签到25年2月8日（6个月）,8月租金,明远公寓,
,204,1700,,,,,,,2024-03-18,2024-09-18,25年3月17日（1年）,8月租金,明远公寓,
,205,2000,1800.0,,,,,,2024-08-24,2024-09-24,10月23日（6个月）,8月租金,明远公寓,
,206,1800,1800.0,,,,,,2024-08-18,2024-09-18,25年3月17日（1年）,8月租金,明远公寓,
,207,1880,1880.0,1880.0,,,,1880.0,2024-08-23,2024-09-23,新签到25年8月22日（1年）前退房,8月租金,明远公寓,
,208,1880,1880.0,,,,,,2024-08-03,2024-09-03,25年6月2日（1年）,8月租金,明远公寓,
,209,1700,,,,,,,2024-04-26,2024-10-26,10月25日（减200）,8月租金,明远公寓,
,210,1800,1800.0,,,,,,2024-08-20,2024-09-20,25年3月19日（1年）,8月租金,明远公寓,
,211,1880,1880.0,,,,,,2024-08-10,2024-09-10,25年5月9日（1年）,8月租金,明远公寓,
,212,2000,2000.0,,,,,,2024-08-16,2024-09-16,25年7月15日（1年）,8月租金,明远公寓,
,213,2280,2280.0,2280.0,2200.0,,,2280.0,2024-08-11,2024-09-11,签到25年8月10日（1年）,8月租金,明远公寓,
,214,2200,2200.0,2200.0,,,,2200.0,2024-08-06,2024-09-06,新签到25年8月5日（1年）,8月租金,明远公寓,
,215,2100,2100.0,,,,,,2024-08-22,2024-09-22,25年7月21日（1年）,8月租金,明远公寓,
,216,2200,2200.0,,,,,,2024-08-01,2024-09-01,9月30日（3个月）,8月租金,明远公寓,
,217,2000,2000.0,,,,,,2024-08-25,2024-09-25,25年6月24日（1年）,8月租金,明远公寓,
,218,1880,1880.0,,,,,,2024-08-20,2024-09-20,25年6月19日（1年）,8月租金,明远公寓,
,301,1800,1800.0,,,,,,2024-08-02,2024-09-02,25年1月1日（半年）,8月租金,明远公寓,3楼
,302,1800,1800.0,,,,,,2024-08-01,2024-09-01,25年3月31号到期（1年）,8月租金,明远公寓,
,303,1600,1600.0,,,,,,2024-08-13,2024-09-13,25年7月12日（1年）,8月租金,明远公寓,
,304,1800,1800.0,,,,,,2024-08-20,2024-09-20,续25年7月19日（1年）续签福利减800头月,8月租金,明远公寓,
,305,1700,1700.0,,,,,,2024-08-28,2024-09-28,续签到25年2月27日（半年）,8月租金,明远公寓,
,306,无押金,1800.0,,,,,,2024-08-01,2024-09-01,9月底（3个月）,8月租金,明远公寓,
,307,2000,,,,,,,2024-08-01,2024-09-01,8月31日到期,8月租金,明远公寓,
,308,2100,6300.0,2100.0,,,,525.0,2024-08-21,2024-11-20,前客户退租（三个月）,8月租金,明远公寓,
,309,1900,5700.0,,,,,,2024-09-01,2024-12-01,续25年2月28日到期,8月租金,明远公寓,
,310,1850,1850.0,,,,,,2024-08-10,2024-09-10,没签合同前房东熟人,8月租金,明远公寓,
,311,1900,1900.0,,,,,,2024-08-26,2024-09-26,25年6月25日（1年）,8月租金,明远公寓,
,312,1800,1800.0,,,,,,2024-08-26,2024-09-26,25年3月25日（1年）,8月租金,明远公寓,
,313,1900,1900.0,,,,,,2024-08-22,2024-09-22,3月21日到期,8月租金,明远公寓,
,314,1900,1900.0,,,,,,2024-08-23,2024-09-23,3月22日到期,8月租金,明远公寓,
,315,1950,1950.0,,,,,,2024-08-10,2024-09-10,10月9日（6个月）,8月租金,明远公寓,
,316,2000,,,,,,,2024-07-10,2024-09-10,10月9日（5个月）,8月租金,明远公寓,
,317,1900,1900.0,,,,,,2024-08-01,2024-09-01,25年5月31日（1年）,8月租金,明远公寓,
,318,1750,5250.0,,,,,,2024-08-27,2024-11-27,25年5月26日（1年）,8月租金,明远公寓,
,319,1100,1100.0,,,,,,2024-08-12,2024-09-12,25年7月11日（1年）,8月租金,明远公寓,
,320,2000,,,,,,,2024-07-17,2024-10-17,25年4月16日（1年）,8月租金,明远公寓,
,322,2150,2150.0,,,,,,2024-08-01,2024-09-01,24年10月31日（6个月）,8月租金,明远公寓,
,323,2150,2150.0,2150.0,,,,,2024-08-01,2024-09-01,签到25年7月30日（1年）,8月租金,明远公寓,
,324,1600,1600.0,1600.0,100.0,,,,2024-08-15,2024-09-15,前租客退房新签到25年8月14日（1年）,8月租金,明远公寓,
,326,2000,2000.0,,,,,,2024-08-20,2024-09-20,25年6月19日（1年）,8月租金,明远公寓,
,327,2200,2200.0,,,,,,2024-08-18,2024-09-18,10月17日到期,8月租金,明远公寓,
,328,2000,2000.0,,,,,,2024-08-29,2024-09-29,25年6月28日（1年）,8月租金,明远公寓,
,329,2200,2200.0,,,,,,2024-08-17,2024-09-17,3月16日到期,8月租金,明远公寓,
,330,无押金,1700.0,,,,,,2024-08-12,2024-09-12,“神经病”继续住没有押金,8月租金,明远公寓,
,331,1600,1600.0,,,,,,2024-08-30,2024-09-30,1月27号到期,8月租金,明远公寓,
,332,1500,1400.0,,,,,,2024-08-15,2024-09-15,继1年减100 25年5月14日（没窗户）,8月租金,明远公寓,
,333,2080,2080.0,,,,,,2024-08-25,2024-09-25,24年10月24日（3个月）,8月租金,明远公寓,
,334,2100,2100.0,,,,,,2024-08-24,2024-09-24,25年5月23日（1年）,8月租金,明远公寓,
,201,1800,1800.0,,,,,,2024-07-24,2024-08-24,新签到25年3月23日（1年）,7月租金,明远公寓,2楼
,202,1800,1800.0,,,,,,2024-07-25,2024-08-25,续签25年3月24号到期（1年）,7月租金,明远公寓,
,204,1700,,,,,,,2024-03-18,2024-09-18,新签到25年3月17日（1年）,7月租金,明远公寓,
,205,2000,1800.0,,,,,,2024-07-24,2024-08-24,10月23日（6个月）,7月租金,明远公寓,
,206,1800,1800.0,,,,,,2024-07-18,2024-08-18,新签到25年3月17日（1年）,7月租金,明远公寓,
,207,1800,1800.0,,,,,,2024-07-20,2024-08-20,新签到25年7月19日（1年）,7月租金,明远公寓,
,208,1880,1880.0,,,,,,2024-07-03,2024-08-03,新签到25年6月2日（1年）,7月租金,明远公寓,
,209,1700,,,,,,,2024-04-26,2024-10-26,续签租期到10月25日（减200）,7月租金,明远公寓,
,210,1800,1800.0,,,,,,2024-07-20,2024-08-20,新签到25年3月19日（1年）,7月租金,明远公寓,
,211,1880,1880.0,,,,,,2024-07-10,2024-08-10,新签到25年5月9日（1年）,7月租金,明远公寓,
,212,2000,2000.0,,2500.0,,,,2024-07-16,2024-08-16,新签到25年7月15日（1年）（前客户退房）,7月租金,明远公寓,
,213,2200,,,,,,,2024-06-04,2024-08-04,8月3日到期,7月租金,明远公寓,
,214,2050,,,2050.0,,,,2024-07-19,2025-07-19,退房,7月租金,明远公寓,
,215,2100,2100.0,,,,,1400.0,2024-07-22,2024-08-22,新签到25年7月21日（1年）（前客户退房）,7月租金,明远公寓,
,216,2200,,,,,,,2024-07-01,2024-08-01,新签到9月30日（3个月）,7月租金,明远公寓,
,217,2000,2000.0,,,,,,2024-07-25,2024-08-25,新签到25年6月24日（1年）,7月租金,明远公寓,
,218,1880,1880.0,,,,,,2024-07-20,2024-08-20,新签到25年6月19日（1年）,7月租金,明远公寓,
,301,1800,1800.0,,,,,,2024-07-02,2024-08-02,续签25年1月1日（半年）,7月租金,明远公寓,3楼
,302,1800,1800.0,,,,,,2024-07-01,2024-08-01,新签到25年3月31号到期（1年）,7月租金,明远公寓,
,303,1600,1600.0,,,,,1600.0,2024-07-13,2024-08-13,新签到25年7月12日（1年）,7月租金,明远公寓,
,304,1800,1000.0,,,,,,2024-07-20,2024-08-20,续签到25年7月19日（1年）续签福利减800头月,7月租金,明远公寓,
,305,1700,1700.0,,,,,,2024-07-28,2024-08-28,8月27日到期,7月租金,明远公寓,
,306,无押金,1800.0,,,,,,2024-07-01,2024-08-01,新签到9月底（3个月）,7月租金,明远公寓,
,307,2000,2000.0,,,,,,2024-08-01,2024-09-01,8月31日到期,7月租金,明远公寓,
,308,1900,1900.0,,2100.0,,,1900.0,2024-07-10,2024-08-10,新签到25年7月9日（1年）,7月租金,明远公寓,
,309,1900,,,,,,,2024-06-01,2024-09-01,续签25年2月28日到期,7月租金,明远公寓,
,310,1850,1850.0,,,,,,2024-07-10,2024-08-10,没签合同前房东熟人,7月租金,明远公寓,
,311,1900,1900.0,,,,,,2024-07-26,2024-08-26,新签到25年6月25日（1年）,7月租金,明远公寓,
,312,1800,1800.0,,,,,,2024-07-26,2024-08-26,新签到25年3月25日（1年）,7月租金,明远公寓,
,313,1900,1900.0,,,,,,2024-07-22,2024-08-22,3月21日到期,7月租金,明远公寓,
,314,1900,1900.0,,,,,,2024-07-23,2024-08-23,3月22日到期,7月租金,明远公寓,
,315,1950,1950.0,,,,,,2024-07-10,2024-08-10,10月9日（6个月）,7月租金,明远公寓,
,316,2000,4000.0,,,,,,2024-07-10,2024-09-10,10月9日（5个月）,7月租金,明远公寓,
,317,1900,1900.0,,,,,,2024-07-01,2024-08-01,新签到25年5月31日（1年）,7月租金,明远公寓,
,318,1750,,,,,,,2024-05-27,2024-08-27,新签到25年5月26日（1年）,7月租金,明远公寓,
,319,1100,1100.0,,,,,1100.0,2024-07-12,2024-08-12,新签到25年7月11日（1年）,7月租金,明远公寓,
,320,2000,6000.0,,,,,,2024-07-17,2024-10-17,新签到25年4月16日（1年）,7月租金,明远公寓,
,321,1900,,,,,,,2024-05-24,2024-08-23,（新入住3个月付清）,7月租金,明远公寓,
,322,2150,2150.0,,,,,,2024-07-01,2024-08-01,新签到24年10月31日（6个月）,7月租金,明远公寓,
,323,2200,2200.0,,2200.0,,,,2024-07-03,2024-08-03,退房,7月租金,明远公寓,
,324,1800,1700.0,,1700.0,,,1700.0,2024-07-07,2024-08-07,新签到25年7月6日（1年）从203调324房,7月租金,明远公寓,
,325,1800,1800.0,,,,,,2024-07-14,2024-08-14,新签到25年4月13日（1年）,7月租金,明远公寓,
,326,2000,2000.0,,,,,,2024-07-20,2024-08-20,新签到25年6月19日（1年）,7月租金,明远公寓,
,327,2200,2200.0,,,,,,2024-07-18,2024-08-18,10月17日到期,7月租金,明远公寓,
,328,2000,2000.0,,,,,,2024-07-29,2024-08-29,新签到25年6月28日（1年）,7月租金,明远公寓,
,329,2200,2200.0,,,,,,2024-07-17,2024-08-17,3月16日到期,7月租金,明远公寓,
,330,无押金,1700.0,,,,,,2024-07-12,2024-08-12,“神经病”继续住没有押金,7月租金,明远公寓,
,331,1600,1600.0,,,,,,2024-07-30,2024-08-30,1月27号到期,7月租金,明远公寓,
,332,1500,1400.0,,,,,,2024-07-15,2024-08-15,继续租1年减100 25年5月14日（没窗户）,7月租金,明远公寓,
,333,2080,2080.0,,,,,520.0,2024-07-25,2024-08-25,新签到24年10月24日（3个月）,7月租金,明远公寓,
,334,2100,2100.0,,,,,,2024-07-24,2024-08-24,新签到25年5月23日（1年）,7月租金,明远公寓,
,201,1800,1800.0,,,,,,2024-06-24,2024-07-24,新签到25年3月23日（1年）,6月租金,明远公寓,2楼
,202,1800,1800.0,,,,,,2024-06-25,2024-07-25,续签25年3月24号到期（1年）,6月租金,明远公寓,
,204,1700,,,,,,,2024-03-18,2024-09-18,新签到25年3月17日（1年）,6月租金,明远公寓,
,205,2000,1800.0,,,,,,2024-06-24,2024-07-24,10月23日（6个月）,6月租金,明远公寓,
,206,1800,1800.0,,,,,,2024-06-18,2024-07-18,新签到25年3月17日（1年）,6月租金,明远公寓,
,207,空,,,,,,,2024-06-16,2025-06-16,退房,6月租金,明远公寓,
,208,1880,1880.0,,,,,1880.0,2024-06-03,2024-07-03,新签到25年6月2日（1年）,6月租金,明远公寓,
,209,1700,,,,,,,2024-04-26,2024-10-26,续签租期到10月25日（减200）,6月租金,明远公寓,
,210,1800,1800.0,,,,,,2024-06-20,2024-07-20,新签到25年3月19日（1年）,6月租金,明远公寓,
,211,1880,1880.0,,,,,,2024-06-10,2024-07-10,新签到25年5月9日（1年）,6月租金,明远公寓,
,212,2500,5300.0,,,,,,2024-06-01,2024-07-01,健身房三间,6月租金,明远公寓,
,213,2200,4400.0,,,,,,2024-06-04,2024-08-04,8月3日到期,6月租金,明远公寓,
,214,2050,2050.0,,,,,,2024-06-19,2024-07-19,5月18日到期,6月租金,明远公寓,
,215,2000,2000.0,,,,,,2024-06-22,2024-07-22,新签租期到25年5月21日（1年）,6月租金,明远公寓,
,216,2200,2200.0,,,,,550.0,2024-07-01,2024-08-01,新签到9月30日（3个月）,6月租金,明远公寓,
,217,2000,2000.0,,1880.0,,,2000.0,2024-06-25,2024-07-25,新签到25年6月24日（1年）,6月租金,明远公寓,
,218,1880,1880.0,,,,,1880.0,2024-06-20,2024-07-20,新签到25年6月19日（1年）,6月租金,明远公寓,
,301,1800,1800.0,,,,,,2024-06-02,2024-07-02,7月1日到期,6月租金,明远公寓,3楼
,302,1800,1800.0,,,,,,2024-06-01,2024-07-01,新签到25年3月31号到期（1年）,6月租金,明远公寓,
,303,空,,,1600.0,,,,2024-06-03,2025-06-03,到期退房,6月租金,明远公寓,
,304,1800,1800.0,,,,,,2024-06-20,2024-07-20,7月19日到期,6月租金,明远公寓,
,305,1700,1700.0,,,,,,2024-06-28,2024-07-28,8月27日到期,6月租金,明远公寓,
,307,2000,2000.0,,,,,,2024-07-01,2024-08-01,8月31日到期,6月租金,明远公寓,
,308,2100,1025.0,,,,,,2024-06-20,2024-07-05,到期继续住3个月减租金50（再住15天）,6月租金,明远公寓,
,309,1900,,,,,,,2024-06-01,2024-09-01,续签25年2月28日到期,6月租金,明远公寓,
,310,1850,1850.0,,,,,,2024-06-10,2024-07-10,没签合同前房东熟人,6月租金,明远公寓,
,311,1900,1900.0,,,,,1900.0,2024-06-26,2024-07-26,新签到25年6月25日（1年）,6月租金,明远公寓,
,312,1800,1800.0,,,,,,2024-06-26,2024-07-26,新签到25年3月25日（1年）,6月租金,明远公寓,
,313,1900,1900.0,,,,,,2024-06-22,2024-07-22,3月21日到期,6月租金,明远公寓,
,314,1900,1900.0,,,,,,2024-06-23,2024-07-23,3月22日到期,6月租金,明远公寓,
,315,1950,1950.0,,,,,,2024-06-10,2024-07-10,10月9日（6个月）,6月租金,明远公寓,
,316,2000,,,,,,,2024-05-10,2024-07-10,10月9日（5个月）,6月租金,明远公寓,
,317,1900,1900.0,,,,,300.0,2024-06-01,2024-07-01,新签到25年5月31日（1年）,6月租金,明远公寓,
,318,1750,,,,,,,2024-05-27,2024-08-27,新签到25年5月26日（1年）,6月租金,明远公寓,
,319,1300,1300.0,,,,,,2024-06-08,2024-07-07,前租客退房（租一个月）,6月租金,明远公寓,
,320,2000,,,,,,,2024-04-17,2024-07-17,新签到25年4月16日（1年）,6月租金,明远公寓,
,321,1900,,,,,,,2024-05-24,2024-08-23,（新入住3个月付清）,6月租金,明远公寓,
,322,2150,2150.0,,,,,,2024-06-01,2024-07-01,新签到24年10月31日（6个月）,6月租金,明远公寓,
,323,2200,,,,,,,2024-04-04,2024-07-03,新签25年7月3日（3个月）,6月租金,明远公寓,
,324,1700,1700.0,,,,,,2024-06-17,2024-07-17,7月16日（3个月）,6月租金,明远公寓,
,325,1800,1800.0,,,,,,2024-06-14,2024-07-14,新签到25年4月13日（1年）,6月租金,明远公寓,
,326,2000,2000.0,,,,,2000.0,2024-06-20,2024-07-20,前客户退房新签到25年6月19日（1年）,6月租金,明远公寓,
,327,2200,2200.0,,,,,,2024-06-18,2024-07-18,10月17日到期,6月租金,明远公寓,
,328,2000,2000.0,,,,,2000.0,2024-06-29,2024-07-29,新签到25年6月28日（1年）,6月租金,明远公寓,
,329,2200,2200.0,,,,,,2024-06-17,2024-07-17,3月16日到期,6月租金,明远公寓,
,330,1700,1700.0,,,,,,2024-05-12,2024-07-12,押金用完再住一个月,6月租金,明远公寓,
,331,1600,1600.0,,,,,,2024-06-30,2024-07-30,1月27号到期,6月租金,明远公寓,
,332,1500,1400.0,,,,,,2024-06-15,2024-07-15,继续租1年减100 25年5月14日（没窗户）,6月租金,明远公寓,
,334,2100,2100.0,,,,,,2024-06-24,2024-07-24,新签到25年5月23日（1年）,6月租金,明远公寓,
